"F:/Unreal Projects/DDay_bp/EternalTroops.uproject" 1
"../../../Engine/Plugins/BlueprintFileUtils/BlueprintFileUtils.uplugin" 2
"../../../Engine/Plugins/MeshPainting/MeshPainting.uplugin" 3
"../../../Engine/Plugins/RenderGraphInsights/RenderGraphInsights.uplugin" 4
"../../../Engine/Plugins/FastBuildController/FastBuildController.uplugin" 5
"../../../Engine/Plugins/JsonBlueprintUtilities/JsonBlueprintUtilities.uplugin" 6
"../../../Engine/Plugins/AudioGameplay/AudioGameplay.uplugin" 7
"../../../Engine/Plugins/AudioGameplayVolume/AudioGameplayVolume.uplugin" 8
"../../../Engine/Plugins/ScriptPlugin/ScriptPlugin.uplugin" 9
"../../../Engine/Plugins/TraceUtilities/TraceUtilities.uplugin" 10
"../../../Engine/Plugins/VRM4U/VRM4U.uplugin" 11
"../../../Engine/Plugins/AI/EnvironmentQueryEditor/EnvironmentQueryEditor.uplugin" 12
"../../../Engine/Plugins/EnhancedInput/EnhancedInput.uplugin" 13
"../../../Engine/Plugins/AI/MassAI/MassAI.uplugin" 14
"../../../Engine/Plugins/MemoryUsageQueries/MemoryUsageQueries.uplugin" 15
"../../../Engine/Plugins/XGEController/XGEController.uplugin" 16
"../../../Engine/Plugins/Bridge/Bridge.uplugin" 17
"../../../Engine/Plugins/AI/AISupport/AISupport.uplugin" 18
"../../../Engine/Plugins/AI/MassCrowd/MassCrowd.uplugin" 19
"../../../Engine/Plugins/Experimental/AnimNext/AnimNext.uplugin" 20
"../../../Engine/Plugins/AI/HTNPlanner/HTNPlanner.uplugin" 21
"../../../Engine/Plugins/Experimental/AbilitySystemGameFeatureActions/AbilitySystemGameFeatureActions.uplugin" 22
"../../../Engine/Plugins/AI/MLAdapter/MLAdapter.uplugin" 23
"../../../Engine/Plugins/Experimental/AppleVision/AppleVision.uplugin" 24
"../../../Engine/Plugins/Experimental/ActorPalette/ActorPalette.uplugin" 25
"../../../Engine/Plugins/Experimental/AutomationUtils/AutomationUtils.uplugin" 26
"../../../Engine/Plugins/Experimental/AssetPlacementEdMode/AssetPlacementEdMode.uplugin" 27
"../../../Engine/Plugins/Experimental/ChaosCloth/ChaosCloth.uplugin" 28
"../../../Engine/Plugins/Experimental/ChaosCaching/ChaosCaching.uplugin" 29
"../../../Engine/Plugins/LightWeightInstancesEditor/LightWeightInstancesEditor.uplugin" 30
"../../../Engine/Plugins/Experimental/BlueprintSnapNodes/BlueprintSnapNodes.uplugin" 31
"../../../Engine/Plugins/Experimental/BackChannel/BackChannel.uplugin" 32
"../../../Engine/Plugins/Experimental/ChaosClothEditor/ChaosClothEditor.uplugin" 33
"../../../Engine/Plugins/Experimental/ChaosEditor/ChaosEditor.uplugin" 34
"../../../Engine/Plugins/Experimental/ChaosNiagara/ChaosNiagara.uplugin" 35
"../../../Engine/Plugins/Experimental/ChaosClothAssetEditor/ChaosClothAssetEditor.uplugin" 36
"../../../Engine/Plugins/Experimental/ChaosClothAsset/ChaosClothAsset.uplugin" 37
"../../../Engine/Plugins/Experimental/ChaosFlesh/ChaosFlesh.uplugin" 38
"../../../Engine/Plugins/Experimental/ChaosSolverPlugin/ChaosSolverPlugin.uplugin" 39
"../../../Engine/Plugins/Experimental/ChaosUserDataPT/ChaosUserDataPT.uplugin" 40
"../../../Engine/Plugins/Experimental/Chooser/Chooser.uplugin" 41
"../../../Engine/Plugins/Experimental/CharacterAI/CharacterAI.uplugin" 42
"../../../Engine/Plugins/Experimental/ChaosVehiclesPlugin/ChaosVehiclesPlugin.uplugin" 43
"../../../Engine/Plugins/Experimental/BlueprintStats/BlueprintStats.uplugin" 44
"../../../Engine/Plugins/Experimental/CommonConversation/CommonConversation.uplugin" 45
"../../../Engine/Plugins/Experimental/ColorCorrectRegions/ColorCorrectRegions.uplugin" 46
"../../../Engine/Plugins/Experimental/CinematicPrestreaming/CinematicPrestreaming.uplugin" 47
"../../../Engine/Plugins/Experimental/CommonUI/CommonUI.uplugin" 48
"../../../Engine/Plugins/Experimental/CodeEditor/CodeEditor.uplugin" 49
"../../../Engine/Plugins/Experimental/Dataflow/Dataflow.uplugin" 50
"../../../Engine/Plugins/Experimental/CineCameraRigs/CineCameraRigs.uplugin" 51
"../../../Engine/Plugins/Experimental/CodeView/CodeView.uplugin" 52
"../../../Engine/Plugins/Experimental/Fracture/Fracture.uplugin" 53
"../../../Engine/Plugins/Experimental/DefaultInstallBundleManager/DefaultInstallBundleManager.uplugin" 54
"../../../Engine/Plugins/Experimental/FullBodyIK/FullBodyIK.uplugin" 55
"../../../Engine/Plugins/Experimental/GameFeatures/GameFeatures.uplugin" 56
"../../../Engine/Plugins/Experimental/FieldSystemPlugin/FieldSystemPlugin.uplugin" 57
"../../../Engine/Plugins/Experimental/GeometryCacheAbcFile/GeometryCacheAbcFile.uplugin" 58
"../../../Engine/Plugins/Experimental/GeometryCollectionPlugin/GeometryCollectionPlugin.uplugin" 59
"../../../Engine/Plugins/Experimental/Gauntlet/Gauntlet.uplugin" 60
"../../../Engine/Plugins/Experimental/GPULightmass/GPULightmass.uplugin" 61
"../../../Engine/Plugins/Experimental/GameplayBehaviors/GameplayBehaviors.uplugin" 62
"../../../Engine/Plugins/Experimental/GeometryFlow/GeometryFlow.uplugin" 63
"../../../Engine/Plugins/Experimental/GizmoEdMode/GizmoEdMode.uplugin" 64
"../../../Engine/Plugins/Experimental/ControlFlows/ControlFlows.uplugin" 65
"../../../Engine/Plugins/Experimental/GizmoFramework/GizmoFramework.uplugin" 66
"../../../Engine/Plugins/Experimental/GeometryScripting/GeometryScripting.uplugin" 67
"../../../Engine/Plugins/Experimental/ImagePlate/ImagePlate.uplugin" 68
"../../../Engine/Plugins/Experimental/ImpostorBaker/ImpostorBaker.uplugin" 69
"../../../Engine/Plugins/Experimental/Iris/Iris.uplugin" 70
"../../../Engine/Plugins/Experimental/HairModelingToolset/HairModelingToolset.uplugin" 71
"../../../Engine/Plugins/Experimental/Landmass/Landmass.uplugin" 72
"../../../Engine/Plugins/Experimental/JWT/JWT.uplugin" 73
"../../../Engine/Plugins/Experimental/LiveLinkControlRig/LiveLinkControlRig.uplugin" 74
"../../../Engine/Plugins/Experimental/LandscapePatch/LandscapePatch.uplugin" 75
"../../../Engine/Plugins/Experimental/LiveLinkFaceImporter/LiveLinkFaceImporter.uplugin" 76
"../../../Engine/Plugins/Experimental/ModularGameplay/ModularGameplay.uplugin" 77
"../../../Engine/Plugins/Experimental/GameplayTargetingSystem/TargetingSystem.uplugin" 78
"../../../Engine/Plugins/Experimental/MeshModelingToolsetExp/MeshModelingToolsetExp.uplugin" 79
"../../../Engine/Plugins/Experimental/MeshLODToolset/MeshLODToolset.uplugin" 80
"../../../Engine/Plugins/Experimental/Mutable/Mutable.uplugin" 81
"../../../Engine/Plugins/Experimental/NNE/NNE.uplugin" 82
"../../../Engine/Plugins/Experimental/NNI/NeuralNetworkInference.uplugin" 83
"../../../Engine/Plugins/Experimental/MotoSynth/MotoSynth.uplugin" 84
"../../../Engine/Plugins/Experimental/NaniteDisplacedMesh/NaniteDisplacedMesh.uplugin" 85
"../../../Engine/Plugins/Experimental/OpenImageDenoise/OpenImageDenoise.uplugin" 86
"../../../Engine/Plugins/Experimental/OptiXDenoise/OptiXDenoise.uplugin" 87
"../../../Engine/Plugins/Experimental/PanoramicCapture/PanoramicCapture.uplugin" 88
"../../../Engine/Plugins/Experimental/PCG/PCG.uplugin" 89
"../../../Engine/Plugins/Experimental/PCGGeometryScriptInterop/PCGGeometryScriptInterop.uplugin" 90
"../../../Engine/Plugins/Experimental/MotorSimOutputMotoSynth/MotorSimOutputMotoSynth.uplugin" 91
"../../../Engine/Plugins/Experimental/PixelStreamingPlayer/PixelStreamingPlayer.uplugin" 92
"../../../Engine/Plugins/Experimental/ProxyLODPlugin/ProxyLODPlugin.uplugin" 93
"../../../Engine/Plugins/Experimental/PlanarCutPlugin/PlanarCut.uplugin" 94
"../../../Engine/Plugins/Experimental/PlatformCrypto/PlatformCrypto.uplugin" 95
"../../../Engine/Plugins/Experimental/PythonFoundationPackages/PythonFoundationPackages.uplugin" 96
"../../../Engine/Plugins/Experimental/RawInput/RawInput.uplugin" 97
"../../../Engine/Plugins/Experimental/RemoteSession/RemoteSession.uplugin" 98
"../../../Engine/Plugins/Experimental/PythonScriptPlugin/PythonScriptPlugin.uplugin" 99
"../../../Engine/Plugins/Experimental/RenderGrid/RenderGrid.uplugin" 100
"../../../Engine/Plugins/Experimental/ScriptableToolsEditorMode/ScriptableToolsEditorMode.uplugin" 101
"../../../Engine/Plugins/Experimental/ScriptableToolsFramework/ScriptableToolsFramework.uplugin" 102
"../../../Engine/Plugins/Experimental/SimpleHMD/SimpleHMD.uplugin" 103
"../../../Engine/Plugins/Experimental/SampleToolsEditorMode/SampleToolsEditorMode.uplugin" 104
"../../../Engine/Plugins/Experimental/PhysicsControl/PhysicsControl.uplugin" 105
"../../../Engine/Plugins/Experimental/Shotgrid/Shotgrid.uplugin" 106
"../../../Engine/Plugins/Experimental/SkeletalReduction/SkeletalReduction.uplugin" 107
"../../../Engine/Plugins/Experimental/StaticMeshEditorModeling/StaticMeshEditorModeling.uplugin" 108
"../../../Engine/Plugins/Experimental/SlateScreenReader/SlateScreenReader.uplugin" 109
"../../../Engine/Plugins/Experimental/TetMeshing/TetMeshing.uplugin" 110
"../../../Engine/Plugins/Experimental/Text3D/Text3D.uplugin" 111
"../../../Engine/Plugins/Experimental/VirtualCamera/VirtualCamera.uplugin" 112
"../../../Engine/Plugins/Experimental/StructUtils/StructUtils.uplugin" 113
"../../../Engine/Plugins/Experimental/TextToSpeech/TextToSpeech.uplugin" 114
"../../../Engine/Plugins/Experimental/ScreenReader/ScreenReader.uplugin" 115
"../../../Engine/Plugins/Experimental/UserToolBoxBasicCommand/UserToolBoxBasicCommand.uplugin" 116
"../../../Engine/Plugins/Experimental/UIFramework/UIFramework.uplugin" 117
"../../../Engine/Plugins/Experimental/ToolPresets/ToolPresets.uplugin" 118
"../../../Engine/Plugins/Experimental/UserToolBoxCore/UserToolBoxCore.uplugin" 119
"../../../Engine/Plugins/Experimental/UVEditor/UVEditor.uplugin" 120
"../../../Engine/Plugins/Experimental/TypedElementsDataStorage/TypedElementsDataStorage.uplugin" 121
"../../../Engine/Plugins/Experimental/VirtualCameraCore/VirtualCameraCore.uplugin" 122
"../../../Engine/Plugins/Experimental/VirtualHeightfieldMesh/VirtualHeightfieldMesh.uplugin" 123
"../../../Engine/Plugins/Experimental/VirtualProductionUtilities/VirtualProductionUtilities.uplugin" 124
"../../../Engine/Plugins/Experimental/VirtualScouting/VirtualScouting.uplugin" 125
"../../../Engine/Plugins/Experimental/Water/Water.uplugin" 126
"../../../Engine/Plugins/Experimental/WaveFunctionCollapse/WaveFunctionCollapse.uplugin" 127
"../../../Engine/Plugins/Experimental/WaterExtras/WaterExtras.uplugin" 128
"../../../Engine/Plugins/Experimental/Volumetrics/Volumetrics.uplugin" 129
"../../../Engine/Plugins/Experimental/WebSocketNetworking/WebSocketNetworking.uplugin" 130
"../../../Engine/Plugins/Experimental/WidgetEditorToolPalette/WidgetEditorToolPalette.uplugin" 131
"../../../Engine/Plugins/Experimental/XRCreativeFramework/XRCreativeFramework.uplugin" 132
"../../../Engine/Plugins/Animation/AnimationData/AnimationData.uplugin" 133
"../../../Engine/Plugins/Animation/AnimationModifierLibrary/AnimationModifierLibrary.uplugin" 134
"../../../Engine/Plugins/Animation/AnimationWarping/AnimationWarping.uplugin" 135
"../../../Engine/Plugins/Animation/AnimationLocomotionLibrary/AnimationLocomotionLibrary.uplugin" 136
"../../../Engine/Plugins/Experimental/TextureMediaPlayer/TextureMediaPlayer.uplugin" 137
"../../../Engine/Plugins/Animation/AnimToTexture/AnimToTexture.uplugin" 138
"../../../Engine/Plugins/Animation/BlendSpaceMotionAnalysis/BlendSpaceMotionAnalysis.uplugin" 139
"../../../Engine/Plugins/Animation/ControlRigSpline/ControlRigSpline.uplugin" 140
"../../../Engine/Plugins/Animation/DeformerGraph/DeformerGraph.uplugin" 141
"../../../Engine/Plugins/Animation/GameplayInsights/GameplayInsights.uplugin" 142
"../../../Engine/Plugins/Animation/IKRig/IKRig.uplugin" 143
"../../../Engine/Plugins/Animation/LiveLink/LiveLink.uplugin" 144
"../../../Engine/Plugins/Animation/MotionWarping/MotionWarping.uplugin" 145
"../../../Engine/Plugins/Animation/ControlRig/ControlRig.uplugin" 146
"../../../Engine/Plugins/Messaging/TcpMessaging/TcpMessaging.uplugin" 147
"../../../Engine/Plugins/Animation/RigLogic/RigLogic.uplugin" 148
"../../../Engine/Plugins/Messaging/MessagingDebugger/MessagingDebugger.uplugin" 149
"../../../Engine/Plugins/Enterprise/AxFImporter/AxFImporter.uplugin" 150
"../../../Engine/Plugins/Enterprise/DataprepEditor/DataprepEditor.uplugin" 151
"../../../Engine/Plugins/Animation/LiveLinkCurveDebugUI/LiveLinkCurveDebugUI.uplugin" 152
"../../../Engine/Plugins/Enterprise/DatasmithC4DImporter/DatasmithC4DImporter.uplugin" 153
"../../../Engine/Plugins/Enterprise/DatasmithContent/DatasmithContent.uplugin" 154
"../../../Engine/Plugins/Enterprise/DatasmithGLTFImporter/DatasmithGLTFImporter.uplugin" 155
"../../../Engine/Plugins/Enterprise/DatasmithCADImporter/DatasmithCADImporter.uplugin" 156
"../../../Engine/Plugins/Enterprise/DatasmithIFCImporter/DatasmithIFCImporter.uplugin" 157
"../../../Engine/Plugins/Enterprise/DatasmithImporter/DatasmithImporter.uplugin" 158
"../../../Engine/Plugins/Enterprise/DatasmithFBXImporter/DatasmithFBXImporter.uplugin" 159
"../../../Engine/Plugins/Enterprise/LidarPointCloud/LidarPointCloud.uplugin" 160
"../../../Engine/Plugins/Enterprise/GLTFExporter/GLTFExporter.uplugin" 161
"../../../Engine/Plugins/Enterprise/MDLImporter/MDLImporter.uplugin" 162
"../../../Engine/Plugins/Enterprise/VariantManager/VariantManager.uplugin" 163
"../../../Engine/Plugins/Enterprise/VariantManagerContent/VariantManagerContent.uplugin" 164
"../../../Engine/Plugins/Interchange/Runtime/Interchange.uplugin" 165
"../../../Engine/Plugins/NetcodeUnitTest/NetcodeUnitTest/NetcodeUnitTest.uplugin" 166
"../../../Engine/Plugins/Portal/LauncherChunkInstaller/LauncherChunkInstaller.uplugin" 167
"../../../Engine/Plugins/Interchange/Editor/InterchangeEditor.uplugin" 168
"../../../Engine/Plugins/MovieScene/ActorSequence/ActorSequence.uplugin" 169
"../../../Engine/Plugins/NetcodeUnitTest/NUTUnrealEngine/NUTUnrealEngine.uplugin" 170
"../../../Engine/Plugins/MovieScene/LevelSequenceEditor/LevelSequenceEditor.uplugin" 171
"../../../Engine/Plugins/MovieScene/MovieRenderPipeline/MovieRenderPipeline.uplugin" 172
"../../../Engine/Plugins/MovieScene/CustomizableSequencerTracks/CustomizableSequencerTracks.uplugin" 173
"../../../Engine/Plugins/MovieScene/MoviePipelineMaskRenderPass/MoviePipelineMaskRenderPass.uplugin" 174
"../../../Engine/Plugins/MovieScene/ReplayTracks/ReplayTracks.uplugin" 175
"../../../Engine/Plugins/Messaging/UdpMessaging/UdpMessaging.uplugin" 176
"../../../Engine/Plugins/MovieScene/TemplateSequence/TemplateSequence.uplugin" 177
"../../../Engine/Plugins/MovieScene/SequencerScripting/SequencerScripting.uplugin" 178
"../../../Engine/Plugins/Web/HttpBlueprint/HttpBlueprint.uplugin" 179
"../../../Engine/Plugins/Cameras/CameraShakePreviewer/CameraShakePreviewer.uplugin" 180
"../../../Engine/Plugins/Importers/USDImporter/USDImporter.uplugin" 181
"../../../Engine/Plugins/Cameras/GameplayCameras/GameplayCameras.uplugin" 182
"../../../Engine/Plugins/Importers/USDMultiUser/USDMultiUser.uplugin" 183
"../../../Engine/Plugins/Importers/AlembicImporter/AlembicImporter.uplugin" 184
"../../../Engine/Plugins/Compositing/Composure/Composure.uplugin" 185
"../../../Engine/Plugins/Compositing/OpenColorIO/OpenColorIO.uplugin" 186
"../../../Engine/Plugins/Compositing/OpenCVLensDistortion/OpenCVLensDistortion.uplugin" 187
"../../../Engine/Plugins/FX/Niagara/Niagara.uplugin" 188
"../../../Engine/Plugins/FX/CascadeToNiagaraConverter/CascadeToNiagaraConverter.uplugin" 189
"../../../Engine/Plugins/Compositing/LensDistortion/LensDistortion.uplugin" 190
"../../../Engine/Plugins/Importers/AlembicHairImporter/AlembicHairImporter.uplugin" 191
"../../../Engine/Plugins/FX/NiagaraFluids/NiagaraFluids.uplugin" 192
"../../../Engine/Plugins/FX/NiagaraSimCaching/NiagaraSimCaching.uplugin" 193
"../../../Engine/Plugins/Protocols/MQTT/MQTT.uplugin" 194
"../../../Engine/Plugins/FX/ExampleCustomDataInterface/ExampleCustomDataInterface.uplugin" 195
"../../../Engine/Plugins/VirtualProduction/CameraCalibration/CameraCalibration.uplugin" 196
"../../../Engine/Plugins/VirtualProduction/CompositePlane/CompositePlane.uplugin" 197
"../../../Engine/Plugins/VirtualProduction/EpicStageApp/EpicStageApp.uplugin" 198
"../../../Engine/Plugins/VirtualProduction/CameraCalibrationCore/CameraCalibrationCore.uplugin" 199
"../../../Engine/Plugins/VirtualProduction/ICVFX/ICVFX.uplugin" 200
"../../../Engine/Plugins/VirtualProduction/DataCharts/DataCharts.uplugin" 201
"../../../Engine/Plugins/VirtualProduction/LevelSnapshots/LevelSnapshots.uplugin" 202
"../../../Engine/Plugins/VirtualProduction/LiveLinkPrestonMDR/LiveLinkPrestonMDR.uplugin" 203
"../../../Engine/Plugins/VirtualProduction/LiveLinkCamera/LiveLinkCamera.uplugin" 204
"../../../Engine/Plugins/VirtualProduction/LiveLinkLens/LiveLinkLens.uplugin" 205
"../../../Engine/Plugins/VirtualProduction/LiveLinkFreeD/LiveLinkFreeD.uplugin" 206
"../../../Engine/Plugins/VirtualProduction/LiveLinkMasterLockit/LiveLinkMasterLockit.uplugin" 207
"../../../Engine/Plugins/VirtualProduction/LiveLinkVRPN/LiveLinkVRPN.uplugin" 208
"../../../Engine/Plugins/VirtualProduction/LiveLinkXR/LiveLinkXR.uplugin" 209
"../../../Engine/Plugins/VirtualProduction/RemoteControlInterception/RemoteControlInterception.uplugin" 210
"../../../Engine/Plugins/VirtualProduction/MultiUserTakes/MultiUserTakes.uplugin" 211
"../../../Engine/Plugins/VirtualProduction/RemoteControl/RemoteControl.uplugin" 212
"../../../Engine/Plugins/VirtualProduction/RemoteControlProtocolMIDI/RemoteControlProtocolMIDI.uplugin" 213
"../../../Engine/Plugins/VirtualProduction/RemoteControlProtocolDMX/RemoteControlProtocolDMX.uplugin" 214
"../../../Engine/Plugins/VirtualProduction/RemoteControlProtocolOSC/RemoteControlProtocolOSC.uplugin" 215
"../../../Engine/Plugins/VirtualProduction/StageMonitoring/StageMonitoring.uplugin" 216
"../../../Engine/Plugins/VirtualProduction/SequencerPlaylists/SequencerPlaylists.uplugin" 217
"../../../Engine/Plugins/VirtualProduction/RemoteControlWebInterface/RemoteControlWebInterface.uplugin" 218
"../../../Engine/Plugins/VirtualProduction/Takes/Takes.uplugin" 219
"../../../Engine/Plugins/VirtualProduction/TextureShare/TextureShare.uplugin" 220
"../../../Engine/Plugins/VirtualProduction/Switchboard/Switchboard.uplugin" 221
"../../../Engine/Plugins/Compression/OodleNetwork/OodleNetwork.uplugin" 222
"../../../Engine/Plugins/VirtualProduction/TimedDataMonitor/TimedDataMonitor.uplugin" 223
"../../../Engine/Plugins/Online/EOSShared/EOSShared.uplugin" 224
"../../../Engine/Plugins/Online/OnlineServices/OnlineServices.uplugin" 225
"../../../Engine/Plugins/Online/OnlineServicesNull/OnlineServicesNull.uplugin" 226
"../../../Engine/Plugins/Online/OnlineFramework/OnlineFramework.uplugin" 227
"../../../Engine/Plugins/Online/OnlineBase/OnlineBase.uplugin" 228
"../../../Engine/Plugins/Online/OnlineServicesOSSAdapter/OnlineServicesOSSAdapter.uplugin" 229
"../../../Engine/Plugins/Online/OnlineSubsystemAmazon/OnlineSubsystemAmazon.uplugin" 230
"../../../Engine/Plugins/Online/OnlineServicesEOSGS/OnlineServicesEOSGS.uplugin" 231
"../../../Engine/Plugins/Online/OnlineSubsystem/OnlineSubsystem.uplugin" 232
"../../../Engine/Plugins/Online/OnlineServicesEOS/OnlineServicesEOS.uplugin" 233
"../../../Engine/Plugins/Online/OnlineSubsystemEOS/OnlineSubsystemEOS.uplugin" 234
"../../../Engine/Plugins/Online/OnlineSubsystemFacebook/OnlineSubsystemFacebook.uplugin" 235
"../../../Engine/Plugins/Online/OnlineSubsystemApple/OnlineSubsystemApple.uplugin" 236
"../../../Engine/Plugins/Online/OnlineSubsystemTencent/OnlineSubsystemTencent.uplugin" 237
"../../../Engine/Plugins/Online/OnlineSubsystemSteam/OnlineSubsystemSteam.uplugin" 238
"../../../Engine/Plugins/Online/OnlineSubsystemNull/OnlineSubsystemNull.uplugin" 239
"../../../Engine/Plugins/Online/OnlineSubsystemOculus/OnlineSubsystemOculus.uplugin" 240
"../../../Engine/Plugins/Online/OnlineSubsystemGoogle/OnlineSubsystemGoogle.uplugin" 241
"../../../Engine/Plugins/Online/OnlineSubsystemUtils/OnlineSubsystemUtils.uplugin" 242
"../../../Engine/Plugins/Developer/CodeLiteSourceCodeAccess/CodeLiteSourceCodeAccess.uplugin" 243
"../../../Engine/Plugins/Online/SocketSubsystemEOS/SocketSubsystemEOS.uplugin" 244
"../../../Engine/Plugins/Developer/DumpGPUServices/DumpGPUServices.uplugin" 245
"../../../Engine/Plugins/Developer/AnimationSharing/AnimationSharing.uplugin" 246
"../../../Engine/Plugins/Developer/BlankPlugin/BlankPlugin.uplugin" 247
"../../../Engine/Plugins/Developer/PerforceSourceControl/PerforceSourceControl.uplugin" 248
"../../../Engine/Plugins/Developer/CLionSourceCodeAccess/CLionSourceCodeAccess.uplugin" 249
"../../../Engine/Plugins/Developer/OneSkyLocalizationService/OneSkyLocalizationService.uplugin" 250
"../../../Engine/Plugins/Developer/GitSourceControl/GitSourceControl.uplugin" 251
"../../../Engine/Plugins/Developer/PlasticSourceControl/PlasticSourceControl.uplugin" 252
"../../../Engine/Plugins/Online/WebAuth/WebAuth.uplugin" 253
"../../../Engine/Plugins/Developer/PropertyAccessNode/PropertyAccessNode.uplugin" 254
"../../../Engine/Plugins/Developer/PixWinPlugin/PixWinPlugin.uplugin" 255
"../../../Engine/Plugins/Developer/NullSourceCodeAccess/NullSourceCodeAccess.uplugin" 256
"../../../Engine/Plugins/Developer/PluginUtils/PluginUtils.uplugin" 257
"../../../Engine/Plugins/Developer/KDevelopSourceCodeAccess/KDevelopSourceCodeAccess.uplugin" 258
"../../../Engine/Plugins/Developer/SubversionSourceControl/SubversionSourceControl.uplugin" 259
"../../../Engine/Plugins/Developer/TextureFormatOodle/TextureFormatOodle.uplugin" 260
"../../../Engine/Plugins/Developer/RenderDocPlugin/RenderDocPlugin.uplugin" 261
"../../../Engine/Plugins/Developer/RiderSourceCodeAccess/RiderSourceCodeAccess.uplugin" 262
"../../../Engine/Plugins/Developer/TraceDataFiltering/TraceDataFilters.uplugin" 263
"../../../Engine/Plugins/Developer/TraceSourceFiltering/TraceSourceFilters.uplugin" 264
"../../../Engine/Plugins/Developer/UObjectPlugin/UObjectPlugin.uplugin" 265
"../../../Engine/Plugins/Developer/VisualStudioCodeSourceCodeAccess/VisualStudioCodeSourceCodeAccess.uplugin" 266
"../../../Engine/Plugins/Developer/VisualStudioSourceCodeAccess/VisualStudioSourceCodeAccess.uplugin" 267
"../../../Engine/Plugins/Developer/XcodeGPUDebuggerPlugin/XcodeGPUDebuggerPlugin.uplugin" 268
"../../../Engine/Plugins/Developer/XCodeSourceCodeAccess/XCodeSourceCodeAccess.uplugin" 269
"../../../Engine/Plugins/Marketplace/CPathfinding/CPathfinding.uplugin" 270
"../../../Engine/Plugins/Marketplace/VisualStudioTools/VisualStudioTools.uplugin" 271
"../../../Engine/Plugins/Runtime/AndroidDeviceProfileSelector/AndroidDeviceProfileSelector.uplugin" 272
"../../../Engine/Plugins/Runtime/AndroidFileServer/AndroidFileServer.uplugin" 273
"../../../Engine/Plugins/Runtime/AndroidMoviePlayer/AndroidMoviePlayer.uplugin" 274
"../../../Engine/Plugins/Runtime/AndroidBackgroundService/AndroidBackgroundService.uplugin" 275
"../../../Engine/Plugins/Runtime/AndroidPermission/AndroidPermission.uplugin" 276
"../../../Engine/Plugins/Runtime/ActorLayerUtilities/ActorLayerUtilities.uplugin" 277
"../../../Engine/Plugins/Marketplace/FileHelperPlugin/FileHelper.uplugin" 278
"../../../Engine/Plugins/Runtime/AnimationBudgetAllocator/AnimationBudgetAllocator.uplugin" 279
"../../../Engine/Plugins/Runtime/ApexDestruction/ApexDestruction.uplugin" 280
"../../../Engine/Plugins/Runtime/AppleMoviePlayer/AppleMoviePlayer.uplugin" 281
"../../../Engine/Plugins/Runtime/AppleImageUtils/AppleImageUtils.uplugin" 282
"../../../Engine/Plugins/Runtime/AudioCapture/AudioCapture.uplugin" 283
"../../../Engine/Plugins/Runtime/AudioModulation/AudioModulation.uplugin" 284
"../../../Engine/Plugins/Runtime/ArchVisCharacter/ArchVisCharacter.uplugin" 285
"../../../Engine/Plugins/Runtime/AssetTags/AssetTags.uplugin" 286
"../../../Engine/Plugins/Runtime/AudioMotorSim/AudioMotorSim.uplugin" 287
"../../../Engine/Plugins/Runtime/AudioSynesthesia/AudioSynesthesia.uplugin" 288
"../../../Engine/Plugins/Runtime/ChunkDownloader/ChunkDownloader.uplugin" 289
"../../../Engine/Plugins/Runtime/CableComponent/CableComponent.uplugin" 290
"../../../Engine/Plugins/Runtime/AudioWidgets/AudioWidgets.uplugin" 291
"../../../Engine/Plugins/Runtime/ComputeFramework/ComputeFramework.uplugin" 292
"../../../Engine/Plugins/Runtime/CustomMeshComponent/CustomMeshComponent.uplugin" 293
"../../../Engine/Plugins/Runtime/Firebase/Firebase.uplugin" 294
"../../../Engine/Plugins/Runtime/GameplayAbilities/GameplayAbilities.uplugin" 295
"../../../Engine/Plugins/Runtime/ExampleDeviceProfileSelector/ExampleDeviceProfileSelector.uplugin" 296
"../../../Engine/Plugins/Runtime/GameplayInteractions/GameplayInteractions.uplugin" 297
"../../../Engine/Plugins/Runtime/GameplayBehaviorSmartObjects/GameplayBehaviorSmartObjects.uplugin" 298
"../../../Engine/Plugins/Runtime/DataRegistry/DataRegistry.uplugin" 299
"../../../Engine/Plugins/Runtime/GeometryCache/GeometryCache.uplugin" 300
"../../../Engine/Plugins/Runtime/GameplayStateTree/GameplayStateTree.uplugin" 301
"../../../Engine/Plugins/Runtime/GoogleCloudMessaging/GoogleCloudMessaging.uplugin" 302
"../../../Engine/Plugins/Runtime/HDRIBackdrop/HDRIBackdrop.uplugin" 303
"../../../Engine/Plugins/Runtime/GeometryProcessing/GeometryProcessing.uplugin" 304
"../../../Engine/Plugins/Runtime/HPMotionController/HPMotionController.uplugin" 305
"../../../Engine/Plugins/Runtime/GeoReferencing/GeoReferencing.uplugin" 306
"../../../Engine/Plugins/Runtime/HTTPChunkInstaller/HTTPChunkInstaller.uplugin" 307
"../../../Engine/Plugins/Runtime/InputDebugging/InputDebugging.uplugin" 308
"../../../Engine/Plugins/Runtime/IOSDeviceProfileSelector/IOSDeviceProfileSelector.uplugin" 309
"../../../Engine/Plugins/Runtime/HairStrands/HairStrands.uplugin" 310
"../../../Engine/Plugins/Runtime/IOSReplayKit/IOSReplayKit.uplugin" 311
"../../../Engine/Plugins/Runtime/GooglePAD/GooglePAD.uplugin" 312
"../../../Engine/Plugins/Runtime/LinuxDeviceProfileSelector/LinuxDeviceProfileSelector.uplugin" 313
"../../../Engine/Plugins/Runtime/LiveLinkOvernDisplay/LiveLinkOverNDisplay.uplugin" 314
"../../../Engine/Plugins/Runtime/LocationServicesAndroidImpl/LocationServicesAndroidImpl.uplugin" 315
"../../../Engine/Plugins/Runtime/LocationServicesIOSImpl/LocationServicesIOSImpl.uplugin" 316
"../../../Engine/Plugins/Runtime/MassEntity/MassEntity.uplugin" 317
"../../../Engine/Plugins/Runtime/MassGameplay/MassGameplay.uplugin" 318
"../../../Engine/Plugins/Runtime/LocationServicesBPLibrary/LocationServicesBPLibrary.uplugin" 319
"../../../Engine/Plugins/Runtime/MeshModelingToolset/MeshModelingToolset.uplugin" 320
"../../../Engine/Plugins/Runtime/Metasound/Metasound.uplugin" 321
"../../../Engine/Plugins/Runtime/MIDIDevice/MIDIDevice.uplugin" 322
"../../../Engine/Plugins/Runtime/MixedRealityCaptureFramework/MixedRealityCaptureFramework.uplugin" 323
"../../../Engine/Plugins/Runtime/MobileFSR/MobileFSR.uplugin" 324
"../../../Engine/Plugins/Runtime/MicrosoftSpatialAudio/MicroSoftSpatialSound.uplugin" 325
"../../../Engine/Plugins/Runtime/NavCorridor/NavCorridor.uplugin" 326
"../../../Engine/Plugins/Runtime/MobilePatchingUtils/MobilePatchingUtils.uplugin" 327
"../../../Engine/Plugins/Runtime/nDisplay/nDisplay.uplugin" 328
"../../../Engine/Plugins/Runtime/ModelViewViewModel/ModelViewViewModel.uplugin" 329
"../../../Engine/Plugins/Runtime/nDisplayModularFeatures/nDisplayModularFeatures.uplugin" 330
"../../../Engine/Plugins/Runtime/NetworkPrediction/NetworkPrediction.uplugin" 331
"../../../Engine/Plugins/Runtime/NetworkPredictionExtras/NetworkPredictionExtras.uplugin" 332
"../../../Engine/Plugins/Runtime/NetworkPredictionInsights/NetworkPredictionInsights.uplugin" 333
"../../../Engine/Plugins/Runtime/OpenCV/OpenCV.uplugin" 334
"../../../Engine/Plugins/Runtime/OpenXR/OpenXR.uplugin" 335
"../../../Engine/Plugins/Runtime/OpenXREyeTracker/OpenXREyeTracker.uplugin" 336
"../../../Engine/Plugins/Runtime/OpenXRMsftHandInteraction/OpenXRMsftHandInteraction.uplugin" 337
"../../../Engine/Plugins/Runtime/OpenXRHandTracking/OpenXRHandTracking.uplugin" 338
"../../../Engine/Plugins/Runtime/OpenXRViveTracker/OpenXRViveTracker.uplugin" 339
"../../../Engine/Plugins/Runtime/OSC/OSC.uplugin" 340
"../../../Engine/Plugins/Runtime/OptionalMobileFeaturesBPLibrary/OptionalMobileFeaturesBPLibrary.uplugin" 341
"../../../Engine/Plugins/Runtime/PreLoadScreenMoviePlayer/PreLoadScreenMoviePlayer.uplugin" 342
"../../../Engine/Plugins/Runtime/OSCModulationMixing/OSCModulationMixing.uplugin" 343
"../../../Engine/Plugins/Runtime/ProceduralMeshComponent/ProceduralMeshComponent.uplugin" 344
"../../../Engine/Plugins/Runtime/RenderTrace/RenderTrace.uplugin" 345
"../../../Engine/Plugins/Runtime/PropertyAccess/PropertyAccessEditor.uplugin" 346
"../../../Engine/Plugins/Runtime/SignificanceManager/SignificanceManager.uplugin" 347
"../../../Engine/Plugins/Runtime/ReplicationGraph/ReplicationGraph.uplugin" 348
"../../../Engine/Plugins/Runtime/SmartObjects/SmartObjects.uplugin" 349
"../../../Engine/Plugins/Runtime/ResonanceAudio/ResonanceAudio.uplugin" 350
"../../../Engine/Plugins/Runtime/ReplicationSystemTestPlugin/ReplicationSystemTestPlugin.uplugin" 351
"../../../Engine/Plugins/Runtime/SkeletalMerging/SkeletalMerging.uplugin" 352
"../../../Engine/Plugins/Runtime/SoundCueTemplates/SoundCueTemplates.uplugin" 353
"../../../Engine/Plugins/Runtime/SoundFields/SoundFields.uplugin" 354
"../../../Engine/Plugins/Runtime/SoundMod/SoundMod.uplugin" 355
"../../../Engine/Plugins/Runtime/SoundUtilities/SoundUtilities.uplugin" 356
"../../../Engine/Plugins/Runtime/Soundscape/Soundscape.uplugin" 357
"../../../Engine/Plugins/Runtime/Spatialization/Spatialization.uplugin" 358
"../../../Engine/Plugins/Runtime/StateTree/StateTree.uplugin" 359
"../../../Engine/Plugins/Runtime/WarpUtils/WarpUtils.uplugin" 360
"../../../Engine/Plugins/Runtime/Synthesis/Synthesis.uplugin" 361
"../../../Engine/Plugins/Runtime/SunPosition/SunPosition.uplugin" 362
"../../../Engine/Plugins/Runtime/WaveTable/WaveTable.uplugin" 363
"../../../Engine/Plugins/Runtime/WebMMoviePlayer/WebMMoviePlayer.uplugin" 364
"../../../Engine/Plugins/Runtime/WebBrowserNativeProxy/WebBrowserNativeProxy.uplugin" 365
"../../../Engine/Plugins/Runtime/WebBrowserWidget/WebBrowserWidget.uplugin" 366
"../../../Engine/Plugins/Runtime/WindowsDeviceProfileSelector/WindowsDeviceProfileSelector.uplugin" 367
"../../../Engine/Plugins/Runtime/ZoneGraph/ZoneGraph.uplugin" 368
"../../../Engine/Plugins/Runtime/WorldConditions/WorldConditions.uplugin" 369
"../../../Engine/Plugins/Runtime/WindowsMoviePlayer/WindowsMoviePlayer.uplugin" 370
"../../../Engine/Plugins/Media/AndroidMedia/AndroidMedia.uplugin" 371
"../../../Engine/Plugins/Media/AjaMedia/AjaMedia.uplugin" 372
"../../../Engine/Plugins/Runtime/ZoneGraphAnnotations/ZoneGraphAnnotations.uplugin" 373
"../../../Engine/Plugins/Media/AppleProResMedia/AppleProResMedia.uplugin" 374
"../../../Engine/Plugins/Media/AvfMedia/AvfMedia.uplugin" 375
"../../../Engine/Plugins/Media/AndroidCamera/AndroidCamera.uplugin" 376
"../../../Engine/Plugins/Media/AudioCaptureTimecodeProvider/AudioCaptureTimecodeProvider.uplugin" 377
"../../../Engine/Plugins/Media/BinkMedia/BinkMedia.uplugin" 378
"../../../Engine/Plugins/Media/ElectraCDM/ElectraCDM.uplugin" 379
"../../../Engine/Plugins/Media/AvidDNxMedia/AvidDNxMedia.uplugin" 380
"../../../Engine/Plugins/Media/BlackmagicMedia/BlackmagicMedia.uplugin" 381
"../../../Engine/Plugins/Media/ElectraSubtitles/ElectraSubtitles.uplugin" 382
"../../../Engine/Plugins/Media/MediaCompositing/MediaCompositing.uplugin" 383
"../../../Engine/Plugins/Media/HLMedia/HLMedia.uplugin" 384
"../../../Engine/Plugins/Media/HAPMedia/HAPMedia.uplugin" 385
"../../../Engine/Plugins/Media/LinearTimecode/LinearTimecode.uplugin" 386
"../../../Engine/Plugins/Media/ElectraPlayer/ElectraPlayer.uplugin" 387
"../../../Engine/Plugins/Media/HardwareEncoders/HardwareEncoders.uplugin" 388
"../../../Engine/Plugins/Media/MediaFrameworkUtilities/MediaFrameworkUtilities.uplugin" 389
"../../../Engine/Plugins/Media/MediaIOFramework/MediaIOFramework.uplugin" 390
"../../../Engine/Plugins/Media/ImgMedia/ImgMedia.uplugin" 391
"../../../Engine/Plugins/Media/ElectraUtil/ElectraUtil.uplugin" 392
"../../../Engine/Plugins/Media/MediaMovieStreamer/MediaMovieStreamer.uplugin" 393
"../../../Engine/Plugins/Media/MediaPlate/MediaPlate.uplugin" 394
"../../../Engine/Plugins/Media/PixelStreaming/PixelStreaming.uplugin" 395
"../../../Engine/Plugins/Media/MfMedia/MfMedia.uplugin" 396
"../../../Engine/Plugins/Media/MediaPlayerEditor/MediaPlayerEditor.uplugin" 397
"../../../Engine/Plugins/Media/WebMMedia/WebMMedia.uplugin" 398
"../../../Engine/Plugins/Media/TimecodeSynchronizer/TimecodeSynchronizer.uplugin" 399
"../../../Engine/Plugins/Media/WmfMedia/WmfMedia.uplugin" 400
"../../../Engine/Plugins/Slate/SlateInsights/SlateInsights.uplugin" 401
"../../../Engine/Plugins/Media/PixelCapture/PixelCapture.uplugin" 402
"../../../Engine/Plugins/Slate/SlateScripting/SlateScripting.uplugin" 403
"../../../Engine/Plugins/2D/Paper2D/Paper2D.uplugin" 404
"../../../Engine/Plugins/Editor/AssetManagerEditor/AssetManagerEditor.uplugin" 405
"../../../Engine/Plugins/Editor/AssetReferenceRestrictions/AssetReferenceRestrictions.uplugin" 406
"../../../Engine/Plugins/Editor/AssetRegistryExport/AssetRegistryExport.uplugin" 407
"../../../Engine/Plugins/Editor/AssetSearch/AssetSearch.uplugin" 408
"../../../Engine/Plugins/Editor/BlueprintMaterialTextureNodes/BlueprintMaterialTextureNodes.uplugin" 409
"../../../Engine/Plugins/Editor/BlueprintHeaderView/BlueprintHeaderView.uplugin" 410
"../../../Engine/Plugins/Editor/ConsoleVariablesEditor/ConsoleVariables.uplugin" 411
"../../../Engine/Plugins/Editor/DataValidation/DataValidation.uplugin" 412
"../../../Engine/Plugins/Editor/ChangelistReview/ChangelistReview.uplugin" 413
"../../../Engine/Plugins/Editor/CurveEditorTools/CurveEditorTools.uplugin" 414
"../../../Engine/Plugins/Editor/DisplayClusterLaunch/DisplayClusterLaunch.uplugin" 415
"../../../Engine/Plugins/Editor/EditorDebugTools/EditorDebugTools.uplugin" 416
"../../../Engine/Plugins/Editor/EditorScriptingUtilities/EditorScriptingUtilities.uplugin" 417
"../../../Engine/Plugins/Editor/CryptoKeys/CryptoKeys.uplugin" 418
"../../../Engine/Plugins/Editor/FacialAnimation/FacialAnimation.uplugin" 419
"../../../Engine/Plugins/Editor/EngineAssetDefinitions/EngineAssetDefinitions.uplugin" 420
"../../../Engine/Plugins/Editor/GameplayTagsEditor/GameplayTagsEditor.uplugin" 421
"../../../Engine/Plugins/Editor/GeometryMode/GeometryMode.uplugin" 422
"../../../Engine/Plugins/Editor/LiveUpdateForSlate/LiveUpdateForSlate.uplugin" 423
"../../../Engine/Plugins/Editor/GLTFImporter/GLTFImporter.uplugin" 424
"../../../Engine/Plugins/Editor/GuidedTutorials/GuidedTutorials.uplugin" 425
"../../../Engine/Plugins/Editor/MaterialAnalyzer/MaterialAnalyzer.uplugin" 426
"../../../Engine/Plugins/Editor/MacGraphicsSwitching/MacGraphicsSwitching.uplugin" 427
"../../../Engine/Plugins/Editor/MobileLauncherProfileWizard/MobileLauncherProfileWizard.uplugin" 428
"../../../Engine/Plugins/Editor/SequencerAnimTools/SequencerAnimTools.uplugin" 429
"../../../Engine/Plugins/Editor/WaveformEditor/WaveformEditor.uplugin" 430
"../../../Engine/Plugins/Editor/SpeedTreeImporter/SpeedTreeImporter.uplugin" 431
"../../../Engine/Plugins/Editor/StylusInput/StylusInput.uplugin" 432
"../../../Engine/Plugins/Editor/WorldPartitionHLODUtilities/WorldPartitionHLODUtilities.uplugin" 433
"../../../Engine/Plugins/Performance/PerformanceMonitor/PerformanceMonitor.uplugin" 434
"../../../Engine/Plugins/Tests/AutomationDriverTests/AutomationDriverTests.uplugin" 435
"../../../Engine/Plugins/Editor/PluginBrowser/PluginBrowser.uplugin" 436
"../../../Engine/Plugins/Tests/FbxAutomationTestBuilder/FbxAutomationTestBuilder.uplugin" 437
"../../../Engine/Plugins/Tests/FunctionalTestingEditor/FunctionalTestingEditor.uplugin" 438
"../../../Engine/Plugins/Tests/EditorTests/EditorTests.uplugin" 439
"../../../Engine/Plugins/Tests/TestSamples/TestSamples.uplugin" 440
"../../../Engine/Plugins/Editor/ModelingToolsEditorMode/ModelingToolsEditorMode.uplugin" 441
"../../../Engine/Plugins/Tests/RuntimeTests/RuntimeTests.uplugin" 442
"../../../Engine/Plugins/Tests/RHITests/RHITests.uplugin" 443
"../../../Engine/Plugins/VirtualProduction/DMX/DMXEngine/DMXEngine.uplugin" 444
"../../../Engine/Plugins/Editor/MakeCookedEditorAsDLC/MakeCookedEditorAsDLC.uplugin" 445
"../../../Engine/Plugins/Experimental/AR/PointCloud/PointCloud.uplugin" 446
"../../../Engine/Plugins/VirtualProduction/DMX/DatasmithMVR/DatasmithMVR.uplugin" 447
"../../../Engine/Plugins/Tests/PythonAutomationTest/PythonAutomationTest.uplugin" 448
"../../../Engine/Plugins/VirtualProduction/DMX/DMXControlConsole/DMXControlConsole.uplugin" 449
"../../../Engine/Plugins/VirtualProduction/DMX/DMXFixtures/DMXFixtures.uplugin" 450
"../../../Engine/Plugins/Runtime/Nvidia/GeForceNOWWrapper/GeForceNOWWrapper.uplugin" 451
"../../../Engine/Plugins/VirtualProduction/DMX/DMXPixelMapping/DMXPixelMapping.uplugin" 452
"../../../Engine/Plugins/VirtualProduction/DMX/DMXModularFeatures/DMXModularFeatures.uplugin" 453
"../../../Engine/Plugins/VirtualProduction/DMX/DMXDisplayCluster/DMXDisplayCluster.uplugin" 454
"../../../Engine/Plugins/Runtime/Nvidia/Reflex/Reflex.uplugin" 455
"../../../Engine/Plugins/Animation/MLDeformer/NearestNeighborModel/NearestNeighborModel.uplugin" 456
"../../../Engine/Plugins/VirtualProduction/DMX/DMXProtocol/DMXProtocol.uplugin" 457
"../../../Engine/Plugins/Runtime/XR/XRVisualization/XRVisualization.uplugin" 458
"../../../Engine/Plugins/Experimental/AVCodecs/AVCodecsCore/AVCodecsCore.uplugin" 459
"../../../Engine/Plugins/Experimental/AVCodecs/AMFCodecs/AMFCodecs.uplugin" 460
"../../../Engine/Plugins/Experimental/Web/WebAPI/WebAPI.uplugin" 461
"../../../Engine/Plugins/Experimental/AVCodecs/NVCodecs/NVCodecs.uplugin" 462
"../../../Engine/Plugins/Animation/MLDeformer/VertexDeltaModel/VertexDeltaModel.uplugin" 463
"../../../Engine/Plugins/Tests/InterchangeTests/InterchangeTests.uplugin" 464
"../../../Engine/Plugins/VirtualProduction/Rivermax/RivermaxCore/RivermaxCore.uplugin" 465
"../../../Engine/Plugins/Animation/MLDeformer/NeuralMorphModel/NeuralMorphModel.uplugin" 466
"../../../Engine/Plugins/VirtualProduction/Rivermax/RivermaxMedia/RivermaxMedia.uplugin" 467
"../../../Engine/Plugins/Runtime/Database/DatabaseSupport/DatabaseSupport.uplugin" 468
"../../../Engine/Plugins/Runtime/Database/ADOSupport/ADOSupport.uplugin" 469
"../../../Engine/Plugins/Runtime/Database/RemoteDatabaseSupport/RemoteDatabaseSupport.uplugin" 470
"../../../Engine/Plugins/Experimental/AVCodecs/WMFCodecs/WMFCodecs.uplugin" 471
"../../../Engine/Plugins/Runtime/Oculus/OculusAudio/OculusAudio.uplugin" 472
"../../../Engine/Plugins/Runtime/Database/SQLiteSupport/SQLiteSupport.uplugin" 473
"../../../Engine/Plugins/Online/IOS/OnlineSubsystemIOS/OnlineSubsystemIOS.uplugin" 474
"../../../Engine/Plugins/Runtime/PacketHandlers/AESGCMHandlerComponent/AESGCMHandlerComponent.uplugin" 475
"../../../Engine/Plugins/Runtime/Advertising/IOSTapJoy/IOSTapJoy.uplugin" 476
"../../../Engine/Plugins/Runtime/PacketHandlers/AESHandlerComponent/AESHandlerComponent.uplugin" 477
"../../../Engine/Plugins/Runtime/PacketHandlers/DTLSHandlerComponent/DTLSHandlerComponent.uplugin" 478
"../../../Engine/Plugins/Animation/MLDeformer/MLDeformerFramework/MLDeformerFramework.uplugin" 479
"../../../Engine/Plugins/Runtime/Analytics/Adjust/Adjust.uplugin" 480
"../../../Engine/Plugins/Runtime/Analytics/FileLogging/FileLogging.uplugin" 481
"../../../Engine/Plugins/Runtime/Oculus/OculusVR/OculusVR.uplugin" 482
"../../../Engine/Plugins/Runtime/Analytics/Flurry/Flurry.uplugin" 483
"../../../Engine/Plugins/Runtime/Analytics/AnalyticsMulticast/AnalyticsMulticast.uplugin" 484
"../../../Engine/Plugins/Runtime/Database/SQLiteCore/SQLiteCore.uplugin" 485
"../../../Engine/Plugins/Experimental/Animation/Optimus/Optimus.uplugin" 486
"../../../Engine/Plugins/Experimental/Animation/MotionTrajectory/MotionTrajectory.uplugin" 487
"../../../Engine/Plugins/Runtime/Analytics/AnalyticsBlueprintLibrary/AnalyticsBlueprintLibrary.uplugin" 488
"../../../Engine/Plugins/Experimental/Animation/PoseSearch/PoseSearch.uplugin" 489
"../../../Engine/Plugins/Experimental/Animation/PoseCorrectives/PoseCorrectives.uplugin" 490
"../../../Engine/Plugins/Experimental/CharacterFXEditor/BaseCharacterFXEditor/BaseCharacterFXEditor.uplugin" 491
"../../../Engine/Plugins/Experimental/CharacterFXEditor/ExampleCharacterFXEditor/ExampleCharacterFXEditor.uplugin" 492
"../../../Engine/Plugins/Experimental/Enterprise/DataprepGeometryOperations/DataprepGeometryOperations.uplugin" 493
"../../../Engine/Plugins/Experimental/Animation/SkeletalMeshModelingTools/SkeletalMeshModelingTools.uplugin" 494
"../../../Engine/Plugins/Experimental/Animation/ContextualAnimation/ContextualAnimation.uplugin" 495
"../../../Engine/Plugins/Experimental/Enterprise/DatasmithInterchange/DatasmithInterchange.uplugin" 496
"../../../Engine/Plugins/Experimental/Enterprise/DatasmithRuntime/DatasmithRuntime.uplugin" 497
"../../../Engine/Plugins/Online/Android/AndroidFetchBackgroundDownload/AndroidFetchBackgroundDownload.uplugin" 498
"../../../Engine/Plugins/Experimental/Animation/CurveExpression/CurveExpression.uplugin" 499
"../../../Engine/Plugins/Online/Android/OnlineSubsystemGooglePlay/OnlineSubsystemGooglePlay.uplugin" 500
"../../../Engine/Plugins/Runtime/AR/ARUtilities/ARUtilities.uplugin" 501
"../../../Engine/Plugins/Runtime/AR/AzureSpatialAnchors/AzureSpatialAnchors.uplugin" 502
"../../../Engine/Plugins/Runtime/AR/AzureSpatialAnchorsForARCore/AzureSpatialAnchorsForARCore.uplugin" 503
"../../../Engine/Plugins/Runtime/AR/AzureSpatialAnchorsForARKit/AzureSpatialAnchorsForARKit.uplugin" 504
"../../../Engine/Plugins/Runtime/Windows/WinDualShock/WinDualShock.uplugin" 505
"../../../Engine/Plugins/Editor/ObjectMixer/ObjectMixer/ObjectMixer.uplugin" 506
"../../../Engine/Plugins/Online/VoiceChat/EOSVoiceChat/EOSVoiceChat.uplugin" 507
"../../../Engine/Plugins/Editor/ObjectMixer/LightMixer/LightMixer.uplugin" 508
"../../../Engine/Plugins/Online/VoiceChat/VoiceChat/VoiceChat.uplugin" 509
"../../../Engine/Plugins/Experimental/VirtualProduction/VPRoles/VPRoles.uplugin" 510
"../../../Engine/Plugins/Experimental/VirtualProduction/VPSettings/VPSettings.uplugin" 511
"../../../Engine/Plugins/Runtime/MeshReconstruction/DummyMeshReconstructor/DummyMeshReconstructor.uplugin" 512
"../../../Engine/Plugins/Runtime/Steam/SteamAudio/SteamAudio.uplugin" 513
"../../../Engine/Plugins/Runtime/Steam/SteamController/SteamController.uplugin" 514
"../../../Engine/Plugins/Runtime/Steam/SteamShared/SteamShared.uplugin" 515
"../../../Engine/Plugins/Editor/ContentBrowser/ContentBrowserAliasDataSoure/ContentBrowserAliasDataSource.uplugin" 516
"../../../Engine/Plugins/Runtime/Steam/SteamSockets/SteamSockets.uplugin" 517
"../../../Engine/Plugins/Developer/Concert/ConcertMain/ConcertMain.uplugin" 518
"../../../Engine/Plugins/Editor/ContentBrowser/ContentBrowserClassDataSource/ContentBrowserClassDataSource.uplugin" 519
"../../../Engine/Plugins/Editor/ContentBrowser/ContentBrowserFileDataSource/ContentBrowserFileDataSource.uplugin" 520
"../../../Engine/Plugins/Runtime/Steam/SteamVR/SteamVR.uplugin" 521
"../../../Engine/Plugins/Editor/ContentBrowser/ContentBrowserAssetDataSource/ContentBrowserAssetDataSource.uplugin" 522
"../../../Engine/Plugins/Runtime/AR/Google/GoogleARCore/GoogleARCore.uplugin" 523
"../../../Engine/Plugins/Runtime/AR/Google/GoogleARCoreServices/GoogleARCoreServices.uplugin" 524
"../../../Engine/Plugins/Developer/Concert/ConcertApp/DisasterRecoveryClient/DisasterRecoveryClient.uplugin" 525
"../../../Engine/Plugins/Developer/Concert/ConcertApp/MultiUserClient/MultiUserClient.uplugin" 526
"../../../Engine/Plugins/Developer/Concert/ConcertApp/MultiUserServer/MultiUserServer.uplugin" 527
"../../../Engine/Plugins/Developer/Concert/ConcertUI/ConcertSharedSlate/ConcertSharedSlate.uplugin" 528
"../../../Engine/Plugins/Developer/Concert/ConcertUI/ConcertClientSharedSlate/ConcertClientSharedSlate.uplugin" 529
"../../../Engine/Plugins/Runtime/AR/AppleAR/AppleARKitFaceSupport/AppleARKitFaceSupport.uplugin" 530
"../../../Engine/Plugins/Runtime/AR/AppleAR/AppleARKit/AppleARKit.uplugin" 531
"../../../Engine/Plugins/Developer/Concert/ConcertSync/ConcertSyncClient/ConcertSyncClient.uplugin" 532
"../../../Engine/Plugins/Developer/Concert/ConcertSync/ConcertSyncTest/ConcertSyncTest.uplugin" 533
"../../../Engine/Plugins/Developer/Concert/ConcertSync/ConcertSyncCore/ConcertSyncCore.uplugin" 534
"../../../Engine/Plugins/Developer/Concert/ConcertSync/ConcertSyncServer/ConcertSyncServer.uplugin" 535
"../../../Engine/Plugins/Experimental/VirtualProduction/LedWallCalibration/LedWallCalibration.uplugin" 536
"../../../Engine/Platforms/HoloLens/Plugins/Compression/OodleNetwork/OodleNetwork_HoloLens.uplugin" 537
"../../../Engine/Platforms/HoloLens/Plugins/Online/OnlineServicesEOSGS/OnlineServicesEOSGS_HoloLens.uplugin" 538
"../../../Engine/Platforms/HoloLens/Plugins/Runtime/GeoReferencing/GeoReferencing_HoloLens.uplugin" 539
"../../../Engine/Platforms/HoloLens/Plugins/Runtime/MicrosoftSpatialAudio/MicroSoftSpatialSound_HoloLens.uplugin" 540
"../../../Engine/Platforms/HoloLens/Plugins/Runtime/OpenXRHandTracking/OpenXRHandTracking_HoloLens.uplugin" 541
"../../../Engine/Platforms/HoloLens/Plugins/Runtime/OpenXREyeTracker/OpenXREyeTracker_HoloLens.uplugin" 542
"../../../Engine/Platforms/HoloLens/Plugins/Media/BinkMedia/BinkMedia_HoloLens.uplugin" 543
"../../../Engine/Platforms/HoloLens/Plugins/Runtime/ApexDestruction/ApexDestruction_HoloLens.uplugin" 544
"../../../Engine/Platforms/HoloLens/Plugins/Runtime/OpenXRMsftHandInteraction/OpenXRMsftHandInteraction_HoloLens.uplugin" 545
"../../../Engine/Platforms/HoloLens/Plugins/Runtime/OpenXR/OpenXR_HoloLens.uplugin" 546
"../../../Engine/Platforms/HoloLens/Plugins/Online/OnlineServicesEOS/OnlineServicesEOS_HoloLens.uplugin" 547
"../../../Engine/Platforms/HoloLens/Plugins/Media/MfMedia/MfMedia_HoloLens.uplugin" 548
"../../../Engine/Platforms/HoloLens/Plugins/Media/HLMedia/HLMedia_HoloLens.uplugin" 549
"../../../Engine/Platforms/HoloLens/Plugins/Runtime/AR/AzureSpatialAnchors/AzureSpatialAnchors_HoloLens.uplugin" 550
"../../../Engine/Content/Internationalization/icudt64l/cnvalias.icu" 551
"../../../Engine/Content/Internationalization/icudt64l/res_index.res" 552
"../../../Engine/Content/Internationalization/icudt64l/plurals.res" 553
"../../../Engine/Content/Internationalization/icudt64l/lang/ru.res" 554
"../../../Engine/Content/Internationalization/icudt64l/lang/pool.res" 555
"../../../Engine/Content/Internationalization/icudt64l/lang/root.res" 556
"../../../Engine/Content/Internationalization/icudt64l/region/ru.res" 557
"../../../Engine/Content/Internationalization/icudt64l/region/pool.res" 558
"../../../Engine/Content/Internationalization/icudt64l/region/root.res" 559
"../../../Engine/Content/Internationalization/icudt64l/lang/en.res" 560
"../../../Engine/Content/Internationalization/icudt64l/region/en.res" 561
"../../../Engine/Content/Internationalization/icudt64l/windowsZones.res" 562
"../../../Engine/Content/Internationalization/icudt64l/zoneinfo64.res" 563
"../../../Engine/Content/Internationalization/icudt64l/keyTypeData.res" 564
"../../../Engine/Content/Internationalization/icudt64l/timezoneTypes.res" 565
"../../../Engine/Content/Internationalization/icudt64l/likelySubtags.res" 566
"../../../Engine/Content/Internationalization/icudt64l/ru_RU.res" 567
"../../../Engine/Content/Internationalization/icudt64l/pool.res" 568
"../../../Engine/Content/Internationalization/icudt64l/ru.res" 569
"../../../Engine/Content/Internationalization/icudt64l/root.res" 570
"../../../Engine/Content/Internationalization/icudt64l/supplementalData.res" 571
"../../../Engine/Config/ConfigRedirects.ini" 572
"C:/Users/Librake/AppData/Local/UnrealEngine/5.2/Saved/Config/WindowsEditor/Manifest.ini" 573
"../../../Engine/Config/Base.ini" 574
"../../../Engine/Config/BaseEngine.ini" 575
"../../../Engine/Config/LinuxArm64/BaseLinuxArm64Engine.ini" 576
"../../../Engine/Config/Windows/BaseWindowsEngine.ini" 577
"../../../Engine/Config/Android/BaseAndroidEngine.ini" 578
"../../../Engine/Config/IOS/BaseIOSEngine.ini" 579
"../../../Engine/Config/Mac/BaseMacEngine.ini" 580
"../../../Engine/Config/Linux/BaseLinuxEngine.ini" 581
"F:/Unreal Projects/DDay_bp/Config/DefaultEngine.ini" 582
"../../../Engine/Platforms/HoloLens/Config/BaseHoloLensEngine.ini" 583
"../../../Engine/Config/Windows/WindowsEngine.ini" 584
"../../../Engine/Config/Unix/UnixEngine.ini" 585
"../../../Engine/Config/Android/AndroidEngine.ini" 586
"../../../Engine/Config/LinuxArm64/LinuxArm64Engine.ini" 587
"../../../Engine/Config/HoloLens/HoloLensEngine.ini" 588
"../../../Engine/Config/IOS/IOSEngine.ini" 589
"../../../Engine/Config/Mac/MacEngine.ini" 590
"F:/Unreal Projects/DDay_bp/Platforms/HoloLens/Config/HoloLensEngine.ini" 591
"C:/Users/Librake/AppData/Local/Unreal Engine/Engine/Config/UserEngine.ini" 592
"../../../Engine/Config/TVOS/TVOSEngine.ini" 593
"F:/Unreal Projects/DDay_bp/Saved/Config/WindowsEditor/Engine.ini" 594
"../../../Engine/Config/Linux/LinuxEngine.ini" 595
"../../../Engine/Config/BaseGame.ini" 596
"F:/Unreal Projects/DDay_bp/Config/DefaultGame.ini" 597
"../../../Engine/Config/IOS/BaseIOSGame.ini" 598
"../../../Engine/Config/Android/BaseAndroidGame.ini" 599
"../../../Engine/Config/Mac/MacGame.ini" 600
"../../../Engine/Config/Windows/WindowsGame.ini" 601
"../../../Engine/Config/HoloLens/HoloLensGame.ini" 602
"../../../Engine/Config/IOS/IOSGame.ini" 603
"../../../Engine/Config/BaseInput.ini" 604
"F:/Unreal Projects/DDay_bp/Saved/Config/WindowsEditor/Game.ini" 605
"../../../Engine/Config/Linux/LinuxGame.ini" 606
"F:/Unreal Projects/DDay_bp/Config/DefaultInput.ini" 607
"../../../Engine/Config/Windows/WindowsInput.ini" 608
"../../../Engine/Config/BaseDeviceProfiles.ini" 609
"../../../Engine/Config/BaseGameUserSettings.ini" 610
"../../../Engine/Config/BaseScalability.ini" 611
"../../../Engine/Config/IOS/IOSScalability.ini" 612
"../../../Engine/Config/Android/AndroidScalability.ini" 613
"../../../Engine/Config/BaseRuntimeOptions.ini" 614
"F:/Unreal Projects/DDay_bp/Saved/Config/WindowsEditor/GameUserSettings.ini" 615
"../../../Engine/Config/BaseInstallBundle.ini" 616
"../../../Engine/Config/Android/BaseAndroidInstallBundle.ini" 617
"../../../Engine/Config/BaseHardware.ini" 618
"../../../Engine/Config/BaseCompat.ini" 619
"../../../Engine/Config/BaseLightmass.ini" 620
"../../../Engine/Config/BaseEditor.ini" 621
"F:/Unreal Projects/DDay_bp/Config/DefaultEditor.ini" 622
"../../../Engine/Config/BaseEditorPerProjectUserSettings.ini" 623
"F:/Unreal Projects/DDay_bp/Config/DefaultEditorPerProjectUserSettings.ini" 624
"../../../Engine/Config/Windows/WindowsEditorPerProjectUserSettings.ini" 625
"F:/Unreal Projects/DDay_bp/Saved/Config/WindowsEditor/EditorPerProjectUserSettings.ini" 626
"../../../Engine/Config/BaseEditorSettings.ini" 627
"C:/Users/Librake/AppData/Local/UnrealEngine/5.2/Saved/Config/WindowsEditor/EditorSettings.ini" 628
"../../../Engine/Config/BaseEditorKeyBindings.ini" 629
"C:/Users/Librake/AppData/Local/UnrealEngine/5.2/Saved/Config/WindowsEditor/EditorKeyBindings.ini" 630
"C:/Users/Librake/AppData/Local/UnrealEngine/5.2/Saved/Config/WindowsEditor/EditorLayout.ini" 631
"F:/Unreal Projects/DDay_bp/Binaries/Win64/EternalTroops-Win64-DebugGame.target" 632
"F:/Unreal Projects/DDay_bp/Binaries/Win64/EternalTroops-Win64-Shipping.target" 633
"F:/Unreal Projects/DDay_bp/Binaries/Win64/EternalTroops.target" 634
"../../../Engine/Binaries/Win64/BootstrapPackagedGame-Win64-Shipping.target" 635
"../../../Engine/Binaries/Win64/BuildPatchTool-Win64-Shipping.target" 636
"../../../Engine/Binaries/Win64/CrashReportClient-Win64-Shipping.target" 637
"../../../Engine/Binaries/Win64/CrashReportClientEditor-Win64-Shipping.target" 638
"../../../Engine/Binaries/Win64/DatasmithCADWorker.target" 639
"../../../Engine/Binaries/Win64/EpicWebHelper-Win64-Shipping.target" 640
"../../../Engine/Binaries/Win64/InterchangeWorker.target" 641
"../../../Engine/Binaries/Win64/LiveCodingConsole.target" 642
"../../../Engine/Binaries/Win64/ShaderCompileWorker.target" 643
"../../../Engine/Binaries/Win64/SwitchboardListener.target" 644
"../../../Engine/Binaries/Win64/SwitchboardListenerHelper.target" 645
"../../../Engine/Binaries/Win64/UnrealEditor-Win64-DebugGame.target" 646
"../../../Engine/Binaries/Win64/UnrealEditor.target" 647
"../../../Engine/Plugins/Bridge/Config/BaseBridge.ini" 648
"../../../Engine/Plugins/EnhancedInput/Config/BaseEnhancedInput.ini" 649
"../../../Engine/Plugins/EnhancedInput/Config/Input.ini" 650
"../../../Engine/Plugins/TraceUtilities/Config/BaseTraceUtilities.ini" 651
"../../../Engine/Plugins/Experimental/FullBodyIK/Config/BaseFullBodyIK.ini" 652
"../../../Engine/Plugins/Animation/ControlRig/Config/BaseControlRig.ini" 653
"../../../Engine/Plugins/Animation/IKRig/Config/BaseIKRig.ini" 654
"../../../Engine/Plugins/Enterprise/DatasmithContent/Config/BaseDatasmithContent.ini" 655
"../../../Engine/Plugins/Enterprise/GLTFExporter/Config/BaseGLTFExporter.ini" 656
"../../../Engine/Plugins/Enterprise/GLTFExporter/Config/DefaultGLTFExporter.ini" 657
"../../../Engine/Plugins/Enterprise/VariantManagerContent/Config/BaseVariantManagerContent.ini" 658
"../../../Engine/Plugins/Interchange/Runtime/Config/BaseInterchange.ini" 659
"../../../Engine/Plugins/FX/Niagara/Config/BaseNiagara.ini" 660
"../../../Engine/Plugins/Developer/TraceDataFiltering/Config/BaseTraceDataFilters.ini" 661
"../../../Engine/Plugins/Runtime/InputDebugging/Config/Input.ini" 662
"../../../Engine/Plugins/Runtime/Metasound/Config/BaseMetasound.ini" 663
"../../../Engine/Plugins/Runtime/Synthesis/Config/BaseSynthesis.ini" 664
"../../../Engine/Plugins/2D/Paper2D/Config/BasePaper2D.ini" 665
"../../../Engine/Plugins/Editor/EditorScriptingUtilities/Config/BaseEditorScriptingUtilities.ini" 666
"../../../Engine/Plugins/Editor/ModelingToolsEditorMode/Binaries/Win64/UnrealEditor.modules" 667
"../../../Engine/Plugins/Runtime/MeshModelingToolset/Binaries/Win64/UnrealEditor.modules" 668
"../../../Engine/Plugins/Experimental/MeshModelingToolsetExp/Binaries/Win64/UnrealEditor.modules" 669
"../../../Engine/Plugins/Experimental/MeshLODToolset/Binaries/Win64/UnrealEditor.modules" 670
"../../../Engine/Plugins/Editor/StylusInput/Binaries/Win64/UnrealEditor.modules" 671
"../../../Engine/Plugins/Experimental/ToolPresets/Binaries/Win64/UnrealEditor.modules" 672
"../../../Engine/Plugins/Runtime/GeometryProcessing/Binaries/Win64/UnrealEditor.modules" 673
"../../../Engine/Plugins/Experimental/ProxyLODPlugin/Binaries/Win64/UnrealEditor.modules" 674
"../../../Engine/Plugins/Experimental/GeometryFlow/Binaries/Win64/UnrealEditor.modules" 675
"../../../Engine/Plugins/Editor/EditorScriptingUtilities/Binaries/Win64/UnrealEditor.modules" 676
"../../../Engine/Plugins/FX/CascadeToNiagaraConverter/Binaries/Win64/UnrealEditor.modules" 677
"../../../Engine/Plugins/FX/Niagara/Binaries/Win64/UnrealEditor.modules" 678
"../../../Engine/Plugins/Experimental/PythonScriptPlugin/Binaries/Win64/UnrealEditor.modules" 679
"../../../Engine/Plugins/Editor/ContentBrowser/ContentBrowserFileDataSource/Binaries/Win64/UnrealEditor.modules" 680
"../../../Engine/Plugins/Marketplace/FileHelperPlugin/Binaries/Win64/UnrealEditor.modules" 681
"../../../Engine/Plugins/Bridge/Binaries/Win64/UnrealEditor.modules" 682
"../../../Engine/Plugins/EnhancedInput/Binaries/Win64/UnrealEditor.modules" 683
"../../../Engine/Plugins/FastBuildController/Binaries/Win64/UnrealEditor.modules" 684
"../../../Engine/Plugins/MeshPainting/Binaries/Win64/UnrealEditor.modules" 685
"../../../Engine/Plugins/Interchange/Editor/Binaries/Win64/UnrealEditor.modules" 686
"../../../Engine/Plugins/Interchange/Runtime/Binaries/Win64/UnrealEditor.modules" 687
"../../../Engine/Plugins/Editor/GLTFImporter/Binaries/Win64/UnrealEditor.modules" 688
"../../../Engine/Plugins/Enterprise/VariantManagerContent/Binaries/Win64/UnrealEditor.modules" 689
"../../../Engine/Plugins/Enterprise/VariantManager/Binaries/Win64/UnrealEditor.modules" 690
"../../../Engine/Plugins/TraceUtilities/Binaries/Win64/UnrealEditor.modules" 691
"../../../Engine/Plugins/XGEController/Binaries/Win64/UnrealEditor.modules" 692
"../../../Engine/Plugins/AI/AISupport/Binaries/Win64/UnrealEditor.modules" 693
"../../../Engine/Plugins/AI/EnvironmentQueryEditor/Binaries/Win64/UnrealEditor.modules" 694
"../../../Engine/Plugins/Experimental/AutomationUtils/Binaries/Win64/UnrealEditor.modules" 695
"../../../Engine/Plugins/Experimental/ChaosCloth/Binaries/Win64/UnrealEditor.modules" 696
"../../../Engine/Plugins/Experimental/ChaosCaching/Binaries/Win64/UnrealEditor.modules" 697
"../../../Engine/Plugins/VirtualProduction/Takes/Binaries/Win64/UnrealEditor.modules" 698
"../../../Engine/Plugins/MovieScene/LevelSequenceEditor/Binaries/Win64/UnrealEditor.modules" 699
"../../../Engine/Plugins/MovieScene/SequencerScripting/Binaries/Win64/UnrealEditor.modules" 700
"../../../Engine/Plugins/Experimental/BackChannel/Binaries/Win64/UnrealEditor.modules" 701
"../../../Engine/Plugins/Experimental/ChaosClothEditor/Binaries/Win64/UnrealEditor.modules" 702
"../../../Engine/Plugins/Experimental/ChaosEditor/Binaries/Win64/UnrealEditor.modules" 703
"../../../Engine/Plugins/Experimental/PlanarCutPlugin/Binaries/Win64/UnrealEditor.modules" 704
"../../../Engine/Plugins/Experimental/GeometryCollectionPlugin/Binaries/Win64/UnrealEditor.modules" 705
"../../../Engine/Plugins/Experimental/Fracture/Binaries/Win64/UnrealEditor.modules" 706
"../../../Engine/Plugins/Runtime/ProceduralMeshComponent/Binaries/Win64/UnrealEditor.modules" 707
"../../../Engine/Plugins/Experimental/ChaosSolverPlugin/Binaries/Win64/UnrealEditor.modules" 708
"../../../Engine/Plugins/Experimental/Dataflow/Binaries/Win64/UnrealEditor.modules" 709
"../../../Engine/Plugins/Experimental/ChaosNiagara/Binaries/Win64/UnrealEditor.modules" 710
"../../../Engine/Plugins/Experimental/ChaosUserDataPT/Binaries/Win64/UnrealEditor.modules" 711
"../../../Engine/Plugins/Experimental/CharacterAI/Binaries/Win64/UnrealEditor.modules" 712
"../../../Engine/Plugins/Experimental/OpenImageDenoise/Binaries/Win64/UnrealEditor.modules" 713
"../../../Engine/Plugins/Experimental/PlatformCrypto/Binaries/Win64/UnrealEditor.modules" 714
"../../../Engine/Plugins/Experimental/SkeletalReduction/Binaries/Win64/UnrealEditor.modules" 715
"../../../Engine/Plugins/Experimental/UVEditor/Binaries/Win64/UnrealEditor.modules" 716
"../../../Engine/Plugins/Animation/AnimationData/Binaries/Win64/UnrealEditor.modules" 717
"../../../Engine/Plugins/Animation/ControlRig/Binaries/Win64/UnrealEditor.modules" 718
"../../../Engine/Plugins/Runtime/PropertyAccess/Binaries/Win64/UnrealEditor.modules" 719
"../../../Engine/Plugins/Animation/AnimationModifierLibrary/Binaries/Win64/UnrealEditor.modules" 720
"../../../Engine/Plugins/Animation/BlendSpaceMotionAnalysis/Binaries/Win64/UnrealEditor.modules" 721
"../../../Engine/Plugins/Animation/ControlRigSpline/Binaries/Win64/UnrealEditor.modules" 722
"../../../Engine/Plugins/Animation/IKRig/Binaries/Win64/UnrealEditor.modules" 723
"../../../Engine/Plugins/Experimental/FullBodyIK/Binaries/Win64/UnrealEditor.modules" 724
"../../../Engine/Plugins/Messaging/TcpMessaging/Binaries/Win64/UnrealEditor.modules" 725
"../../../Engine/Plugins/Messaging/UdpMessaging/Binaries/Win64/UnrealEditor.modules" 726
"../../../Engine/Plugins/Enterprise/DatasmithContent/Binaries/Win64/UnrealEditor.modules" 727
"../../../Engine/Plugins/Enterprise/GLTFExporter/Binaries/Win64/UnrealEditor.modules" 728
"../../../Engine/Plugins/Portal/LauncherChunkInstaller/Binaries/Win64/UnrealEditor.modules" 729
"../../../Engine/Plugins/MovieScene/ActorSequence/Binaries/Win64/UnrealEditor.modules" 730
"../../../Engine/Plugins/Importers/AlembicImporter/Binaries/Win64/UnrealEditor.modules" 731
"../../../Engine/Plugins/Runtime/GeometryCache/Binaries/Win64/UnrealEditor.modules" 732
"../../../Engine/Plugins/Cameras/CameraShakePreviewer/Binaries/Win64/UnrealEditor.modules" 733
"../../../Engine/Plugins/Cameras/GameplayCameras/Binaries/Win64/UnrealEditor.modules" 734
"../../../Engine/Plugins/MovieScene/TemplateSequence/Binaries/Win64/UnrealEditor.modules" 735
"../../../Engine/Plugins/Compression/OodleNetwork/Binaries/Win64/UnrealEditor.modules" 736
"../../../Engine/Plugins/Online/OnlineBase/Binaries/Win64/UnrealEditor.modules" 737
"../../../Engine/Plugins/Online/OnlineSubsystem/Binaries/Win64/UnrealEditor.modules" 738
"../../../Engine/Plugins/Online/OnlineSubsystemNull/Binaries/Win64/UnrealEditor.modules" 739
"../../../Engine/Plugins/Online/OnlineSubsystemUtils/Binaries/Win64/UnrealEditor.modules" 740
"../../../Engine/Plugins/Online/OnlineServices/Binaries/Win64/UnrealEditor.modules" 741
"../../../Engine/Plugins/Developer/AnimationSharing/Binaries/Win64/UnrealEditor.modules" 742
"../../../Engine/Plugins/Runtime/SignificanceManager/Binaries/Win64/UnrealEditor.modules" 743
"../../../Engine/Plugins/Developer/CLionSourceCodeAccess/Binaries/Win64/UnrealEditor.modules" 744
"../../../Engine/Plugins/Developer/DumpGPUServices/Binaries/Win64/UnrealEditor.modules" 745
"../../../Engine/Plugins/Developer/GitSourceControl/Binaries/Win64/UnrealEditor.modules" 746
"../../../Engine/Plugins/Developer/PerforceSourceControl/Binaries/Win64/UnrealEditor.modules" 747
"../../../Engine/Plugins/Developer/PlasticSourceControl/Binaries/Win64/UnrealEditor.modules" 748
"../../../Engine/Plugins/Developer/PixWinPlugin/Binaries/Win64/UnrealEditor.modules" 749
"../../../Engine/Plugins/Developer/PropertyAccessNode/Binaries/Win64/UnrealEditor.modules" 750
"../../../Engine/Plugins/Developer/PluginUtils/Binaries/Win64/UnrealEditor.modules" 751
"../../../Engine/Plugins/Developer/RiderSourceCodeAccess/Binaries/Win64/UnrealEditor.modules" 752
"../../../Engine/Plugins/Developer/TextureFormatOodle/Binaries/Win64/UnrealEditor.modules" 753
"../../../Engine/Plugins/Developer/SubversionSourceControl/Binaries/Win64/UnrealEditor.modules" 754
"../../../Engine/Plugins/Developer/RenderDocPlugin/Binaries/Win64/UnrealEditor.modules" 755
"../../../Engine/Plugins/Developer/TraceDataFiltering/Binaries/Win64/UnrealEditor.modules" 756
"../../../Engine/Plugins/Developer/UObjectPlugin/Binaries/Win64/UnrealEditor.modules" 757
"../../../Engine/Plugins/Developer/VisualStudioCodeSourceCodeAccess/Binaries/Win64/UnrealEditor.modules" 758
"../../../Engine/Plugins/Developer/VisualStudioSourceCodeAccess/Binaries/Win64/UnrealEditor.modules" 759
"../../../Engine/Plugins/Runtime/AndroidDeviceProfileSelector/Binaries/Win64/UnrealEditor.modules" 760
"../../../Engine/Plugins/Runtime/AndroidFileServer/Binaries/Win64/UnrealEditor.modules" 761
"../../../Engine/Plugins/Runtime/AndroidPermission/Binaries/Win64/UnrealEditor.modules" 762
"../../../Engine/Plugins/Runtime/ActorLayerUtilities/Binaries/Win64/UnrealEditor.modules" 763
"../../../Engine/Plugins/Runtime/AppleImageUtils/Binaries/Win64/UnrealEditor.modules" 764
"../../../Engine/Plugins/Runtime/AudioCapture/Binaries/Win64/UnrealEditor.modules" 765
"../../../Engine/Plugins/Runtime/AssetTags/Binaries/Win64/UnrealEditor.modules" 766
"../../../Engine/Plugins/Runtime/ArchVisCharacter/Binaries/Win64/UnrealEditor.modules" 767
"../../../Engine/Plugins/Runtime/CableComponent/Binaries/Win64/UnrealEditor.modules" 768
"../../../Engine/Plugins/Runtime/ChunkDownloader/Binaries/Win64/UnrealEditor.modules" 769
"../../../Engine/Plugins/Runtime/CustomMeshComponent/Binaries/Win64/UnrealEditor.modules" 770
"../../../Engine/Plugins/Runtime/ExampleDeviceProfileSelector/Binaries/Win64/UnrealEditor.modules" 771
"../../../Engine/Plugins/Runtime/InputDebugging/Binaries/Win64/UnrealEditor.modules" 772
"../../../Engine/Plugins/Runtime/GooglePAD/Binaries/Win64/UnrealEditor.modules" 773
"../../../Engine/Plugins/Runtime/LocationServicesBPLibrary/Binaries/Win64/UnrealEditor.modules" 774
"../../../Engine/Plugins/Runtime/Metasound/Binaries/Win64/UnrealEditor.modules" 775
"../../../Engine/Plugins/Runtime/AudioWidgets/Binaries/Win64/UnrealEditor.modules" 776
"../../../Engine/Plugins/Runtime/AudioSynesthesia/Binaries/Win64/UnrealEditor.modules" 777
"../../../Engine/Plugins/Runtime/WaveTable/Binaries/Win64/UnrealEditor.modules" 778
"../../../Engine/Plugins/Runtime/MobilePatchingUtils/Binaries/Win64/UnrealEditor.modules" 779
"../../../Engine/Plugins/Runtime/ResonanceAudio/Binaries/Win64/UnrealEditor.modules" 780
"../../../Engine/Plugins/Runtime/SoundFields/Binaries/Win64/UnrealEditor.modules" 781
"../../../Engine/Plugins/Runtime/Synthesis/Binaries/Win64/UnrealEditor.modules" 782
"../../../Engine/Plugins/Runtime/WebMMoviePlayer/Binaries/Win64/UnrealEditor.modules" 783
"../../../Engine/Plugins/Media/WebMMedia/Binaries/Win64/UnrealEditor.modules" 784
"../../../Engine/Plugins/Runtime/WindowsDeviceProfileSelector/Binaries/Win64/UnrealEditor.modules" 785
"../../../Engine/Plugins/Runtime/WindowsMoviePlayer/Binaries/Win64/UnrealEditor.modules" 786
"../../../Engine/Plugins/Media/AndroidMedia/Binaries/Win64/UnrealEditor.modules" 787
"../../../Engine/Plugins/Media/AvfMedia/Binaries/Win64/UnrealEditor.modules" 788
"../../../Engine/Plugins/Media/MediaCompositing/Binaries/Win64/UnrealEditor.modules" 789
"../../../Engine/Plugins/Media/ImgMedia/Binaries/Win64/UnrealEditor.modules" 790
"../../../Engine/Plugins/Media/MediaPlayerEditor/Binaries/Win64/UnrealEditor.modules" 791
"../../../Engine/Plugins/Media/MediaPlate/Binaries/Win64/UnrealEditor.modules" 792
"../../../Engine/Plugins/Media/WmfMedia/Binaries/Win64/UnrealEditor.modules" 793
"../../../Engine/Plugins/2D/Paper2D/Binaries/Win64/UnrealEditor.modules" 794
"../../../Engine/Plugins/Editor/AssetManagerEditor/Binaries/Win64/UnrealEditor.modules" 795
"../../../Engine/Plugins/Editor/BlueprintHeaderView/Binaries/Win64/UnrealEditor.modules" 796
"../../../Engine/Plugins/Editor/DataValidation/Binaries/Win64/UnrealEditor.modules" 797
"../../../Engine/Plugins/Editor/CurveEditorTools/Binaries/Win64/UnrealEditor.modules" 798
"../../../Engine/Plugins/Editor/ChangelistReview/Binaries/Win64/UnrealEditor.modules" 799
"../../../Engine/Plugins/Editor/CryptoKeys/Binaries/Win64/UnrealEditor.modules" 800
"../../../Engine/Plugins/Editor/EditorDebugTools/Binaries/Win64/UnrealEditor.modules" 801
"../../../Engine/Plugins/Editor/EngineAssetDefinitions/Binaries/Win64/UnrealEditor.modules" 802
"../../../Engine/Plugins/Editor/FacialAnimation/Binaries/Win64/UnrealEditor.modules" 803
"../../../Engine/Plugins/Editor/GameplayTagsEditor/Binaries/Win64/UnrealEditor.modules" 804
"../../../Engine/Plugins/Editor/GeometryMode/Binaries/Win64/UnrealEditor.modules" 805
"../../../Engine/Plugins/Editor/MaterialAnalyzer/Binaries/Win64/UnrealEditor.modules" 806
"../../../Engine/Plugins/Editor/MobileLauncherProfileWizard/Binaries/Win64/UnrealEditor.modules" 807
"../../../Engine/Plugins/Editor/SequencerAnimTools/Binaries/Win64/UnrealEditor.modules" 808
"../../../Engine/Plugins/Editor/WorldPartitionHLODUtilities/Binaries/Win64/UnrealEditor.modules" 809
"../../../Engine/Plugins/Editor/SpeedTreeImporter/Binaries/Win64/UnrealEditor.modules" 810
"../../../Engine/Plugins/Editor/PluginBrowser/Binaries/Win64/UnrealEditor.modules" 811
"../../../Engine/Plugins/Tests/InterchangeTests/Binaries/Win64/UnrealEditor.modules" 812
"../../../Engine/Plugins/Editor/ObjectMixer/LightMixer/Binaries/Win64/UnrealEditor.modules" 813
"../../../Engine/Plugins/Editor/ObjectMixer/ObjectMixer/Binaries/Win64/UnrealEditor.modules" 814
"../../../Engine/Plugins/Editor/ContentBrowser/ContentBrowserAssetDataSource/Binaries/Win64/UnrealEditor.modules" 815
"../../../Engine/Plugins/Editor/ContentBrowser/ContentBrowserClassDataSource/Binaries/Win64/UnrealEditor.modules" 816
"../../../Engine/Content/Certificates/ThirdParty/cacert.pem" 817
"../../../Engine/Config/ConsoleVariables.ini" 818
"../../../Engine/Binaries/Win64/Android/UnrealEditor.modules" 819
"../../../Engine/Binaries/Win64/IOS/UnrealEditor.modules" 820
"../../../Engine/Binaries/Win64/Linux/UnrealEditor.modules" 821
"../../../Engine/Binaries/Win64/LinuxArm64/UnrealEditor.modules" 822
"F:/Unreal Projects/DDay_bp/Content/Localization/Game/Game.locmeta" 823
"F:/Unreal Projects/DDay_bp/Content/Localization/Game/en/Game.locres" 824
"../../../Engine/Plugins/Online/OnlineSubsystem/Content/Localization/OnlineSubsystem/ru/OnlineSubsystem.locres" 825
"../../../Engine/Plugins/Online/OnlineSubsystemUtils/Content/Localization/OnlineSubsystemUtils/ru/OnlineSubsystemUtils.locres" 826
"../../../Engine/Plugins/Online/IOS/OnlineSubsystemIOS/Content/Localization/OnlineSubsystemIOS/ru/OnlineSubsystemIOS.locres" 827
"../../../Engine/Plugins/Online/Android/OnlineSubsystemGooglePlay/Content/Localization/OnlineSubsystemGooglePlay/ru/OnlineSubsystemGooglePlay.locres" 828
"../../../Engine/Content/Internationalization/icudt64l/numberingSystems.res" 829
"../../../Engine/Content/Internationalization/icudt64l/curr/supplementalData.res" 830
"../../../Engine/Content/Internationalization/icudt64l/curr/ru.res" 831
"../../../Engine/Content/Internationalization/icudt64l/curr/pool.res" 832
"../../../Engine/Content/Internationalization/icudt64l/curr/root.res" 833
"../../../Engine/Content/Internationalization/icudt64l/lang/af.res" 834
"../../../Engine/Content/Internationalization/icudt64l/region/af.res" 835
"../../../Engine/Content/Internationalization/icudt64l/lang/agq.res" 836
"../../../Engine/Content/Internationalization/icudt64l/region/agq.res" 837
"../../../Engine/Content/Internationalization/icudt64l/lang/ak.res" 838
"../../../Engine/Content/Internationalization/icudt64l/region/ak.res" 839
"../../../Engine/Content/Internationalization/icudt64l/lang/am.res" 840
"../../../Engine/Content/Internationalization/icudt64l/region/am.res" 841
"../../../Engine/Content/Internationalization/icudt64l/lang/ar.res" 842
"../../../Engine/Content/Internationalization/icudt64l/region/ar.res" 843
"../../../Engine/Content/Internationalization/icudt64l/region/ar_AE.res" 844
"../../../Engine/Content/Internationalization/icudt64l/lang/ar_EG.res" 845
"../../../Engine/Content/Internationalization/icudt64l/lang/ar_LY.res" 846
"../../../Engine/Content/Internationalization/icudt64l/region/ar_LY.res" 847
"../../../Engine/Content/Internationalization/icudt64l/lang/ar_SA.res" 848
"../../../Engine/Content/Internationalization/icudt64l/region/ar_SA.res" 849
"../../../Engine/Content/Internationalization/icudt64l/lang/as.res" 850
"../../../Engine/Content/Internationalization/icudt64l/region/as.res" 851
"../../../Engine/Content/Internationalization/icudt64l/lang/asa.res" 852
"../../../Engine/Content/Internationalization/icudt64l/region/asa.res" 853
"../../../Engine/Content/Internationalization/icudt64l/lang/ast.res" 854
"../../../Engine/Content/Internationalization/icudt64l/region/ast.res" 855
"../../../Engine/Content/Internationalization/icudt64l/lang/az.res" 856
"../../../Engine/Content/Internationalization/icudt64l/lang/az_Cyrl.res" 857
"../../../Engine/Content/Internationalization/icudt64l/lang/az_AZ.res" 858
"../../../Engine/Content/Internationalization/icudt64l/lang/az_Latn_AZ.res" 859
"../../../Engine/Content/Internationalization/icudt64l/lang/az_Latn.res" 860
"../../../Engine/Content/Internationalization/icudt64l/region/az_AZ.res" 861
"../../../Engine/Content/Internationalization/icudt64l/region/az_Latn_AZ.res" 862
"../../../Engine/Content/Internationalization/icudt64l/region/az_Latn.res" 863
"../../../Engine/Content/Internationalization/icudt64l/region/az.res" 864
"../../../Engine/Content/Internationalization/icudt64l/region/az_Cyrl.res" 865
"../../../Engine/Content/Internationalization/icudt64l/lang/bas.res" 866
"../../../Engine/Content/Internationalization/icudt64l/region/bas.res" 867
"../../../Engine/Content/Internationalization/icudt64l/lang/be.res" 868
"../../../Engine/Content/Internationalization/icudt64l/region/be.res" 869
"../../../Engine/Content/Internationalization/icudt64l/lang/bem.res" 870
"../../../Engine/Content/Internationalization/icudt64l/region/bem.res" 871
"../../../Engine/Content/Internationalization/icudt64l/lang/bez.res" 872
"../../../Engine/Content/Internationalization/icudt64l/region/bez.res" 873
"../../../Engine/Content/Internationalization/icudt64l/lang/bg.res" 874
"../../../Engine/Content/Internationalization/icudt64l/region/bg.res" 875
"../../../Engine/Content/Internationalization/icudt64l/lang/bm.res" 876
"../../../Engine/Content/Internationalization/icudt64l/region/bm.res" 877
"../../../Engine/Content/Internationalization/icudt64l/lang/bn.res" 878
"../../../Engine/Content/Internationalization/icudt64l/region/bn.res" 879
"../../../Engine/Content/Internationalization/icudt64l/lang/bn_IN.res" 880
"../../../Engine/Content/Internationalization/icudt64l/region/bn_IN.res" 881
"../../../Engine/Content/Internationalization/icudt64l/lang/bo.res" 882
"../../../Engine/Content/Internationalization/icudt64l/region/bo.res" 883
"../../../Engine/Content/Internationalization/icudt64l/region/bo_IN.res" 884
"../../../Engine/Content/Internationalization/icudt64l/lang/br.res" 885
"../../../Engine/Content/Internationalization/icudt64l/region/br.res" 886
"../../../Engine/Content/Internationalization/icudt64l/lang/brx.res" 887
"../../../Engine/Content/Internationalization/icudt64l/region/brx.res" 888
"../../../Engine/Content/Internationalization/icudt64l/lang/bs.res" 889
"../../../Engine/Content/Internationalization/icudt64l/lang/bs_Cyrl.res" 890
"../../../Engine/Content/Internationalization/icudt64l/lang/bs_BA.res" 891
"../../../Engine/Content/Internationalization/icudt64l/lang/bs_Latn_BA.res" 892
"../../../Engine/Content/Internationalization/icudt64l/lang/bs_Latn.res" 893
"../../../Engine/Content/Internationalization/icudt64l/region/bs_BA.res" 894
"../../../Engine/Content/Internationalization/icudt64l/region/bs_Latn_BA.res" 895
"../../../Engine/Content/Internationalization/icudt64l/region/bs_Latn.res" 896
"../../../Engine/Content/Internationalization/icudt64l/region/bs.res" 897
"../../../Engine/Content/Internationalization/icudt64l/region/bs_Cyrl.res" 898
"../../../Engine/Content/Internationalization/icudt64l/lang/ca.res" 899
"../../../Engine/Content/Internationalization/icudt64l/region/ca.res" 900
"../../../Engine/Content/Internationalization/icudt64l/lang/ccp.res" 901
"../../../Engine/Content/Internationalization/icudt64l/region/ccp.res" 902
"../../../Engine/Content/Internationalization/icudt64l/lang/ce.res" 903
"../../../Engine/Content/Internationalization/icudt64l/region/ce.res" 904
"../../../Engine/Content/Internationalization/icudt64l/lang/ceb.res" 905
"../../../Engine/Content/Internationalization/icudt64l/region/ceb.res" 906
"../../../Engine/Content/Internationalization/icudt64l/lang/cgg.res" 907
"../../../Engine/Content/Internationalization/icudt64l/region/cgg.res" 908
"../../../Engine/Content/Internationalization/icudt64l/lang/chr.res" 909
"../../../Engine/Content/Internationalization/icudt64l/region/chr.res" 910
"../../../Engine/Content/Internationalization/icudt64l/lang/ckb.res" 911
"../../../Engine/Content/Internationalization/icudt64l/region/ckb.res" 912
"../../../Engine/Content/Internationalization/icudt64l/lang/cs.res" 913
"../../../Engine/Content/Internationalization/icudt64l/region/cs.res" 914
"../../../Engine/Content/Internationalization/icudt64l/lang/cy.res" 915
"../../../Engine/Content/Internationalization/icudt64l/region/cy.res" 916
"../../../Engine/Content/Internationalization/icudt64l/lang/da.res" 917
"../../../Engine/Content/Internationalization/icudt64l/region/da.res" 918
"../../../Engine/Content/Internationalization/icudt64l/lang/dav.res" 919
"../../../Engine/Content/Internationalization/icudt64l/region/dav.res" 920
"../../../Engine/Content/Internationalization/icudt64l/lang/de.res" 921
"../../../Engine/Content/Internationalization/icudt64l/lang/de_AT.res" 922
"../../../Engine/Content/Internationalization/icudt64l/region/de_AT.res" 923
"../../../Engine/Content/Internationalization/icudt64l/region/de.res" 924
"../../../Engine/Content/Internationalization/icudt64l/lang/de_CH.res" 925
"../../../Engine/Content/Internationalization/icudt64l/region/de_CH.res" 926
"../../../Engine/Content/Internationalization/icudt64l/lang/de_LU.res" 927
"../../../Engine/Content/Internationalization/icudt64l/lang/dje.res" 928
"../../../Engine/Content/Internationalization/icudt64l/region/dje.res" 929
"../../../Engine/Content/Internationalization/icudt64l/lang/dsb.res" 930
"../../../Engine/Content/Internationalization/icudt64l/region/dsb.res" 931
"../../../Engine/Content/Internationalization/icudt64l/lang/dua.res" 932
"../../../Engine/Content/Internationalization/icudt64l/region/dua.res" 933
"../../../Engine/Content/Internationalization/icudt64l/lang/dyo.res" 934
"../../../Engine/Content/Internationalization/icudt64l/region/dyo.res" 935
"../../../Engine/Content/Internationalization/icudt64l/lang/dz.res" 936
"../../../Engine/Content/Internationalization/icudt64l/region/dz.res" 937
"../../../Engine/Content/Internationalization/icudt64l/lang/ebu.res" 938
"../../../Engine/Content/Internationalization/icudt64l/region/ebu.res" 939
"../../../Engine/Content/Internationalization/icudt64l/lang/ee.res" 940
"../../../Engine/Content/Internationalization/icudt64l/region/ee.res" 941
"../../../Engine/Content/Internationalization/icudt64l/lang/el.res" 942
"../../../Engine/Content/Internationalization/icudt64l/region/el.res" 943
"../../../Engine/Content/Internationalization/icudt64l/lang/en_001.res" 944
"../../../Engine/Content/Internationalization/icudt64l/lang/en_150.res" 945
"../../../Engine/Content/Internationalization/icudt64l/region/en_150.res" 946
"../../../Engine/Content/Internationalization/icudt64l/lang/en_AG.res" 947
"../../../Engine/Content/Internationalization/icudt64l/region/en_AG.res" 948
"../../../Engine/Content/Internationalization/icudt64l/lang/en_AI.res" 949
"../../../Engine/Content/Internationalization/icudt64l/region/en_AI.res" 950
"../../../Engine/Content/Internationalization/icudt64l/lang/en_AT.res" 951
"../../../Engine/Content/Internationalization/icudt64l/region/en_AT.res" 952
"../../../Engine/Content/Internationalization/icudt64l/lang/en_AU.res" 953
"../../../Engine/Content/Internationalization/icudt64l/region/en_AU.res" 954
"../../../Engine/Content/Internationalization/icudt64l/lang/en_BB.res" 955
"../../../Engine/Content/Internationalization/icudt64l/region/en_BB.res" 956
"../../../Engine/Content/Internationalization/icudt64l/lang/en_BE.res" 957
"../../../Engine/Content/Internationalization/icudt64l/region/en_BE.res" 958
"../../../Engine/Content/Internationalization/icudt64l/lang/en_BM.res" 959
"../../../Engine/Content/Internationalization/icudt64l/region/en_BM.res" 960
"../../../Engine/Content/Internationalization/icudt64l/lang/en_BS.res" 961
"../../../Engine/Content/Internationalization/icudt64l/region/en_BS.res" 962
"../../../Engine/Content/Internationalization/icudt64l/lang/en_BW.res" 963
"../../../Engine/Content/Internationalization/icudt64l/region/en_BW.res" 964
"../../../Engine/Content/Internationalization/icudt64l/lang/en_BZ.res" 965
"../../../Engine/Content/Internationalization/icudt64l/region/en_BZ.res" 966
"../../../Engine/Content/Internationalization/icudt64l/lang/en_CA.res" 967
"../../../Engine/Content/Internationalization/icudt64l/region/en_CA.res" 968
"../../../Engine/Content/Internationalization/icudt64l/lang/en_CC.res" 969
"../../../Engine/Content/Internationalization/icudt64l/region/en_CC.res" 970
"../../../Engine/Content/Internationalization/icudt64l/lang/en_CH.res" 971
"../../../Engine/Content/Internationalization/icudt64l/region/en_CH.res" 972
"../../../Engine/Content/Internationalization/icudt64l/lang/en_CK.res" 973
"../../../Engine/Content/Internationalization/icudt64l/region/en_CK.res" 974
"../../../Engine/Content/Internationalization/icudt64l/lang/en_CM.res" 975
"../../../Engine/Content/Internationalization/icudt64l/region/en_CM.res" 976
"../../../Engine/Content/Internationalization/icudt64l/lang/en_CX.res" 977
"../../../Engine/Content/Internationalization/icudt64l/region/en_CX.res" 978
"../../../Engine/Content/Internationalization/icudt64l/lang/en_CY.res" 979
"../../../Engine/Content/Internationalization/icudt64l/region/en_CY.res" 980
"../../../Engine/Content/Internationalization/icudt64l/lang/en_DE.res" 981
"../../../Engine/Content/Internationalization/icudt64l/region/en_DE.res" 982
"../../../Engine/Content/Internationalization/icudt64l/lang/en_DG.res" 983
"../../../Engine/Content/Internationalization/icudt64l/region/en_DG.res" 984
"../../../Engine/Content/Internationalization/icudt64l/lang/en_DK.res" 985
"../../../Engine/Content/Internationalization/icudt64l/region/en_DK.res" 986
"../../../Engine/Content/Internationalization/icudt64l/lang/en_DM.res" 987
"../../../Engine/Content/Internationalization/icudt64l/region/en_DM.res" 988
"../../../Engine/Content/Internationalization/icudt64l/lang/en_ER.res" 989
"../../../Engine/Content/Internationalization/icudt64l/region/en_ER.res" 990
"../../../Engine/Content/Internationalization/icudt64l/lang/en_FI.res" 991
"../../../Engine/Content/Internationalization/icudt64l/region/en_FI.res" 992
"../../../Engine/Content/Internationalization/icudt64l/lang/en_FJ.res" 993
"../../../Engine/Content/Internationalization/icudt64l/region/en_FJ.res" 994
"../../../Engine/Content/Internationalization/icudt64l/lang/en_FK.res" 995
"../../../Engine/Content/Internationalization/icudt64l/region/en_FK.res" 996
"../../../Engine/Content/Internationalization/icudt64l/lang/en_FM.res" 997
"../../../Engine/Content/Internationalization/icudt64l/region/en_FM.res" 998
"../../../Engine/Content/Internationalization/icudt64l/lang/en_GB.res" 999
"../../../Engine/Content/Internationalization/icudt64l/region/en_GB.res" 1000
"../../../Engine/Content/Internationalization/icudt64l/lang/en_GD.res" 1001
"../../../Engine/Content/Internationalization/icudt64l/region/en_GD.res" 1002
"../../../Engine/Content/Internationalization/icudt64l/lang/en_GG.res" 1003
"../../../Engine/Content/Internationalization/icudt64l/region/en_GG.res" 1004
"../../../Engine/Content/Internationalization/icudt64l/lang/en_GH.res" 1005
"../../../Engine/Content/Internationalization/icudt64l/region/en_GH.res" 1006
"../../../Engine/Content/Internationalization/icudt64l/lang/en_GI.res" 1007
"../../../Engine/Content/Internationalization/icudt64l/region/en_GI.res" 1008
"../../../Engine/Content/Internationalization/icudt64l/lang/en_GM.res" 1009
"../../../Engine/Content/Internationalization/icudt64l/region/en_GM.res" 1010
"../../../Engine/Content/Internationalization/icudt64l/lang/en_GY.res" 1011
"../../../Engine/Content/Internationalization/icudt64l/region/en_GY.res" 1012
"../../../Engine/Content/Internationalization/icudt64l/lang/en_HK.res" 1013
"../../../Engine/Content/Internationalization/icudt64l/region/en_HK.res" 1014
"../../../Engine/Content/Internationalization/icudt64l/lang/en_IE.res" 1015
"../../../Engine/Content/Internationalization/icudt64l/region/en_IE.res" 1016
"../../../Engine/Content/Internationalization/icudt64l/lang/en_IL.res" 1017
"../../../Engine/Content/Internationalization/icudt64l/region/en_IL.res" 1018
"../../../Engine/Content/Internationalization/icudt64l/lang/en_IM.res" 1019
"../../../Engine/Content/Internationalization/icudt64l/region/en_IM.res" 1020
"../../../Engine/Content/Internationalization/icudt64l/lang/en_IN.res" 1021
"../../../Engine/Content/Internationalization/icudt64l/region/en_IN.res" 1022
"../../../Engine/Content/Internationalization/icudt64l/lang/en_IO.res" 1023
"../../../Engine/Content/Internationalization/icudt64l/region/en_IO.res" 1024
"../../../Engine/Content/Internationalization/icudt64l/lang/en_JE.res" 1025
"../../../Engine/Content/Internationalization/icudt64l/region/en_JE.res" 1026
"../../../Engine/Content/Internationalization/icudt64l/lang/en_JM.res" 1027
"../../../Engine/Content/Internationalization/icudt64l/region/en_JM.res" 1028
"../../../Engine/Content/Internationalization/icudt64l/lang/en_KE.res" 1029
"../../../Engine/Content/Internationalization/icudt64l/region/en_KE.res" 1030
"../../../Engine/Content/Internationalization/icudt64l/lang/en_KI.res" 1031
"../../../Engine/Content/Internationalization/icudt64l/region/en_KI.res" 1032
"../../../Engine/Content/Internationalization/icudt64l/lang/en_KN.res" 1033
"../../../Engine/Content/Internationalization/icudt64l/region/en_KN.res" 1034
"../../../Engine/Content/Internationalization/icudt64l/lang/en_KY.res" 1035
"../../../Engine/Content/Internationalization/icudt64l/region/en_KY.res" 1036
"../../../Engine/Content/Internationalization/icudt64l/lang/en_LC.res" 1037
"../../../Engine/Content/Internationalization/icudt64l/region/en_LC.res" 1038
"../../../Engine/Content/Internationalization/icudt64l/lang/en_LR.res" 1039
"../../../Engine/Content/Internationalization/icudt64l/region/en_LR.res" 1040
"../../../Engine/Content/Internationalization/icudt64l/lang/en_LS.res" 1041
"../../../Engine/Content/Internationalization/icudt64l/region/en_LS.res" 1042
"../../../Engine/Content/Internationalization/icudt64l/lang/en_MG.res" 1043
"../../../Engine/Content/Internationalization/icudt64l/region/en_MG.res" 1044
"../../../Engine/Content/Internationalization/icudt64l/lang/en_MO.res" 1045
"../../../Engine/Content/Internationalization/icudt64l/region/en_MO.res" 1046
"../../../Engine/Content/Internationalization/icudt64l/lang/en_MS.res" 1047
"../../../Engine/Content/Internationalization/icudt64l/region/en_MS.res" 1048
"../../../Engine/Content/Internationalization/icudt64l/lang/en_MT.res" 1049
"../../../Engine/Content/Internationalization/icudt64l/region/en_MT.res" 1050
"../../../Engine/Content/Internationalization/icudt64l/lang/en_MU.res" 1051
"../../../Engine/Content/Internationalization/icudt64l/region/en_MU.res" 1052
"../../../Engine/Content/Internationalization/icudt64l/lang/en_MW.res" 1053
"../../../Engine/Content/Internationalization/icudt64l/region/en_MW.res" 1054
"../../../Engine/Content/Internationalization/icudt64l/lang/en_MY.res" 1055
"../../../Engine/Content/Internationalization/icudt64l/region/en_MY.res" 1056
"../../../Engine/Content/Internationalization/icudt64l/lang/en_NA.res" 1057
"../../../Engine/Content/Internationalization/icudt64l/region/en_NA.res" 1058
"../../../Engine/Content/Internationalization/icudt64l/lang/en_NF.res" 1059
"../../../Engine/Content/Internationalization/icudt64l/region/en_NF.res" 1060
"../../../Engine/Content/Internationalization/icudt64l/lang/en_NG.res" 1061
"../../../Engine/Content/Internationalization/icudt64l/region/en_NG.res" 1062
"../../../Engine/Content/Internationalization/icudt64l/lang/en_NL.res" 1063
"../../../Engine/Content/Internationalization/icudt64l/region/en_NL.res" 1064
"../../../Engine/Content/Internationalization/icudt64l/lang/en_NR.res" 1065
"../../../Engine/Content/Internationalization/icudt64l/region/en_NR.res" 1066
"../../../Engine/Content/Internationalization/icudt64l/lang/en_NU.res" 1067
"../../../Engine/Content/Internationalization/icudt64l/region/en_NU.res" 1068
"../../../Engine/Content/Internationalization/icudt64l/lang/en_NZ.res" 1069
"../../../Engine/Content/Internationalization/icudt64l/region/en_NZ.res" 1070
"../../../Engine/Content/Internationalization/icudt64l/lang/en_PG.res" 1071
"../../../Engine/Content/Internationalization/icudt64l/region/en_PG.res" 1072
"../../../Engine/Content/Internationalization/icudt64l/lang/en_PH.res" 1073
"../../../Engine/Content/Internationalization/icudt64l/region/en_PH.res" 1074
"../../../Engine/Content/Internationalization/icudt64l/lang/en_PK.res" 1075
"../../../Engine/Content/Internationalization/icudt64l/region/en_PK.res" 1076
"../../../Engine/Content/Internationalization/icudt64l/lang/en_PN.res" 1077
"../../../Engine/Content/Internationalization/icudt64l/region/en_PN.res" 1078
"../../../Engine/Content/Internationalization/icudt64l/lang/en_PW.res" 1079
"../../../Engine/Content/Internationalization/icudt64l/region/en_PW.res" 1080
"../../../Engine/Content/Internationalization/icudt64l/lang/en_RW.res" 1081
"../../../Engine/Content/Internationalization/icudt64l/region/en_RW.res" 1082
"../../../Engine/Content/Internationalization/icudt64l/lang/en_SB.res" 1083
"../../../Engine/Content/Internationalization/icudt64l/region/en_SB.res" 1084
"../../../Engine/Content/Internationalization/icudt64l/lang/en_SC.res" 1085
"../../../Engine/Content/Internationalization/icudt64l/region/en_SC.res" 1086
"../../../Engine/Content/Internationalization/icudt64l/lang/en_SD.res" 1087
"../../../Engine/Content/Internationalization/icudt64l/region/en_SD.res" 1088
"../../../Engine/Content/Internationalization/icudt64l/lang/en_SE.res" 1089
"../../../Engine/Content/Internationalization/icudt64l/region/en_SE.res" 1090
"../../../Engine/Content/Internationalization/icudt64l/lang/en_SG.res" 1091
"../../../Engine/Content/Internationalization/icudt64l/region/en_SG.res" 1092
"../../../Engine/Content/Internationalization/icudt64l/lang/en_SH.res" 1093
"../../../Engine/Content/Internationalization/icudt64l/region/en_SH.res" 1094
"../../../Engine/Content/Internationalization/icudt64l/lang/en_SI.res" 1095
"../../../Engine/Content/Internationalization/icudt64l/region/en_SI.res" 1096
"../../../Engine/Content/Internationalization/icudt64l/lang/en_SL.res" 1097
"../../../Engine/Content/Internationalization/icudt64l/region/en_SL.res" 1098
"../../../Engine/Content/Internationalization/icudt64l/lang/en_SS.res" 1099
"../../../Engine/Content/Internationalization/icudt64l/region/en_SS.res" 1100
"../../../Engine/Content/Internationalization/icudt64l/lang/en_SX.res" 1101
"../../../Engine/Content/Internationalization/icudt64l/region/en_SX.res" 1102
"../../../Engine/Content/Internationalization/icudt64l/lang/en_SZ.res" 1103
"../../../Engine/Content/Internationalization/icudt64l/region/en_SZ.res" 1104
"../../../Engine/Content/Internationalization/icudt64l/lang/en_TC.res" 1105
"../../../Engine/Content/Internationalization/icudt64l/region/en_TC.res" 1106
"../../../Engine/Content/Internationalization/icudt64l/lang/en_TK.res" 1107
"../../../Engine/Content/Internationalization/icudt64l/region/en_TK.res" 1108
"../../../Engine/Content/Internationalization/icudt64l/lang/en_TO.res" 1109
"../../../Engine/Content/Internationalization/icudt64l/region/en_TO.res" 1110
"../../../Engine/Content/Internationalization/icudt64l/lang/en_TT.res" 1111
"../../../Engine/Content/Internationalization/icudt64l/region/en_TT.res" 1112
"../../../Engine/Content/Internationalization/icudt64l/lang/en_TV.res" 1113
"../../../Engine/Content/Internationalization/icudt64l/region/en_TV.res" 1114
"../../../Engine/Content/Internationalization/icudt64l/lang/en_TZ.res" 1115
"../../../Engine/Content/Internationalization/icudt64l/region/en_TZ.res" 1116
"../../../Engine/Content/Internationalization/icudt64l/lang/en_UG.res" 1117
"../../../Engine/Content/Internationalization/icudt64l/region/en_UG.res" 1118
"../../../Engine/Content/Internationalization/icudt64l/lang/en_VC.res" 1119
"../../../Engine/Content/Internationalization/icudt64l/region/en_VC.res" 1120
"../../../Engine/Content/Internationalization/icudt64l/lang/en_VG.res" 1121
"../../../Engine/Content/Internationalization/icudt64l/region/en_VG.res" 1122
"../../../Engine/Content/Internationalization/icudt64l/lang/en_VU.res" 1123
"../../../Engine/Content/Internationalization/icudt64l/region/en_VU.res" 1124
"../../../Engine/Content/Internationalization/icudt64l/lang/en_WS.res" 1125
"../../../Engine/Content/Internationalization/icudt64l/region/en_WS.res" 1126
"../../../Engine/Content/Internationalization/icudt64l/lang/en_ZA.res" 1127
"../../../Engine/Content/Internationalization/icudt64l/region/en_ZA.res" 1128
"../../../Engine/Content/Internationalization/icudt64l/lang/en_ZM.res" 1129
"../../../Engine/Content/Internationalization/icudt64l/region/en_ZM.res" 1130
"../../../Engine/Content/Internationalization/icudt64l/lang/en_ZW.res" 1131
"../../../Engine/Content/Internationalization/icudt64l/region/en_ZW.res" 1132
"../../../Engine/Content/Internationalization/icudt64l/lang/eo.res" 1133
"../../../Engine/Content/Internationalization/icudt64l/region/eo.res" 1134
"../../../Engine/Content/Internationalization/icudt64l/lang/es.res" 1135
"../../../Engine/Content/Internationalization/icudt64l/lang/es_419.res" 1136
"../../../Engine/Content/Internationalization/icudt64l/region/es_419.res" 1137
"../../../Engine/Content/Internationalization/icudt64l/region/es.res" 1138
"../../../Engine/Content/Internationalization/icudt64l/lang/es_AR.res" 1139
"../../../Engine/Content/Internationalization/icudt64l/region/es_AR.res" 1140
"../../../Engine/Content/Internationalization/icudt64l/lang/es_BO.res" 1141
"../../../Engine/Content/Internationalization/icudt64l/region/es_BO.res" 1142
"../../../Engine/Content/Internationalization/icudt64l/lang/es_BR.res" 1143
"../../../Engine/Content/Internationalization/icudt64l/region/es_BR.res" 1144
"../../../Engine/Content/Internationalization/icudt64l/lang/es_BZ.res" 1145
"../../../Engine/Content/Internationalization/icudt64l/region/es_BZ.res" 1146
"../../../Engine/Content/Internationalization/icudt64l/lang/es_CL.res" 1147
"../../../Engine/Content/Internationalization/icudt64l/region/es_CL.res" 1148
"../../../Engine/Content/Internationalization/icudt64l/lang/es_CO.res" 1149
"../../../Engine/Content/Internationalization/icudt64l/region/es_CO.res" 1150
"../../../Engine/Content/Internationalization/icudt64l/lang/es_CR.res" 1151
"../../../Engine/Content/Internationalization/icudt64l/region/es_CR.res" 1152
"../../../Engine/Content/Internationalization/icudt64l/lang/es_CU.res" 1153
"../../../Engine/Content/Internationalization/icudt64l/region/es_CU.res" 1154
"../../../Engine/Content/Internationalization/icudt64l/lang/es_DO.res" 1155
"../../../Engine/Content/Internationalization/icudt64l/region/es_DO.res" 1156
"../../../Engine/Content/Internationalization/icudt64l/lang/es_EC.res" 1157
"../../../Engine/Content/Internationalization/icudt64l/region/es_EC.res" 1158
"../../../Engine/Content/Internationalization/icudt64l/lang/es_GT.res" 1159
"../../../Engine/Content/Internationalization/icudt64l/region/es_GT.res" 1160
"../../../Engine/Content/Internationalization/icudt64l/lang/es_HN.res" 1161
"../../../Engine/Content/Internationalization/icudt64l/region/es_HN.res" 1162
"../../../Engine/Content/Internationalization/icudt64l/lang/es_MX.res" 1163
"../../../Engine/Content/Internationalization/icudt64l/region/es_MX.res" 1164
"../../../Engine/Content/Internationalization/icudt64l/lang/es_NI.res" 1165
"../../../Engine/Content/Internationalization/icudt64l/region/es_NI.res" 1166
"../../../Engine/Content/Internationalization/icudt64l/lang/es_PA.res" 1167
"../../../Engine/Content/Internationalization/icudt64l/region/es_PA.res" 1168
"../../../Engine/Content/Internationalization/icudt64l/lang/es_PE.res" 1169
"../../../Engine/Content/Internationalization/icudt64l/region/es_PE.res" 1170
"../../../Engine/Content/Internationalization/icudt64l/lang/es_PR.res" 1171
"../../../Engine/Content/Internationalization/icudt64l/region/es_PR.res" 1172
"../../../Engine/Content/Internationalization/icudt64l/lang/es_PY.res" 1173
"../../../Engine/Content/Internationalization/icudt64l/region/es_PY.res" 1174
"../../../Engine/Content/Internationalization/icudt64l/lang/es_SV.res" 1175
"../../../Engine/Content/Internationalization/icudt64l/region/es_SV.res" 1176
"../../../Engine/Content/Internationalization/icudt64l/lang/es_US.res" 1177
"../../../Engine/Content/Internationalization/icudt64l/region/es_US.res" 1178
"../../../Engine/Content/Internationalization/icudt64l/lang/es_UY.res" 1179
"../../../Engine/Content/Internationalization/icudt64l/region/es_UY.res" 1180
"../../../Engine/Content/Internationalization/icudt64l/lang/es_VE.res" 1181
"../../../Engine/Content/Internationalization/icudt64l/region/es_VE.res" 1182
"../../../Engine/Content/Internationalization/icudt64l/lang/et.res" 1183
"../../../Engine/Content/Internationalization/icudt64l/region/et.res" 1184
"../../../Engine/Content/Internationalization/icudt64l/lang/eu.res" 1185
"../../../Engine/Content/Internationalization/icudt64l/region/eu.res" 1186
"../../../Engine/Content/Internationalization/icudt64l/lang/ewo.res" 1187
"../../../Engine/Content/Internationalization/icudt64l/region/ewo.res" 1188
"../../../Engine/Content/Internationalization/icudt64l/lang/fa.res" 1189
"../../../Engine/Content/Internationalization/icudt64l/lang/fa_AF.res" 1190
"../../../Engine/Content/Internationalization/icudt64l/region/fa_AF.res" 1191
"../../../Engine/Content/Internationalization/icudt64l/region/fa.res" 1192
"../../../Engine/Content/Internationalization/icudt64l/lang/ff.res" 1193
"../../../Engine/Content/Internationalization/icudt64l/lang/ff_Latn.res" 1194
"../../../Engine/Content/Internationalization/icudt64l/region/ff.res" 1195
"../../../Engine/Content/Internationalization/icudt64l/region/ff_Latn.res" 1196
"../../../Engine/Content/Internationalization/icudt64l/lang/ff_CM.res" 1197
"../../../Engine/Content/Internationalization/icudt64l/lang/ff_Latn_CM.res" 1198
"../../../Engine/Content/Internationalization/icudt64l/region/ff_CM.res" 1199
"../../../Engine/Content/Internationalization/icudt64l/region/ff_Latn_CM.res" 1200
"../../../Engine/Content/Internationalization/icudt64l/lang/ff_GN.res" 1201
"../../../Engine/Content/Internationalization/icudt64l/lang/ff_Latn_GN.res" 1202
"../../../Engine/Content/Internationalization/icudt64l/region/ff_GN.res" 1203
"../../../Engine/Content/Internationalization/icudt64l/region/ff_Latn_GN.res" 1204
"../../../Engine/Content/Internationalization/icudt64l/lang/ff_MR.res" 1205
"../../../Engine/Content/Internationalization/icudt64l/lang/ff_Latn_MR.res" 1206
"../../../Engine/Content/Internationalization/icudt64l/region/ff_MR.res" 1207
"../../../Engine/Content/Internationalization/icudt64l/region/ff_Latn_MR.res" 1208
"../../../Engine/Content/Internationalization/icudt64l/lang/ff_SN.res" 1209
"../../../Engine/Content/Internationalization/icudt64l/lang/ff_Latn_SN.res" 1210
"../../../Engine/Content/Internationalization/icudt64l/region/ff_SN.res" 1211
"../../../Engine/Content/Internationalization/icudt64l/region/ff_Latn_SN.res" 1212
"../../../Engine/Content/Internationalization/icudt64l/lang/fi.res" 1213
"../../../Engine/Content/Internationalization/icudt64l/region/fi.res" 1214
"../../../Engine/Content/Internationalization/icudt64l/lang/fil.res" 1215
"../../../Engine/Content/Internationalization/icudt64l/lang/fil_PH.res" 1216
"../../../Engine/Content/Internationalization/icudt64l/region/fil_PH.res" 1217
"../../../Engine/Content/Internationalization/icudt64l/region/fil.res" 1218
"../../../Engine/Content/Internationalization/icudt64l/lang/fo.res" 1219
"../../../Engine/Content/Internationalization/icudt64l/region/fo.res" 1220
"../../../Engine/Content/Internationalization/icudt64l/lang/fr.res" 1221
"../../../Engine/Content/Internationalization/icudt64l/lang/fr_BE.res" 1222
"../../../Engine/Content/Internationalization/icudt64l/region/fr_BE.res" 1223
"../../../Engine/Content/Internationalization/icudt64l/region/fr.res" 1224
"../../../Engine/Content/Internationalization/icudt64l/lang/fr_CA.res" 1225
"../../../Engine/Content/Internationalization/icudt64l/region/fr_CA.res" 1226
"../../../Engine/Content/Internationalization/icudt64l/lang/fr_CH.res" 1227
"../../../Engine/Content/Internationalization/icudt64l/lang/fur.res" 1228
"../../../Engine/Content/Internationalization/icudt64l/region/fur.res" 1229
"../../../Engine/Content/Internationalization/icudt64l/lang/fy.res" 1230
"../../../Engine/Content/Internationalization/icudt64l/region/fy.res" 1231
"../../../Engine/Content/Internationalization/icudt64l/lang/ga.res" 1232
"../../../Engine/Content/Internationalization/icudt64l/region/ga.res" 1233
"../../../Engine/Content/Internationalization/icudt64l/lang/gd.res" 1234
"../../../Engine/Content/Internationalization/icudt64l/region/gd.res" 1235
"../../../Engine/Content/Internationalization/icudt64l/lang/gl.res" 1236
"../../../Engine/Content/Internationalization/icudt64l/region/gl.res" 1237
"../../../Engine/Content/Internationalization/icudt64l/lang/gsw.res" 1238
"../../../Engine/Content/Internationalization/icudt64l/region/gsw.res" 1239
"../../../Engine/Content/Internationalization/icudt64l/lang/gu.res" 1240
"../../../Engine/Content/Internationalization/icudt64l/region/gu.res" 1241
"../../../Engine/Content/Internationalization/icudt64l/lang/guz.res" 1242
"../../../Engine/Content/Internationalization/icudt64l/region/guz.res" 1243
"../../../Engine/Content/Internationalization/icudt64l/lang/gv.res" 1244
"../../../Engine/Content/Internationalization/icudt64l/region/gv.res" 1245
"../../../Engine/Content/Internationalization/icudt64l/lang/ha.res" 1246
"../../../Engine/Content/Internationalization/icudt64l/region/ha.res" 1247
"../../../Engine/Content/Internationalization/icudt64l/lang/ha_NE.res" 1248
"../../../Engine/Content/Internationalization/icudt64l/region/ha_NE.res" 1249
"../../../Engine/Content/Internationalization/icudt64l/lang/haw.res" 1250
"../../../Engine/Content/Internationalization/icudt64l/region/haw.res" 1251
"../../../Engine/Content/Internationalization/icudt64l/lang/he.res" 1252
"../../../Engine/Content/Internationalization/icudt64l/lang/he_IL.res" 1253
"../../../Engine/Content/Internationalization/icudt64l/region/he_IL.res" 1254
"../../../Engine/Content/Internationalization/icudt64l/region/he.res" 1255
"../../../Engine/Content/Internationalization/icudt64l/lang/hi.res" 1256
"../../../Engine/Content/Internationalization/icudt64l/region/hi.res" 1257
"../../../Engine/Content/Internationalization/icudt64l/lang/hr.res" 1258
"../../../Engine/Content/Internationalization/icudt64l/region/hr.res" 1259
"../../../Engine/Content/Internationalization/icudt64l/lang/hsb.res" 1260
"../../../Engine/Content/Internationalization/icudt64l/region/hsb.res" 1261
"../../../Engine/Content/Internationalization/icudt64l/lang/hu.res" 1262
"../../../Engine/Content/Internationalization/icudt64l/region/hu.res" 1263
"../../../Engine/Content/Internationalization/icudt64l/lang/hy.res" 1264
"../../../Engine/Content/Internationalization/icudt64l/region/hy.res" 1265
"../../../Engine/Content/Internationalization/icudt64l/lang/ia.res" 1266
"../../../Engine/Content/Internationalization/icudt64l/region/ia.res" 1267
"../../../Engine/Content/Internationalization/icudt64l/lang/id.res" 1268
"../../../Engine/Content/Internationalization/icudt64l/lang/id_ID.res" 1269
"../../../Engine/Content/Internationalization/icudt64l/region/id_ID.res" 1270
"../../../Engine/Content/Internationalization/icudt64l/region/id.res" 1271
"../../../Engine/Content/Internationalization/icudt64l/lang/ig.res" 1272
"../../../Engine/Content/Internationalization/icudt64l/region/ig.res" 1273
"../../../Engine/Content/Internationalization/icudt64l/lang/ii.res" 1274
"../../../Engine/Content/Internationalization/icudt64l/region/ii.res" 1275
"../../../Engine/Content/Internationalization/icudt64l/lang/is.res" 1276
"../../../Engine/Content/Internationalization/icudt64l/region/is.res" 1277
"../../../Engine/Content/Internationalization/icudt64l/lang/it.res" 1278
"../../../Engine/Content/Internationalization/icudt64l/region/it.res" 1279
"../../../Engine/Content/Internationalization/icudt64l/lang/ja.res" 1280
"../../../Engine/Content/Internationalization/icudt64l/lang/ja_JP.res" 1281
"../../../Engine/Content/Internationalization/icudt64l/region/ja_JP.res" 1282
"../../../Engine/Content/Internationalization/icudt64l/region/ja.res" 1283
"../../../Engine/Content/Internationalization/icudt64l/lang/jgo.res" 1284
"../../../Engine/Content/Internationalization/icudt64l/region/jgo.res" 1285
"../../../Engine/Content/Internationalization/icudt64l/lang/jmc.res" 1286
"../../../Engine/Content/Internationalization/icudt64l/region/jmc.res" 1287
"../../../Engine/Content/Internationalization/icudt64l/lang/jv.res" 1288
"../../../Engine/Content/Internationalization/icudt64l/region/jv.res" 1289
"../../../Engine/Content/Internationalization/icudt64l/lang/ka.res" 1290
"../../../Engine/Content/Internationalization/icudt64l/region/ka.res" 1291
"../../../Engine/Content/Internationalization/icudt64l/lang/kab.res" 1292
"../../../Engine/Content/Internationalization/icudt64l/region/kab.res" 1293
"../../../Engine/Content/Internationalization/icudt64l/lang/kam.res" 1294
"../../../Engine/Content/Internationalization/icudt64l/region/kam.res" 1295
"../../../Engine/Content/Internationalization/icudt64l/lang/kde.res" 1296
"../../../Engine/Content/Internationalization/icudt64l/region/kde.res" 1297
"../../../Engine/Content/Internationalization/icudt64l/lang/kea.res" 1298
"../../../Engine/Content/Internationalization/icudt64l/region/kea.res" 1299
"../../../Engine/Content/Internationalization/icudt64l/lang/khq.res" 1300
"../../../Engine/Content/Internationalization/icudt64l/region/khq.res" 1301
"../../../Engine/Content/Internationalization/icudt64l/lang/ki.res" 1302
"../../../Engine/Content/Internationalization/icudt64l/region/ki.res" 1303
"../../../Engine/Content/Internationalization/icudt64l/lang/kk.res" 1304
"../../../Engine/Content/Internationalization/icudt64l/region/kk.res" 1305
"../../../Engine/Content/Internationalization/icudt64l/lang/kkj.res" 1306
"../../../Engine/Content/Internationalization/icudt64l/region/kkj.res" 1307
"../../../Engine/Content/Internationalization/icudt64l/lang/kl.res" 1308
"../../../Engine/Content/Internationalization/icudt64l/region/kl.res" 1309
"../../../Engine/Content/Internationalization/icudt64l/lang/kln.res" 1310
"../../../Engine/Content/Internationalization/icudt64l/region/kln.res" 1311
"../../../Engine/Content/Internationalization/icudt64l/lang/km.res" 1312
"../../../Engine/Content/Internationalization/icudt64l/region/km.res" 1313
"../../../Engine/Content/Internationalization/icudt64l/lang/kn.res" 1314
"../../../Engine/Content/Internationalization/icudt64l/region/kn.res" 1315
"../../../Engine/Content/Internationalization/icudt64l/lang/ko.res" 1316
"../../../Engine/Content/Internationalization/icudt64l/region/ko_KP.res" 1317
"../../../Engine/Content/Internationalization/icudt64l/region/ko.res" 1318
"../../../Engine/Content/Internationalization/icudt64l/lang/kok.res" 1319
"../../../Engine/Content/Internationalization/icudt64l/region/kok.res" 1320
"../../../Engine/Content/Internationalization/icudt64l/lang/ks.res" 1321
"../../../Engine/Content/Internationalization/icudt64l/region/ks.res" 1322
"../../../Engine/Content/Internationalization/icudt64l/lang/ksb.res" 1323
"../../../Engine/Content/Internationalization/icudt64l/region/ksb.res" 1324
"../../../Engine/Content/Internationalization/icudt64l/lang/ksf.res" 1325
"../../../Engine/Content/Internationalization/icudt64l/region/ksf.res" 1326
"../../../Engine/Content/Internationalization/icudt64l/lang/ksh.res" 1327
"../../../Engine/Content/Internationalization/icudt64l/region/ksh.res" 1328
"../../../Engine/Content/Internationalization/icudt64l/lang/ku.res" 1329
"../../../Engine/Content/Internationalization/icudt64l/region/ku.res" 1330
"../../../Engine/Content/Internationalization/icudt64l/lang/kw.res" 1331
"../../../Engine/Content/Internationalization/icudt64l/region/kw.res" 1332
"../../../Engine/Content/Internationalization/icudt64l/lang/ky.res" 1333
"../../../Engine/Content/Internationalization/icudt64l/region/ky.res" 1334
"../../../Engine/Content/Internationalization/icudt64l/lang/lag.res" 1335
"../../../Engine/Content/Internationalization/icudt64l/region/lag.res" 1336
"../../../Engine/Content/Internationalization/icudt64l/lang/lb.res" 1337
"../../../Engine/Content/Internationalization/icudt64l/region/lb.res" 1338
"../../../Engine/Content/Internationalization/icudt64l/lang/lg.res" 1339
"../../../Engine/Content/Internationalization/icudt64l/region/lg.res" 1340
"../../../Engine/Content/Internationalization/icudt64l/lang/lkt.res" 1341
"../../../Engine/Content/Internationalization/icudt64l/region/lkt.res" 1342
"../../../Engine/Content/Internationalization/icudt64l/lang/ln.res" 1343
"../../../Engine/Content/Internationalization/icudt64l/region/ln.res" 1344
"../../../Engine/Content/Internationalization/icudt64l/lang/lo.res" 1345
"../../../Engine/Content/Internationalization/icudt64l/region/lo.res" 1346
"../../../Engine/Content/Internationalization/icudt64l/lang/lrc.res" 1347
"../../../Engine/Content/Internationalization/icudt64l/region/lrc.res" 1348
"../../../Engine/Content/Internationalization/icudt64l/lang/lt.res" 1349
"../../../Engine/Content/Internationalization/icudt64l/region/lt.res" 1350
"../../../Engine/Content/Internationalization/icudt64l/lang/lu.res" 1351
"../../../Engine/Content/Internationalization/icudt64l/region/lu.res" 1352
"../../../Engine/Content/Internationalization/icudt64l/lang/luo.res" 1353
"../../../Engine/Content/Internationalization/icudt64l/region/luo.res" 1354
"../../../Engine/Content/Internationalization/icudt64l/lang/luy.res" 1355
"../../../Engine/Content/Internationalization/icudt64l/region/luy.res" 1356
"../../../Engine/Content/Internationalization/icudt64l/lang/lv.res" 1357
"../../../Engine/Content/Internationalization/icudt64l/region/lv.res" 1358
"../../../Engine/Content/Internationalization/icudt64l/lang/mas.res" 1359
"../../../Engine/Content/Internationalization/icudt64l/region/mas.res" 1360
"../../../Engine/Content/Internationalization/icudt64l/lang/mer.res" 1361
"../../../Engine/Content/Internationalization/icudt64l/region/mer.res" 1362
"../../../Engine/Content/Internationalization/icudt64l/lang/mfe.res" 1363
"../../../Engine/Content/Internationalization/icudt64l/region/mfe.res" 1364
"../../../Engine/Content/Internationalization/icudt64l/lang/mg.res" 1365
"../../../Engine/Content/Internationalization/icudt64l/region/mg.res" 1366
"../../../Engine/Content/Internationalization/icudt64l/lang/mgh.res" 1367
"../../../Engine/Content/Internationalization/icudt64l/region/mgh.res" 1368
"../../../Engine/Content/Internationalization/icudt64l/lang/mgo.res" 1369
"../../../Engine/Content/Internationalization/icudt64l/region/mgo.res" 1370
"../../../Engine/Content/Internationalization/icudt64l/lang/mi.res" 1371
"../../../Engine/Content/Internationalization/icudt64l/region/mi.res" 1372
"../../../Engine/Content/Internationalization/icudt64l/lang/mk.res" 1373
"../../../Engine/Content/Internationalization/icudt64l/region/mk.res" 1374
"../../../Engine/Content/Internationalization/icudt64l/lang/ml.res" 1375
"../../../Engine/Content/Internationalization/icudt64l/region/ml.res" 1376
"../../../Engine/Content/Internationalization/icudt64l/lang/mn.res" 1377
"../../../Engine/Content/Internationalization/icudt64l/region/mn.res" 1378
"../../../Engine/Content/Internationalization/icudt64l/lang/mr.res" 1379
"../../../Engine/Content/Internationalization/icudt64l/region/mr.res" 1380
"../../../Engine/Content/Internationalization/icudt64l/lang/ms.res" 1381
"../../../Engine/Content/Internationalization/icudt64l/region/ms.res" 1382
"../../../Engine/Content/Internationalization/icudt64l/lang/mt.res" 1383
"../../../Engine/Content/Internationalization/icudt64l/region/mt.res" 1384
"../../../Engine/Content/Internationalization/icudt64l/lang/mua.res" 1385
"../../../Engine/Content/Internationalization/icudt64l/region/mua.res" 1386
"../../../Engine/Content/Internationalization/icudt64l/lang/my.res" 1387
"../../../Engine/Content/Internationalization/icudt64l/region/my.res" 1388
"../../../Engine/Content/Internationalization/icudt64l/lang/mzn.res" 1389
"../../../Engine/Content/Internationalization/icudt64l/region/mzn.res" 1390
"../../../Engine/Content/Internationalization/icudt64l/lang/naq.res" 1391
"../../../Engine/Content/Internationalization/icudt64l/region/naq.res" 1392
"../../../Engine/Content/Internationalization/icudt64l/lang/nb.res" 1393
"../../../Engine/Content/Internationalization/icudt64l/lang/nb_NO.res" 1394
"../../../Engine/Content/Internationalization/icudt64l/region/nb_NO.res" 1395
"../../../Engine/Content/Internationalization/icudt64l/region/nb.res" 1396
"../../../Engine/Content/Internationalization/icudt64l/lang/nd.res" 1397
"../../../Engine/Content/Internationalization/icudt64l/region/nd.res" 1398
"../../../Engine/Content/Internationalization/icudt64l/lang/nds.res" 1399
"../../../Engine/Content/Internationalization/icudt64l/region/nds.res" 1400
"../../../Engine/Content/Internationalization/icudt64l/lang/ne.res" 1401
"../../../Engine/Content/Internationalization/icudt64l/region/ne.res" 1402
"../../../Engine/Content/Internationalization/icudt64l/lang/nl.res" 1403
"../../../Engine/Content/Internationalization/icudt64l/region/nl.res" 1404
"../../../Engine/Content/Internationalization/icudt64l/lang/nmg.res" 1405
"../../../Engine/Content/Internationalization/icudt64l/region/nmg.res" 1406
"../../../Engine/Content/Internationalization/icudt64l/lang/nn.res" 1407
"../../../Engine/Content/Internationalization/icudt64l/lang/nn_NO.res" 1408
"../../../Engine/Content/Internationalization/icudt64l/region/nn_NO.res" 1409
"../../../Engine/Content/Internationalization/icudt64l/region/nn.res" 1410
"../../../Engine/Content/Internationalization/icudt64l/lang/nnh.res" 1411
"../../../Engine/Content/Internationalization/icudt64l/region/nnh.res" 1412
"../../../Engine/Content/Internationalization/icudt64l/lang/nus.res" 1413
"../../../Engine/Content/Internationalization/icudt64l/region/nus.res" 1414
"../../../Engine/Content/Internationalization/icudt64l/lang/nyn.res" 1415
"../../../Engine/Content/Internationalization/icudt64l/region/nyn.res" 1416
"../../../Engine/Content/Internationalization/icudt64l/lang/om.res" 1417
"../../../Engine/Content/Internationalization/icudt64l/region/om.res" 1418
"../../../Engine/Content/Internationalization/icudt64l/lang/or.res" 1419
"../../../Engine/Content/Internationalization/icudt64l/region/or.res" 1420
"../../../Engine/Content/Internationalization/icudt64l/lang/os.res" 1421
"../../../Engine/Content/Internationalization/icudt64l/region/os.res" 1422
"../../../Engine/Content/Internationalization/icudt64l/lang/pa.res" 1423
"../../../Engine/Content/Internationalization/icudt64l/lang/pa_Arab.res" 1424
"../../../Engine/Content/Internationalization/icudt64l/lang/pa_PK.res" 1425
"../../../Engine/Content/Internationalization/icudt64l/lang/pa_Arab_PK.res" 1426
"../../../Engine/Content/Internationalization/icudt64l/region/pa_PK.res" 1427
"../../../Engine/Content/Internationalization/icudt64l/region/pa_Arab_PK.res" 1428
"../../../Engine/Content/Internationalization/icudt64l/region/pa_Arab.res" 1429
"../../../Engine/Content/Internationalization/icudt64l/lang/pa_Guru.res" 1430
"../../../Engine/Content/Internationalization/icudt64l/lang/pa_IN.res" 1431
"../../../Engine/Content/Internationalization/icudt64l/lang/pa_Guru_IN.res" 1432
"../../../Engine/Content/Internationalization/icudt64l/region/pa_IN.res" 1433
"../../../Engine/Content/Internationalization/icudt64l/region/pa_Guru_IN.res" 1434
"../../../Engine/Content/Internationalization/icudt64l/region/pa_Guru.res" 1435
"../../../Engine/Content/Internationalization/icudt64l/region/pa.res" 1436
"../../../Engine/Content/Internationalization/icudt64l/lang/pl.res" 1437
"../../../Engine/Content/Internationalization/icudt64l/region/pl.res" 1438
"../../../Engine/Content/Internationalization/icudt64l/lang/ps.res" 1439
"../../../Engine/Content/Internationalization/icudt64l/region/ps.res" 1440
"../../../Engine/Content/Internationalization/icudt64l/lang/ps_PK.res" 1441
"../../../Engine/Content/Internationalization/icudt64l/region/ps_PK.res" 1442
"../../../Engine/Content/Internationalization/icudt64l/lang/pt.res" 1443
"../../../Engine/Content/Internationalization/icudt64l/lang/pt_AO.res" 1444
"../../../Engine/Content/Internationalization/icudt64l/lang/pt_PT.res" 1445
"../../../Engine/Content/Internationalization/icudt64l/region/pt_AO.res" 1446
"../../../Engine/Content/Internationalization/icudt64l/region/pt_PT.res" 1447
"../../../Engine/Content/Internationalization/icudt64l/region/pt.res" 1448
"../../../Engine/Content/Internationalization/icudt64l/lang/pt_CH.res" 1449
"../../../Engine/Content/Internationalization/icudt64l/region/pt_CH.res" 1450
"../../../Engine/Content/Internationalization/icudt64l/lang/pt_CV.res" 1451
"../../../Engine/Content/Internationalization/icudt64l/region/pt_CV.res" 1452
"../../../Engine/Content/Internationalization/icudt64l/lang/pt_GQ.res" 1453
"../../../Engine/Content/Internationalization/icudt64l/region/pt_GQ.res" 1454
"../../../Engine/Content/Internationalization/icudt64l/lang/pt_GW.res" 1455
"../../../Engine/Content/Internationalization/icudt64l/region/pt_GW.res" 1456
"../../../Engine/Content/Internationalization/icudt64l/lang/pt_LU.res" 1457
"../../../Engine/Content/Internationalization/icudt64l/region/pt_LU.res" 1458
"../../../Engine/Content/Internationalization/icudt64l/lang/pt_MO.res" 1459
"../../../Engine/Content/Internationalization/icudt64l/region/pt_MO.res" 1460
"../../../Engine/Content/Internationalization/icudt64l/lang/pt_MZ.res" 1461
"../../../Engine/Content/Internationalization/icudt64l/region/pt_MZ.res" 1462
"../../../Engine/Content/Internationalization/icudt64l/lang/pt_ST.res" 1463
"../../../Engine/Content/Internationalization/icudt64l/region/pt_ST.res" 1464
"../../../Engine/Content/Internationalization/icudt64l/lang/pt_TL.res" 1465
"../../../Engine/Content/Internationalization/icudt64l/region/pt_TL.res" 1466
"../../../Engine/Content/Internationalization/icudt64l/lang/qu.res" 1467
"../../../Engine/Content/Internationalization/icudt64l/region/qu.res" 1468
"../../../Engine/Content/Internationalization/icudt64l/lang/rm.res" 1469
"../../../Engine/Content/Internationalization/icudt64l/region/rm.res" 1470
"../../../Engine/Content/Internationalization/icudt64l/lang/rn.res" 1471
"../../../Engine/Content/Internationalization/icudt64l/region/rn.res" 1472
"../../../Engine/Content/Internationalization/icudt64l/lang/ro.res" 1473
"../../../Engine/Content/Internationalization/icudt64l/lang/ro_MD.res" 1474
"../../../Engine/Content/Internationalization/icudt64l/region/ro_MD.res" 1475
"../../../Engine/Content/Internationalization/icudt64l/region/ro.res" 1476
"../../../Engine/Content/Internationalization/icudt64l/lang/rof.res" 1477
"../../../Engine/Content/Internationalization/icudt64l/region/rof.res" 1478
"../../../Engine/Content/Internationalization/icudt64l/region/ru_UA.res" 1479
"../../../Engine/Content/Internationalization/icudt64l/lang/rw.res" 1480
"../../../Engine/Content/Internationalization/icudt64l/region/rw.res" 1481
"../../../Engine/Content/Internationalization/icudt64l/lang/rwk.res" 1482
"../../../Engine/Content/Internationalization/icudt64l/region/rwk.res" 1483
"../../../Engine/Content/Internationalization/icudt64l/lang/sah.res" 1484
"../../../Engine/Content/Internationalization/icudt64l/region/sah.res" 1485
"../../../Engine/Content/Internationalization/icudt64l/lang/saq.res" 1486
"../../../Engine/Content/Internationalization/icudt64l/region/saq.res" 1487
"../../../Engine/Content/Internationalization/icudt64l/lang/sbp.res" 1488
"../../../Engine/Content/Internationalization/icudt64l/region/sbp.res" 1489
"../../../Engine/Content/Internationalization/icudt64l/lang/sd.res" 1490
"../../../Engine/Content/Internationalization/icudt64l/region/sd.res" 1491
"../../../Engine/Content/Internationalization/icudt64l/lang/se.res" 1492
"../../../Engine/Content/Internationalization/icudt64l/lang/se_FI.res" 1493
"../../../Engine/Content/Internationalization/icudt64l/region/se_FI.res" 1494
"../../../Engine/Content/Internationalization/icudt64l/region/se.res" 1495
"../../../Engine/Content/Internationalization/icudt64l/lang/seh.res" 1496
"../../../Engine/Content/Internationalization/icudt64l/region/seh.res" 1497
"../../../Engine/Content/Internationalization/icudt64l/lang/ses.res" 1498
"../../../Engine/Content/Internationalization/icudt64l/region/ses.res" 1499
"../../../Engine/Content/Internationalization/icudt64l/lang/sg.res" 1500
"../../../Engine/Content/Internationalization/icudt64l/region/sg.res" 1501
"../../../Engine/Content/Internationalization/icudt64l/lang/shi.res" 1502
"../../../Engine/Content/Internationalization/icudt64l/lang/shi_Latn.res" 1503
"../../../Engine/Content/Internationalization/icudt64l/lang/shi_MA.res" 1504
"../../../Engine/Content/Internationalization/icudt64l/lang/shi_Tfng_MA.res" 1505
"../../../Engine/Content/Internationalization/icudt64l/lang/shi_Tfng.res" 1506
"../../../Engine/Content/Internationalization/icudt64l/region/shi_MA.res" 1507
"../../../Engine/Content/Internationalization/icudt64l/region/shi_Tfng_MA.res" 1508
"../../../Engine/Content/Internationalization/icudt64l/region/shi_Tfng.res" 1509
"../../../Engine/Content/Internationalization/icudt64l/region/shi.res" 1510
"../../../Engine/Content/Internationalization/icudt64l/region/shi_Latn.res" 1511
"../../../Engine/Content/Internationalization/icudt64l/lang/si.res" 1512
"../../../Engine/Content/Internationalization/icudt64l/region/si.res" 1513
"../../../Engine/Content/Internationalization/icudt64l/lang/sk.res" 1514
"../../../Engine/Content/Internationalization/icudt64l/region/sk.res" 1515
"../../../Engine/Content/Internationalization/icudt64l/lang/sl.res" 1516
"../../../Engine/Content/Internationalization/icudt64l/region/sl.res" 1517
"../../../Engine/Content/Internationalization/icudt64l/lang/smn.res" 1518
"../../../Engine/Content/Internationalization/icudt64l/region/smn.res" 1519
"../../../Engine/Content/Internationalization/icudt64l/lang/sn.res" 1520
"../../../Engine/Content/Internationalization/icudt64l/region/sn.res" 1521
"../../../Engine/Content/Internationalization/icudt64l/lang/so.res" 1522
"../../../Engine/Content/Internationalization/icudt64l/region/so.res" 1523
"../../../Engine/Content/Internationalization/icudt64l/lang/sq.res" 1524
"../../../Engine/Content/Internationalization/icudt64l/region/sq.res" 1525
"../../../Engine/Content/Internationalization/icudt64l/lang/sr.res" 1526
"../../../Engine/Content/Internationalization/icudt64l/lang/sr_Cyrl.res" 1527
"../../../Engine/Content/Internationalization/icudt64l/lang/sr_BA.res" 1528
"../../../Engine/Content/Internationalization/icudt64l/lang/sr_Cyrl_BA.res" 1529
"../../../Engine/Content/Internationalization/icudt64l/region/sr_BA.res" 1530
"../../../Engine/Content/Internationalization/icudt64l/region/sr_Cyrl_BA.res" 1531
"../../../Engine/Content/Internationalization/icudt64l/region/sr_Cyrl.res" 1532
"../../../Engine/Content/Internationalization/icudt64l/region/sr.res" 1533
"../../../Engine/Content/Internationalization/icudt64l/lang/sr_ME.res" 1534
"../../../Engine/Content/Internationalization/icudt64l/lang/sr_Latn_ME.res" 1535
"../../../Engine/Content/Internationalization/icudt64l/lang/sr_Latn.res" 1536
"../../../Engine/Content/Internationalization/icudt64l/region/sr_ME.res" 1537
"../../../Engine/Content/Internationalization/icudt64l/region/sr_Latn_ME.res" 1538
"../../../Engine/Content/Internationalization/icudt64l/region/sr_Latn.res" 1539
"../../../Engine/Content/Internationalization/icudt64l/lang/sr_Cyrl_ME.res" 1540
"../../../Engine/Content/Internationalization/icudt64l/region/sr_Cyrl_ME.res" 1541
"../../../Engine/Content/Internationalization/icudt64l/lang/sr_RS.res" 1542
"../../../Engine/Content/Internationalization/icudt64l/lang/sr_Cyrl_RS.res" 1543
"../../../Engine/Content/Internationalization/icudt64l/region/sr_RS.res" 1544
"../../../Engine/Content/Internationalization/icudt64l/region/sr_Cyrl_RS.res" 1545
"../../../Engine/Content/Internationalization/icudt64l/lang/sr_XK.res" 1546
"../../../Engine/Content/Internationalization/icudt64l/lang/sr_Cyrl_XK.res" 1547
"../../../Engine/Content/Internationalization/icudt64l/region/sr_XK.res" 1548
"../../../Engine/Content/Internationalization/icudt64l/region/sr_Cyrl_XK.res" 1549
"../../../Engine/Content/Internationalization/icudt64l/lang/sr_Latn_BA.res" 1550
"../../../Engine/Content/Internationalization/icudt64l/region/sr_Latn_BA.res" 1551
"../../../Engine/Content/Internationalization/icudt64l/lang/sr_Latn_RS.res" 1552
"../../../Engine/Content/Internationalization/icudt64l/region/sr_Latn_RS.res" 1553
"../../../Engine/Content/Internationalization/icudt64l/lang/sr_Latn_XK.res" 1554
"../../../Engine/Content/Internationalization/icudt64l/region/sr_Latn_XK.res" 1555
"../../../Engine/Content/Internationalization/icudt64l/lang/sv.res" 1556
"../../../Engine/Content/Internationalization/icudt64l/region/sv.res" 1557
"../../../Engine/Content/Internationalization/icudt64l/lang/sv_FI.res" 1558
"../../../Engine/Content/Internationalization/icudt64l/lang/sw.res" 1559
"../../../Engine/Content/Internationalization/icudt64l/lang/sw_CD.res" 1560
"../../../Engine/Content/Internationalization/icudt64l/region/sw_CD.res" 1561
"../../../Engine/Content/Internationalization/icudt64l/region/sw.res" 1562
"../../../Engine/Content/Internationalization/icudt64l/lang/sw_KE.res" 1563
"../../../Engine/Content/Internationalization/icudt64l/region/sw_KE.res" 1564
"../../../Engine/Content/Internationalization/icudt64l/lang/ta.res" 1565
"../../../Engine/Content/Internationalization/icudt64l/region/ta.res" 1566
"../../../Engine/Content/Internationalization/icudt64l/lang/te.res" 1567
"../../../Engine/Content/Internationalization/icudt64l/region/te.res" 1568
"../../../Engine/Content/Internationalization/icudt64l/lang/teo.res" 1569
"../../../Engine/Content/Internationalization/icudt64l/region/teo.res" 1570
"../../../Engine/Content/Internationalization/icudt64l/lang/tg.res" 1571
"../../../Engine/Content/Internationalization/icudt64l/region/tg.res" 1572
"../../../Engine/Content/Internationalization/icudt64l/lang/th.res" 1573
"../../../Engine/Content/Internationalization/icudt64l/lang/th_TH.res" 1574
"../../../Engine/Content/Internationalization/icudt64l/region/th_TH.res" 1575
"../../../Engine/Content/Internationalization/icudt64l/region/th.res" 1576
"../../../Engine/Content/Internationalization/icudt64l/lang/ti.res" 1577
"../../../Engine/Content/Internationalization/icudt64l/region/ti.res" 1578
"../../../Engine/Content/Internationalization/icudt64l/lang/tk.res" 1579
"../../../Engine/Content/Internationalization/icudt64l/region/tk.res" 1580
"../../../Engine/Content/Internationalization/icudt64l/lang/to.res" 1581
"../../../Engine/Content/Internationalization/icudt64l/region/to.res" 1582
"../../../Engine/Content/Internationalization/icudt64l/lang/tr.res" 1583
"../../../Engine/Content/Internationalization/icudt64l/region/tr.res" 1584
"../../../Engine/Content/Internationalization/icudt64l/lang/tt.res" 1585
"../../../Engine/Content/Internationalization/icudt64l/region/tt.res" 1586
"../../../Engine/Content/Internationalization/icudt64l/lang/twq.res" 1587
"../../../Engine/Content/Internationalization/icudt64l/region/twq.res" 1588
"../../../Engine/Content/Internationalization/icudt64l/lang/tzm.res" 1589
"../../../Engine/Content/Internationalization/icudt64l/region/tzm.res" 1590
"../../../Engine/Content/Internationalization/icudt64l/lang/ug.res" 1591
"../../../Engine/Content/Internationalization/icudt64l/region/ug.res" 1592
"../../../Engine/Content/Internationalization/icudt64l/lang/uk.res" 1593
"../../../Engine/Content/Internationalization/icudt64l/region/uk.res" 1594
"../../../Engine/Content/Internationalization/icudt64l/lang/ur.res" 1595
"../../../Engine/Content/Internationalization/icudt64l/lang/ur_IN.res" 1596
"../../../Engine/Content/Internationalization/icudt64l/region/ur_IN.res" 1597
"../../../Engine/Content/Internationalization/icudt64l/region/ur.res" 1598
"../../../Engine/Content/Internationalization/icudt64l/lang/uz.res" 1599
"../../../Engine/Content/Internationalization/icudt64l/lang/uz_Arab.res" 1600
"../../../Engine/Content/Internationalization/icudt64l/lang/uz_AF.res" 1601
"../../../Engine/Content/Internationalization/icudt64l/lang/uz_Arab_AF.res" 1602
"../../../Engine/Content/Internationalization/icudt64l/region/uz_AF.res" 1603
"../../../Engine/Content/Internationalization/icudt64l/region/uz_Arab_AF.res" 1604
"../../../Engine/Content/Internationalization/icudt64l/region/uz_Arab.res" 1605
"../../../Engine/Content/Internationalization/icudt64l/lang/uz_Cyrl.res" 1606
"../../../Engine/Content/Internationalization/icudt64l/lang/uz_UZ.res" 1607
"../../../Engine/Content/Internationalization/icudt64l/lang/uz_Latn_UZ.res" 1608
"../../../Engine/Content/Internationalization/icudt64l/lang/uz_Latn.res" 1609
"../../../Engine/Content/Internationalization/icudt64l/region/uz_UZ.res" 1610
"../../../Engine/Content/Internationalization/icudt64l/region/uz_Latn_UZ.res" 1611
"../../../Engine/Content/Internationalization/icudt64l/region/uz_Latn.res" 1612
"../../../Engine/Content/Internationalization/icudt64l/region/uz.res" 1613
"../../../Engine/Content/Internationalization/icudt64l/region/uz_Cyrl.res" 1614
"../../../Engine/Content/Internationalization/icudt64l/lang/vai.res" 1615
"../../../Engine/Content/Internationalization/icudt64l/lang/vai_Latn.res" 1616
"../../../Engine/Content/Internationalization/icudt64l/lang/vai_LR.res" 1617
"../../../Engine/Content/Internationalization/icudt64l/lang/vai_Vaii_LR.res" 1618
"../../../Engine/Content/Internationalization/icudt64l/lang/vai_Vaii.res" 1619
"../../../Engine/Content/Internationalization/icudt64l/region/vai_LR.res" 1620
"../../../Engine/Content/Internationalization/icudt64l/region/vai_Vaii_LR.res" 1621
"../../../Engine/Content/Internationalization/icudt64l/region/vai_Vaii.res" 1622
"../../../Engine/Content/Internationalization/icudt64l/region/vai.res" 1623
"../../../Engine/Content/Internationalization/icudt64l/region/vai_Latn.res" 1624
"../../../Engine/Content/Internationalization/icudt64l/lang/vi.res" 1625
"../../../Engine/Content/Internationalization/icudt64l/region/vi.res" 1626
"../../../Engine/Content/Internationalization/icudt64l/lang/vun.res" 1627
"../../../Engine/Content/Internationalization/icudt64l/region/vun.res" 1628
"../../../Engine/Content/Internationalization/icudt64l/lang/wae.res" 1629
"../../../Engine/Content/Internationalization/icudt64l/region/wae.res" 1630
"../../../Engine/Content/Internationalization/icudt64l/lang/wo.res" 1631
"../../../Engine/Content/Internationalization/icudt64l/region/wo.res" 1632
"../../../Engine/Content/Internationalization/icudt64l/lang/xh.res" 1633
"../../../Engine/Content/Internationalization/icudt64l/region/xh.res" 1634
"../../../Engine/Content/Internationalization/icudt64l/lang/xog.res" 1635
"../../../Engine/Content/Internationalization/icudt64l/region/xog.res" 1636
"../../../Engine/Content/Internationalization/icudt64l/lang/yav.res" 1637
"../../../Engine/Content/Internationalization/icudt64l/region/yav.res" 1638
"../../../Engine/Content/Internationalization/icudt64l/lang/yi.res" 1639
"../../../Engine/Content/Internationalization/icudt64l/region/yi.res" 1640
"../../../Engine/Content/Internationalization/icudt64l/lang/yo.res" 1641
"../../../Engine/Content/Internationalization/icudt64l/lang/yo_BJ.res" 1642
"../../../Engine/Content/Internationalization/icudt64l/region/yo_BJ.res" 1643
"../../../Engine/Content/Internationalization/icudt64l/region/yo.res" 1644
"../../../Engine/Content/Internationalization/icudt64l/lang/yue.res" 1645
"../../../Engine/Content/Internationalization/icudt64l/lang/yue_Hans.res" 1646
"../../../Engine/Content/Internationalization/icudt64l/lang/yue_CN.res" 1647
"../../../Engine/Content/Internationalization/icudt64l/lang/yue_Hans_CN.res" 1648
"../../../Engine/Content/Internationalization/icudt64l/region/yue_CN.res" 1649
"../../../Engine/Content/Internationalization/icudt64l/region/yue_Hans_CN.res" 1650
"../../../Engine/Content/Internationalization/icudt64l/region/yue_Hans.res" 1651
"../../../Engine/Content/Internationalization/icudt64l/lang/yue_Hant.res" 1652
"../../../Engine/Content/Internationalization/icudt64l/lang/yue_HK.res" 1653
"../../../Engine/Content/Internationalization/icudt64l/lang/yue_Hant_HK.res" 1654
"../../../Engine/Content/Internationalization/icudt64l/region/yue_HK.res" 1655
"../../../Engine/Content/Internationalization/icudt64l/region/yue_Hant_HK.res" 1656
"../../../Engine/Content/Internationalization/icudt64l/region/yue_Hant.res" 1657
"../../../Engine/Content/Internationalization/icudt64l/region/yue.res" 1658
"../../../Engine/Content/Internationalization/icudt64l/lang/zgh.res" 1659
"../../../Engine/Content/Internationalization/icudt64l/region/zgh.res" 1660
"../../../Engine/Content/Internationalization/icudt64l/lang/zh.res" 1661
"../../../Engine/Content/Internationalization/icudt64l/lang/zh_Hans.res" 1662
"../../../Engine/Content/Internationalization/icudt64l/lang/zh_CN.res" 1663
"../../../Engine/Content/Internationalization/icudt64l/lang/zh_Hans_CN.res" 1664
"../../../Engine/Content/Internationalization/icudt64l/region/zh_CN.res" 1665
"../../../Engine/Content/Internationalization/icudt64l/region/zh_Hans_CN.res" 1666
"../../../Engine/Content/Internationalization/icudt64l/region/zh_Hans.res" 1667
"../../../Engine/Content/Internationalization/icudt64l/region/zh.res" 1668
"../../../Engine/Content/Internationalization/icudt64l/lang/zh_HK.res" 1669
"../../../Engine/Content/Internationalization/icudt64l/lang/zh_Hant_HK.res" 1670
"../../../Engine/Content/Internationalization/icudt64l/lang/zh_Hant.res" 1671
"../../../Engine/Content/Internationalization/icudt64l/region/zh_HK.res" 1672
"../../../Engine/Content/Internationalization/icudt64l/region/zh_Hant_HK.res" 1673
"../../../Engine/Content/Internationalization/icudt64l/region/zh_Hant.res" 1674
"../../../Engine/Content/Internationalization/icudt64l/lang/zh_MO.res" 1675
"../../../Engine/Content/Internationalization/icudt64l/lang/zh_Hant_MO.res" 1676
"../../../Engine/Content/Internationalization/icudt64l/region/zh_MO.res" 1677
"../../../Engine/Content/Internationalization/icudt64l/region/zh_Hant_MO.res" 1678
"../../../Engine/Content/Internationalization/icudt64l/lang/zh_SG.res" 1679
"../../../Engine/Content/Internationalization/icudt64l/lang/zh_Hans_SG.res" 1680
"../../../Engine/Content/Internationalization/icudt64l/region/zh_SG.res" 1681
"../../../Engine/Content/Internationalization/icudt64l/region/zh_Hans_SG.res" 1682
"../../../Engine/Content/Internationalization/icudt64l/lang/zh_TW.res" 1683
"../../../Engine/Content/Internationalization/icudt64l/lang/zh_Hant_TW.res" 1684
"../../../Engine/Content/Internationalization/icudt64l/region/zh_TW.res" 1685
"../../../Engine/Content/Internationalization/icudt64l/region/zh_Hant_TW.res" 1686
"../../../Engine/Content/Internationalization/icudt64l/lang/zu.res" 1687
"../../../Engine/Content/Internationalization/icudt64l/region/zu.res" 1688
"../../../Engine/Content/Internationalization/icudt64l/lang/no.res" 1689
"../../../Engine/Content/Internationalization/icudt64l/lang/tl.res" 1690
"../../../Engine/Config/Android/DataDrivenPlatformInfo.ini" 1691
"../../../Engine/Config/HoloLens/DataDrivenPlatformInfo.ini" 1692
"../../../Engine/Config/IOS/DataDrivenPlatformInfo.ini" 1693
"../../../Engine/Config/Linux/DataDrivenPlatformInfo.ini" 1694
"../../../Engine/Config/LinuxArm64/DataDrivenPlatformInfo.ini" 1695
"../../../Engine/Config/Mac/DataDrivenPlatformInfo.ini" 1696
"../../../Engine/Config/TVOS/DataDrivenPlatformInfo.ini" 1697
"../../../Engine/Config/Unix/DataDrivenPlatformInfo.ini" 1698
"../../../Engine/Config/VulkanPC/DataDrivenPlatformInfo.ini" 1699
"../../../Engine/Config/Windows/DataDrivenPlatformInfo.ini" 1700
"../../../Engine/DerivedDataCache/Compressed.ddp" 1701
"C:/Users/Librake/AppData/Local/UnrealEngine/Common/DerivedDataCache/TestData/0/TestData_4kb.dat" 1702
"C:/Users/Librake/AppData/Local/UnrealEngine/Common/DerivedDataCache/TestData/1/TestData_4kb.dat" 1703
"C:/Users/Librake/AppData/Local/UnrealEngine/Common/DerivedDataCache/TestData/0/TestData_8kb.dat" 1704
"C:/Users/Librake/AppData/Local/UnrealEngine/Common/DerivedDataCache/TestData/1/TestData_8kb.dat" 1705
"C:/Users/Librake/AppData/Local/UnrealEngine/Common/DerivedDataCache/TestData/0/TestData_16kb.dat" 1706
"C:/Users/Librake/AppData/Local/UnrealEngine/Common/DerivedDataCache/TestData/1/TestData_16kb.dat" 1707
"C:/Users/Librake/AppData/Local/UnrealEngine/Common/DerivedDataCache/TestData/0/TestData_64kb.dat" 1708
"C:/Users/Librake/AppData/Local/UnrealEngine/Common/DerivedDataCache/TestData/1/TestData_64kb.dat" 1709
"C:/Users/Librake/AppData/Local/UnrealEngine/Common/DerivedDataCache/TestData/0/TestData_128kb.dat" 1710
"C:/Users/Librake/AppData/Local/UnrealEngine/Common/DerivedDataCache/TestData/1/TestData_128kb.dat" 1711
"C:/Users/Librake/AppData/Local/UnrealEngine/Common/DerivedDataCache/TestData/0/TestData_256kb.dat" 1712
"C:/Users/Librake/AppData/Local/UnrealEngine/Common/DerivedDataCache/TestData/1/TestData_256kb.dat" 1713
"../../../Engine/Plugins/FX/Niagara/Shaders/Private/NiagaraSpriteVertexFactory.ush" 1714
"../../../Engine/Shaders/Private/VertexFactoryCommon.ush" 1715
"../../../Engine/Shaders/Private/Common.ush" 1716
"../../../Engine/Shaders/Public/Platform.ush" 1717
"../../../Engine/Shaders/Public/FP16Math.ush" 1718
"../../../Engine/Shaders/Public/Platform/D3D/D3DCommon.ush" 1719
"../../../Engine/Shaders/Public/BindlessResources.ush" 1720
"../../../Engine/Shaders/Public/ShaderVersion.ush" 1721
"../../../Engine/Shaders/Private/GeneratedUniformBufferTypes.ush" 1722
"../../../Engine/Shaders/Private/Nanite/NanitePackedNaniteView.ush" 1723
"../../../Engine/Shaders/Private/HairStrands/HairStrandsVisibilityCommonStruct.ush" 1724
"../../../Engine/Shaders/Private/HairStrands/HairStrandsVoxelPageCommonStruct.ush" 1725
"../../../Engine/Shaders/Private/HairStrands/HairStrandsDeepShadowCommonStruct.ush" 1726
"../../../Engine/Shaders/Private/CommonViewUniformBuffer.ush" 1727
"../../../Engine/Shaders/Private/LargeWorldCoordinates.ush" 1728
"../../../Engine/Shaders/Private/LWCOperations.ush" 1729
"../../../Engine/Shaders/Private/InstancedStereo.ush" 1730
"../../../Engine/Shaders/Private/Definitions.usf" 1731
"../../../Engine/Shaders/Private/AssertionMacros.ush" 1732
"../../../Engine/Shaders/Private/FastMath.ush" 1733
"../../../Engine/Shaders/Private/FastMathThirdParty.ush" 1734
"../../../Engine/Shaders/Private/Random.ush" 1735
"../../../Engine/Shaders/Private/SceneData.ush" 1736
"../../../Engine/Shaders/Private/OctahedralCommon.ush" 1737
"../../../Engine/Shaders/Shared/LightSceneData.h" 1738
"../../../Engine/Shaders/Shared/HLSLTypeAliases.h" 1739
"../../../Engine/Shaders/Private/ParticleVertexFactoryCommon.ush" 1740
"../../../Engine/Plugins/FX/Niagara/Shaders/Private/NiagaraVFCommon.usf" 1741
"../../../Engine/Plugins/FX/Niagara/Shaders/Private/NiagaraVFParticleAccess.usf" 1742
"../../../Engine/Plugins/FX/Niagara/Shaders/Private/NiagaraParticleAccess.ush" 1743
"../../../Engine/Shaders/Private/VertexFactoryDefaultInterface.ush" 1744
"../../../Engine/Plugins/FX/Niagara/Shaders/Private/NiagaraRibbonVertexFactory.ush" 1745
"../../../Engine/Plugins/FX/Niagara/Shaders/Private/NiagaraMeshVertexFactory.ush" 1746
"../../../Engine/Plugins/FX/Niagara/Shaders/Private/NiagaraCommon.ush" 1747
"../../../Engine/Plugins/FX/Niagara/Shaders/Private/NiagaraMeshParticleUtils.ush" 1748
"../../../Engine/Shaders/Private/RayTracing/RayTracingCommon.ush" 1749
"../../../Engine/Shaders/Private/ShadingCommon.ush" 1750
"../../../Engine/Shaders/Shared/RayTracingDefinitions.h" 1751
"../../../Engine/Shaders/Shared/RayTracingPayloadType.h" 1752
"../../../Engine/Shaders/Shared/HLSLStaticAssert.h" 1753
"../../../Engine/Shaders/Private/RayTracing/RayTracingRayCone.ush" 1754
"../../../Engine/Shaders/Private/Strata/Strata.ush" 1755
"../../../Engine/Shaders/Private/ShadingEnergyConservation.ush" 1756
"../../../Engine/Shaders/Private/ShadingEnergyConservationTemplate.ush" 1757
"../../../Engine/Shaders/Private/BRDF.ush" 1758
"../../../Engine/Shaders/Private/ColorSpace.ush" 1759
"../../../Engine/Shaders/Private/DeferredShadingCommon.ush" 1760
"../../../Engine/Shaders/Private/LightAccumulator.ush" 1761
"../../../Engine/Shaders/Private/SceneTexturesCommon.ush" 1762
"../../../Engine/Shaders/Private/MonteCarlo.ush" 1763
"../../../Engine/Shaders/Private/GBufferHelpers.ush" 1764
"../../../Engine/Shaders/Private/SceneTextureParameters.ush" 1765
"F:/Unreal Projects/DDay_bp/Intermediate/ShaderAutogen/PCD3D_SM5/AutogenShaderHeaders.ush" 1766
"../../../Engine/Shaders/Private/ParticipatingMediaCommon.ush" 1767
"../../../Engine/Shaders/Private/ThinFilmBSDF.ush" 1768
"../../../Engine/Shaders/Private/MortonCode.ush" 1769
"../../../Engine/Shaders/Private/SubsurfaceProfileCommon.ush" 1770
"../../../Engine/Shaders/Private/BurleyNormalizedSSSCommon.ush" 1771
"../../../Engine/Shaders/Private/GammaCorrectionCommon.ush" 1772
"../../../Engine/Shaders/Shared/StrataDefinitions.h" 1773
"../../../Engine/Shaders/Private/Strata/StrataStatisticalOperators.ush" 1774
"../../../Engine/Shaders/Private/RayTracing/RayTracingCommonMetal.ush" 1775
"../../../Engine/Shaders/Private/PositionReconstructionCommon.ush" 1776
"../../../Engine/Shaders/Private/RayTracing/RayTracingHitGroupCommon.ush" 1777
"../../../Engine/Shaders/Shared/RayTracingBuiltInResources.h" 1778
"../../../Engine/Shaders/Private/VectorFieldVisualizationVertexFactory.ush" 1779
"../../../Engine/Shaders/Private/Nanite/NaniteVertexFactory.ush" 1780
"../../../Engine/Shaders/Private/LightmapData.ush" 1781
"../../../Engine/Shaders/Private/Nanite/NaniteDataDecode.ush" 1782
"../../../Engine/Shaders/Private/BitPacking.ush" 1783
"../../../Engine/Shaders/Private/BitStreamReaderImplementation.ush" 1784
"../../../Engine/Shaders/Shared/NaniteDefinitions.h" 1785
"../../../Engine/Shaders/Private/Nanite/NaniteAttributeDecode.ush" 1786
"../../../Engine/Shaders/Private/ParticleSpriteVertexFactory.ush" 1787
"../../../Engine/Shaders/Private/ParticleGPUSpriteVertexFactory.ush" 1788
"../../../Engine/Shaders/Private/ParticleBeamTrailVertexFactory.ush" 1789
"../../../Engine/Shaders/Private/MeshParticleVertexFactory.ush" 1790
"../../../Engine/Shaders/Private/LocalVertexFactory.ush" 1791
"../../../Engine/Shaders/Private/LocalVertexFactoryCommon.ush" 1792
"../../../Engine/Shaders/Private/GpuSkinCommon.ush" 1793
"../../../Engine/Shaders/Private/GpuSkinVertexFactory.ush" 1794
"../../../Engine/Shaders/Private/GeometryCollectionVertexFactory.ush" 1795
"../../../Engine/Shaders/Private/GeometryCacheVertexFactory.ush" 1796
"../../../Engine/Shaders/Private/LandscapeVertexFactory.ush" 1797
"../../../Engine/Plugins/Media/WmfMedia/Shaders/Private/MediaHardwareVideoDecoding.usf" 1798
"../../../Engine/Shaders/Private/ColorUtils.ush" 1799
"../../../Engine/Plugins/Media/ImgMedia/Shaders/Private/ExrSwizzler.usf" 1800
"../../../Engine/Plugins/FX/Niagara/Shaders/Private/NiagaraFillIntBuffer.usf" 1801
"../../../Engine/Plugins/FX/Niagara/Shaders/Private/NiagaraComputeFreeIDs.usf" 1802
"../../../Engine/Plugins/FX/Niagara/Shaders/Private/NiagaraInitFreeIDBuffer.usf" 1803
"../../../Engine/Plugins/FX/Niagara/Shaders/Private/NiagaraEmitterInstanceShader.usf" 1804
"../../../Engine/Plugins/FX/Niagara/Shaders/Private/NiagaraShaderVersion.ush" 1805
"../../../Engine/Shaders/Private/DistanceField/GlobalDistanceFieldShared.ush" 1806
"../../../Engine/Plugins/FX/Niagara/Shaders/Private/NiagaraPhysicsCommon.ush" 1807
"../../../Engine/Plugins/FX/Niagara/Shaders/Private/Ribbons/NiagaraRibbonGenerateIndices.usf" 1808
"../../../Engine/Plugins/FX/Niagara/Shaders/Private/Ribbons/NiagaraRibbonCommon.ush" 1809
"../../../Engine/Plugins/FX/Niagara/Shaders/Private/Ribbons/NiagaraRibbonInitializeIndices.usf" 1810
"../../../Engine/Plugins/FX/Niagara/Shaders/Private/Ribbons/NiagaraRibbonRibbonUVParamCalculation.usf" 1811
"../../../Engine/Plugins/FX/Niagara/Shaders/Private/Ribbons/NiagaraRibbonVertexReductionFinalization.usf" 1812
"../../../Engine/Plugins/FX/Niagara/Shaders/Private/Ribbons/NiagaraRibbonVertexReductionPropagation.usf" 1813
"../../../Engine/Plugins/FX/Niagara/Shaders/Private/Ribbons/NiagaraRibbonVertexReductionInitialization.usf" 1814
"../../../Engine/Plugins/FX/Niagara/Shaders/Private/Ribbons/NiagaraRibbonSortParticles.usf" 1815
"../../../Engine/Plugins/FX/Niagara/Shaders/Private/NiagaraUpdateMeshGPUSceneInstances.usf" 1816
"../../../Engine/Shaders/Private/ComputeShaderUtils.ush" 1817
"../../../Engine/Shaders/Private/GPUScene/GPUSceneWriter.ush" 1818
"../../../Engine/Plugins/FX/Niagara/Shaders/Private/NiagaraGenerateMips.usf" 1819
"../../../Engine/Plugins/FX/Niagara/Shaders/Private/NiagaraDebugDraw.usf" 1820
"../../../Engine/Plugins/FX/Niagara/Shaders/Private/NiagaraDebugDraw.ush" 1821
"../../../Engine/Plugins/FX/Niagara/Shaders/Private/NiagaraVisualizeTexture.usf" 1822
"../../../Engine/Plugins/FX/Niagara/Shaders/Private/NiagaraClearCounts.usf" 1823
"../../../Engine/Plugins/FX/Niagara/Shaders/Private/NiagaraBatchedElements.usf" 1824
"../../../Engine/Plugins/FX/Niagara/Shaders/Private/NiagaraRayTracingShaders.usf" 1825
"../../../Engine/Plugins/FX/Niagara/Shaders/Private/NiagaraAsyncGpuTraceCommon.ush" 1826
"../../../Engine/Shaders/Private/HashTable.ush" 1827
"../../../Engine/Shaders/Private/Hash.ush" 1828
"../../../Engine/Shaders/Private/RayTracing/VFXTraceRay.ush" 1829
"../../../Engine/Plugins/FX/Niagara/Shaders/Private/NiagaraRayMarchingShaders.usf" 1830
"../../../Engine/Plugins/FX/Niagara/Shaders/Private/NiagaraRayTraceCollisionGroupShaders.usf" 1831
"../../../Engine/Plugins/FX/Niagara/Shaders/Private/NiagaraAsyncGpuTraceUtils.usf" 1832
"../../../Engine/Plugins/FX/Niagara/Shaders/Private/NiagaraSortKeyGen.usf" 1833
"../../../Engine/Plugins/FX/Niagara/Shaders/Private/NiagaraGPURayTracingTransforms.usf" 1834
"../../../Engine/Plugins/FX/Niagara/Shaders/Private/NiagaraDrawIndirectArgsGen.usf" 1835
"../../../Engine/Plugins/FX/Niagara/Shaders/Private/NiagaraDispatchIndirectArgsGen.usf" 1836
"../../../Engine/Plugins/Enterprise/GLTFExporter/Shaders/Private/SimpleTexture2DPS.usf" 1837
"../../../Engine/Shaders/Private/SimpleElementNormalMapPixelShader.usf" 1838
"../../../Engine/Shaders/Private/SlateElementPixelShader.usf" 1839
"../../../Engine/Shaders/Private/SlateShaderCommon.ush" 1840
"../../../Engine/Shaders/Private/MaterialTemplate.ush" 1841
"../../../Engine/Shaders/Private/EyeAdaptationCommon.ush" 1842
"../../../Engine/Shaders/Private/SobolRandom.ush" 1843
"../../../Engine/Shaders/Private/DepthOfFieldCommon.ush" 1844
"../../../Engine/Shaders/Private/CircleDOFCommon.ush" 1845
"../../../Engine/Shaders/Private/PhysicsFieldSampler.ush" 1846
"../../../Engine/Shaders/Private/PhysicsFieldShared.ush" 1847
"../../../Engine/Shaders/Private/HairShadingCommon.ush" 1848
"../../../Engine/Shaders/Private/HairStrands/HairCardsAttributeCommon.ush" 1849
"../../../Engine/Shaders/Private/HairStrands/HairStrandsVertexFactoryCommon.ush" 1850
"../../../Engine/Shaders/Shared/HairStrandsDefinitions.h" 1851
"../../../Engine/Shaders/Private/HairStrands/HairStrandsAttributeCommon.ush" 1852
"../../../Engine/Shaders/Private/SpeedTreeCommon.ush" 1853
"../../../Engine/Shaders/Private/VirtualTextureCommon.ush" 1854
"../../../Engine/Shaders/Private/MaterialTexture.ush" 1855
"../../../Engine/Shaders/Private/MinMaterialTexCoords.ush" 1856
"../../../Engine/Shaders/Private/SkyAtmosphereCommon.ush" 1857
"../../../Engine/Shaders/Private/SingleLayerWaterCommon.ush" 1858
"../../../Engine/Shaders/Private/TextureSampling.ush" 1859
"../../../Engine/Shaders/Private/PaniniProjection.ush" 1860
"../../../Engine/Shaders/Private/DBufferNormalReprojection.ush" 1861
"../../../Engine/Shaders/Private/Strata/StrataTree.ush" 1862
"../../../Engine/Shaders/Private/Strata/StrataEvaluation.ush" 1863
"../../../Engine/Shaders/Private/SHCommon.ush" 1864
"../../../Engine/Shaders/Private/ShadingModels.ush" 1865
"../../../Engine/Shaders/Private/CapsuleLight.ush" 1866
"../../../Engine/Shaders/Private/RectLight.ush" 1867
"../../../Engine/Shaders/Private/LightData.ush" 1868
"../../../Engine/Shaders/Private/AreaLightCommon.ush" 1869
"../../../Engine/Shaders/Private/TransmissionCommon.ush" 1870
"../../../Engine/Shaders/Private/HairBsdf.ush" 1871
"../../../Engine/Shaders/Private/MobileGGX.ush" 1872
"../../../Engine/Shaders/Private/ShadingModelsSampling.ush" 1873
"../../../Engine/Shaders/Private/HairStrands/HairBsdfSample.ush" 1874
"../../../Engine/Shaders/Private/HairStrands/HairStrandsCommon.ush" 1875
"../../../Engine/Shaders/Private/HairStrands/HairStrandsDeepTransmittanceCommon.ush" 1876
"../../../Engine/Shaders/Private/HairStrands/HairStrandsDeepTransmittanceDualScattering.ush" 1877
"../../../Engine/Shaders/Private/HairStrands/HairStrandsEnvironmentLightingCommon.ush" 1878
"../../../Engine/Shaders/Private/Strata/StrataLegacyConversion.ush" 1879
"../../../Engine/Shaders/Private/DBufferDecalShared.ush" 1880
"../../../Engine/Shaders/Private/CompositeUIPixelShader.usf" 1881
"../../../Engine/Shaders/Private/TonemapCommon.ush" 1882
"../../../Engine/Shaders/Private/ACES.ush" 1883
"../../../Engine/Shaders/Private/ColorDeficiency.ush" 1884
"../../../Engine/Shaders/Private/SlateMaskingShader.usf" 1885
"../../../Engine/Shaders/Private/SlatePostProcessColorDeficiencyPixelShader.usf" 1886
"../../../Engine/Shaders/Private/SlatePostProcessPixelShader.usf" 1887
"../../../Engine/Shaders/Private/SlateVertexShader.usf" 1888
"../../../Engine/Shaders/Private/TranslucentLightingShaders.usf" 1889
"../../../Engine/Shaders/Private/ShadowProjectionCommon.ush" 1890
"../../../Engine/Shaders/Private/CubemapCommon.ush" 1891
"../../../Engine/Shaders/Private/VectorFieldCompositeShaders.usf" 1892
"../../../Engine/Shaders/Private/UpdateTextureShaders.usf" 1893
"../../../Engine/Shaders/Private/StereoLayerShader.usf" 1894
"../../../Engine/Shaders/Private/MorphTargets.usf" 1895
"../../../Engine/Shaders/Private/SimpleElementColorChannelMaskPixelShader.usf" 1896
"../../../Engine/Shaders/Private/SimpleElementHitProxyPixelShader.usf" 1897
"../../../Engine/Shaders/Private/SimpleElementPixelShader.usf" 1898
"../../../Engine/Shaders/Private/IESLightProfilesCommon.ush" 1899
"../../../Engine/Shaders/Private/SimpleElementVertexShader.usf" 1900
"../../../Engine/Shaders/Private/ScreenPixelShaderOES.usf" 1901
"../../../Engine/Shaders/Private/ScreenVertexShader.usf" 1902
"../../../Engine/Shaders/Private/ScreenPixelShader.usf" 1903
"../../../Engine/Shaders/Private/SSProfilePreIntegratedMobile.usf" 1904
"../../../Engine/Shaders/Private/Nanite/NaniteClusterCulling.usf" 1905
"../../../Engine/Shaders/Private/Nanite/NaniteCulling.ush" 1906
"../../../Engine/Shaders/Private/Nanite/NaniteHierarchyTraversalCommon.ush" 1907
"../../../Engine/Shaders/Private/Nanite/NaniteHierarchyTraversal.ush" 1908
"../../../Engine/Shaders/Private/WaveOpUtil.ush" 1909
"../../../Engine/Shaders/Private/VirtualShadowMaps/VirtualShadowMapPageOverlap.ush" 1910
"../../../Engine/Shaders/Private/Nanite/NaniteHZBCull.ush" 1911
"../../../Engine/Shaders/Private/VirtualShadowMaps/VirtualShadowMapPageAccessCommon.ush" 1912
"../../../Engine/Shaders/Shared/VirtualShadowMapDefinitions.h" 1913
"../../../Engine/Shaders/Private/VirtualShadowMaps/VirtualShadowMapStaticCaching.ush" 1914
"../../../Engine/Shaders/Private/Nanite/NaniteCullingCommon.ush" 1915
"../../../Engine/Shaders/Private/GPUMessaging.ush" 1916
"../../../Engine/Shaders/Private/Nanite/NaniteTranscode.usf" 1917
"../../../Engine/Shaders/Private/VolumetricLightmapStreaming.usf" 1918
"../../../Engine/Shaders/Private/PhysicsFieldReset.usf" 1919
"../../../Engine/Shaders/Private/PhysicsFieldBuilder.usf" 1920
"../../../Engine/Shaders/Private/PhysicsFieldEval.ush" 1921
"../../../Engine/Shaders/Private/ParticleSortKeyGen.usf" 1922
"../../../Engine/Shaders/Private/ParticleBoundsShader.usf" 1923
"../../../Engine/Shaders/Private/ParticleSimVisualizeShader.usf" 1924
"../../../Engine/Shaders/Private/ParticleInjectionShader.usf" 1925
"../../../Engine/Shaders/Private/ParticleSimulationShader.usf" 1926
"../../../Engine/Shaders/Private/ParticleCurveInjectionShader.usf" 1927
"../../../Engine/Shaders/Private/CopyUIntBuffer.usf" 1928
"../../../Engine/Shaders/Private/RadixSortShaders.usf" 1929
"../../../Engine/Shaders/Private/RecomputeTangentsPerVertexPass.usf" 1930
"../../../Engine/Shaders/Private/RecomputeTangentsCommon.ush" 1931
"../../../Engine/Shaders/Private/RecomputeTangentsPerTrianglePass.usf" 1932
"../../../Engine/Shaders/Private/GpuSkinCacheComputeShader.usf" 1933
"../../../Engine/Shaders/Private/HeightFieldAtlasManagement.usf" 1934
"../../../Engine/Shaders/Private/LandscapePhysicalMaterial.usf" 1935
"../../../Engine/Shaders/Private/LandscapeGrassWeight.usf" 1936
"../../../Engine/Shaders/Private/Landscape/LandscapeLayersWeightmapsPS.usf" 1937
"../../../Engine/Shaders/Private/Landscape/LandscapeLayersHeightmapsPS.usf" 1938
"../../../Engine/Shaders/Private/Landscape/LandscapeCommon.ush" 1939
"../../../Engine/Shaders/Private/LandscapeLayersCS.usf" 1940
"../../../Engine/Shaders/Private/LandscapeLayersPS.usf" 1941
"../../../Engine/Shaders/Private/LandscapeLayersVS.usf" 1942
"../../../Engine/Shaders/Private/Landscape/LandscapeMergeHeightmapsPS.usf" 1943
"../../../Engine/Shaders/Private/WideCustomResolveShaders.usf" 1944
"../../../Engine/Shaders/Private/WideCustomResolve_Wide.ush" 1945
"../../../Engine/Shaders/Private/WideCustomResolve_Wider.ush" 1946
"../../../Engine/Shaders/Private/WideCustomResolve_Widest.ush" 1947
"../../../Engine/Shaders/Private/PageTableUpdate.usf" 1948
"../../../Engine/Shaders/Private/VirtualTextureCompress.usf" 1949
"../../../Engine/Shaders/Private/BlockCompressionCommon.ush" 1950
"../../../Engine/Shaders/Private/BCCompressionCommon.ush" 1951
"../../../Engine/Shaders/Private/ETCCompressionCommon.ush" 1952
"../../../Engine/Shaders/Private/VirtualTextureMaterial.usf" 1953
"../../../Engine/Shaders/Private/PixelShaderOutputCommon.ush" 1954
"../../../Engine/Shaders/Private/ShaderOutputCommon.ush" 1955
"../../../Engine/Shaders/Private/VolumetricRenderTarget.usf" 1956
"../../../Engine/Shaders/Private/VolumetricFogVoxelization.usf" 1957
"../../../Engine/Shaders/Private/VolumetricCloudMaterialPixelCommon.ush" 1958
"../../../Engine/Shaders/Private/VolumetricFogLightFunction.usf" 1959
"../../../Engine/Shaders/Private/LightFunctionCommon.ush" 1960
"../../../Engine/Shaders/Private/VolumetricFog.usf" 1961
"../../../Engine/Shaders/Private/DeferredLightingCommon.ush" 1962
"../../../Engine/Shaders/Private/DynamicLightingCommon.ush" 1963
"../../../Engine/Shaders/Private/CapsuleLightIntegrate.ush" 1964
"../../../Engine/Shaders/Private/CapsuleLightSampling.ush" 1965
"../../../Engine/Shaders/Private/RectLightIntegrate.ush" 1966
"../../../Engine/Shaders/Private/LightGridCommon.ush" 1967
"../../../Engine/Shaders/Private/HeightFogCommon.ush" 1968
"../../../Engine/Shaders/Private/DistanceFieldAOShared.ush" 1969
"../../../Engine/Shaders/Private/VolumeLightingCommon.ush" 1970
"../../../Engine/Shaders/Private/ShadowFilteringCommon.ush" 1971
"../../../Engine/Shaders/Private/PixelQuadMessagePassing.ush" 1972
"../../../Engine/Shaders/Private/VolumeLightingCommonSampling.ush" 1973
"../../../Engine/Shaders/Private/VolumetricLightmapShared.ush" 1974
"../../../Engine/Shaders/Private/ForwardShadowingCommon.ush" 1975
"../../../Engine/Shaders/Private/LightDataUniforms.ush" 1976
"../../../Engine/Shaders/Private/Lumen/LumenTranslucencyVolumeShared.ush" 1977
"../../../Engine/Shaders/Private/Lumen/LumenRadianceCacheInterpolation.ush" 1978
"../../../Engine/Shaders/Private/VirtualShadowMaps/VirtualShadowMapProjectionCommon.ush" 1979
"../../../Engine/Shaders/Private/VirtualShadowMaps/VirtualShadowMapProjectionStructs.ush" 1980
"../../../Engine/Shaders/Private/VolumetricCloudCommon.ush" 1981
"../../../Engine/Shaders/Private/VolumetricCloud.usf" 1982
"../../../Engine/Shaders/Private/ColorMap.ush" 1983
"../../../Engine/Shaders/Private/ShaderPrint.ush" 1984
"../../../Engine/Shaders/Private/ShaderPrintCommon.ush" 1985
"../../../Engine/Shaders/Private/MiniFontCommon.ush" 1986
"../../../Engine/Shaders/Private/ReflectionEnvironmentShared.ush" 1987
"../../../Engine/Shaders/Private/BlueNoise.ush" 1988
"../../../Engine/Shaders/Private/VisualizeVolumetricLightmap.usf" 1989
"../../../Engine/Shaders/Private/VirtualShadowMaps/VirtualShadowMapProjectionComposite.usf" 1990
"../../../Engine/Shaders/Private/LightShaderParameters.ush" 1991
"../../../Engine/Shaders/Private/VirtualShadowMaps/VirtualShadowMapMaskBitsCommon.ush" 1992
"../../../Engine/Shaders/Private/VirtualShadowMaps/VirtualShadowMapProjection.usf" 1993
"../../../Engine/Shaders/Private/HairStrands/HairStrandsVisibilityCommon.ush" 1994
"../../../Engine/Shaders/Private/Visualization.ush" 1995
"../../../Engine/Shaders/Private/VirtualShadowMaps/VirtualShadowMapProjectionFilter.ush" 1996
"../../../Engine/Shaders/Private/VirtualShadowMaps/VirtualShadowMapProjectionDirectional.ush" 1997
"../../../Engine/Shaders/Private/PathTracing/Utilities/PathTracingRandomSequence.ush" 1998
"../../../Engine/Shaders/Private/VirtualShadowMaps/VirtualShadowMapSMRTCommon.ush" 1999
"../../../Engine/Shaders/Private/VirtualShadowMaps/VirtualShadowMapSMRTTemplate.ush" 2000
"../../../Engine/Shaders/Private/VirtualShadowMaps/VirtualShadowMapProjectionSpot.ush" 2001
"../../../Engine/Shaders/Private/VirtualShadowMaps/VirtualShadowMapTransmissionCommon.ush" 2002
"../../../Engine/Shaders/Private/HairStrands/HairStrandsVoxelPageCommon.ush" 2003
"../../../Engine/Shaders/Private/HairStrands/HairStrandsVoxelPageTraversal.ush" 2004
"../../../Engine/Shaders/Private/VirtualShadowMaps/VirtualShadowMapCacheManagement.usf" 2005
"../../../Engine/Shaders/Private/VirtualShadowMaps/VirtualShadowMapPageCacheCommon.ush" 2006
"../../../Engine/Shaders/Private/ScreenSpaceDenoise/SSDDefinitions.ush" 2007
"../../../Engine/Shaders/Private/InstanceCulling/InstanceCullingLoadBalancer.ush" 2008
"../../../Engine/Shaders/Private/VirtualShadowMaps/VirtualShadowMapCopyStats.usf" 2009
"../../../Engine/Shaders/Private/VirtualShadowMaps/VirtualShadowMapPageManagement.usf" 2010
"../../../Engine/Shaders/Shared/SingleLayerWaterDefinitions.h" 2011
"../../../Engine/Shaders/Private/HairStrands/HairStrandsTileCommon.ush" 2012
"../../../Engine/Shaders/Private/ReductionCommon.ush" 2013
"../../../Engine/Shaders/Private/VirtualShadowMaps/VirtualShadowMapStats.ush" 2014
"../../../Engine/Shaders/Private/VirtualShadowMaps/VirtualShadowMapBuildPerPageDrawCommands.usf" 2015
"../../../Engine/Shaders/Private/InstanceCulling/InstanceCullingCommon.ush" 2016
"../../../Engine/Shaders/Private/VirtualShadowMaps/VirtualShadowMapPrintStats.usf" 2017
"../../../Engine/Shaders/Private/VirtualShadowMaps/VirtualShadowMapDebug.usf" 2018
"../../../Engine/Shaders/Private/VelocityShader.usf" 2019
"../../../Engine/Shaders/Private/VelocityCommon.ush" 2020
"../../../Engine/Shaders/Private/VariableRateShading/VRSShadingRatePreview.usf" 2021
"../../../Engine/Shaders/Private/VariableRateShading/VRSShadingRateCommon.ush" 2022
"../../../Engine/Shaders/Private/VariableRateShading/VRSShadingRateCombine.usf" 2023
"../../../Engine/Shaders/Private/VariableRateShading/FixedFoveationVariableRateShading.usf" 2024
"../../../Engine/Shaders/Private/VariableRateShading/VRSShadingRateReproject.usf" 2025
"../../../Engine/Shaders/Private/VariableRateShading/VRSShadingRateCalculate.usf" 2026
"../../../Engine/Shaders/Private/TranslucencyUpsampling.usf" 2027
"../../../Engine/Shaders/Private/ScreenPass.ush" 2028
"../../../Engine/Shaders/Private/ComposeSeparateTranslucency.usf" 2029
"../../../Engine/Shaders/Private/SeparateTranslucency.ush" 2030
"../../../Engine/Shaders/Private/TranslucentLightInjectionShaders.usf" 2031
"../../../Engine/Shaders/Private/TranslucentShadowDepthShaders.usf" 2032
"../../../Engine/Shaders/Private/ShadowDepthCommon.ush" 2033
"../../../Engine/Shaders/Private/RayTracing/RayTracingTest.usf" 2034
"../../../Engine/Shaders/Private/PostProcessSubsurfaceTile.usf" 2035
"../../../Engine/Shaders/Private/Strata/StrataVisualize.usf" 2036
"../../../Engine/Shaders/Private/Strata/StrataTile.ush" 2037
"../../../Engine/Shaders/Private/SkyLightingDiffuseShared.ush" 2038
"../../../Engine/Shaders/Private/SkyLightingShared.ush" 2039
"../../../Engine/Shaders/Private/ClearCoatCommon.ush" 2040
"../../../Engine/Shaders/Private/ReflectionEnvironmentComposite.ush" 2041
"../../../Engine/Shaders/Private/Strata/StrataLightingCommon.ush" 2042
"../../../Engine/Shaders/Private/Strata/StrataRoughRefraction.usf" 2043
"../../../Engine/Shaders/Private/PathTracing/Material/PathTracingFresnel.ush" 2044
"../../../Engine/Shaders/Private/PathTracing/Material/PathTracingGlossy.ush" 2045
"../../../Engine/Shaders/Private/Strata/StrataTile.usf" 2046
"../../../Engine/Shaders/Private/Strata/StrataMaterialClassification.usf" 2047
"../../../Engine/Shaders/Private/Strata/StrataDBuffer.usf" 2048
"../../../Engine/Shaders/Private/SparseVolumeTexture/VisualizeSparseVolumeTexture.usf" 2049
"../../../Engine/Shaders/Private/SkyAtmosphere.usf" 2050
"../../../Engine/Shaders/Private/CopyDepthTexture.usf" 2051
"../../../Engine/Shaders/Private/SingleLayerWaterComposite.usf" 2052
"../../../Engine/Shaders/Private/ShadowProjectionVertexShader.usf" 2053
"../../../Engine/Shaders/Private/ShadowProjectionPixelShader.usf" 2054
"../../../Engine/Shaders/Private/ShadowPercentageCloserFiltering.ush" 2055
"../../../Engine/Shaders/Private/TransmissionThickness.ush" 2056
"../../../Engine/Shaders/Private/CopyShadowMaps.usf" 2057
"../../../Engine/Shaders/Private/ShadowDepthPixelShader.usf" 2058
"../../../Engine/Shaders/Private/ShadowDepthVertexShader.usf" 2059
"../../../Engine/Shaders/Private/ShadingEnergyConservationTable.usf" 2060
"../../../Engine/Shaders/Shared/PathTracingDefinitions.h" 2061
"../../../Engine/Shaders/Private/ShadingFurnaceTest.usf" 2062
"../../../Engine/Shaders/Private/Strata/StrataDeferredLighting.ush" 2063
"../../../Engine/Shaders/Private/ShaderPrintDraw.usf" 2064
"../../../Engine/Shaders/Private/ShaderPrintDrawPrimitive.usf" 2065
"../../../Engine/Shaders/Private/SSRT/SSRTDiffuseIndirect.usf" 2066
"../../../Engine/Shaders/Private/SSRT/SSRTRayCast.ush" 2067
"../../../Engine/Shaders/Private/SSRT/SSRTTileClassificationBuffer.ush" 2068
"../../../Engine/Shaders/Private/SSRT/SSRTReflections.usf" 2069
"../../../Engine/Shaders/Private/ScreenSpaceDenoise/SSDPublic.ush" 2070
"../../../Engine/Shaders/Private/SSRT/SSRTTileClassification.usf" 2071
"../../../Engine/Shaders/Private/SSRT/SSRTPrevFrameReduction.usf" 2072
"../../../Engine/Shaders/Private/ScreenSpaceDenoise/SSDComposeHarmonics.usf" 2073
"../../../Engine/Shaders/Private/ScreenSpaceDenoise/SSDPublicHarmonics.ush" 2074
"../../../Engine/Shaders/Private/ScreenSpaceDenoise/SSDSignalFramework.ush" 2075
"../../../Engine/Shaders/Private/ScreenSpaceDenoise/SSDCommon.ush" 2076
"../../../Engine/Shaders/Private/SphericalGaussian.ush" 2077
"../../../Engine/Shaders/Public/WaveBroadcastIntrinsics.ush" 2078
"../../../Engine/Shaders/Private/ScreenSpaceDenoise/SSDMetadata.ush" 2079
"../../../Engine/Shaders/Private/ScreenSpaceDenoise/SSDSignalCore.ush" 2080
"../../../Engine/Shaders/Private/ScreenSpaceDenoise/DenoisingCommon.ush" 2081
"../../../Engine/Shaders/Private/ScreenSpaceDenoise/SSDSignalArray.ush" 2082
"../../../Engine/Shaders/Private/ScreenSpaceDenoise/SSDSignalBufferEncoding.ush" 2083
"../../../Engine/Shaders/Private/ScreenSpaceDenoise/SSDPublicBufferEncoding.ush" 2084
"../../../Engine/Shaders/Private/Lumen/LumenBufferEncoding.ush" 2085
"../../../Engine/Shaders/Private/ScreenSpaceDenoise/SSDTemporalAccumulation.usf" 2086
"../../../Engine/Shaders/Private/ScreenSpaceDenoise/SSDSpatialKernel.ush" 2087
"../../../Engine/Shaders/Private/ScreenSpaceDenoise/SSDSignalAccumulatorArray.ush" 2088
"../../../Engine/Shaders/Private/ScreenSpaceDenoise/SSDSignalAccumulator.ush" 2089
"../../../Engine/Shaders/Private/ScreenSpaceDenoise/SSDSignalCompression.ush" 2090
"../../../Engine/Shaders/Private/ScreenSpaceDenoise/SSDSpatialAccumulation.usf" 2091
"../../../Engine/Shaders/Private/ScreenSpaceDenoise/SSDInjest.usf" 2092
"../../../Engine/Shaders/Private/ScreenSpaceDenoise/SSDCompressMetadata.usf" 2093
"../../../Engine/Shaders/Private/DownsampleDepthPixelShader.usf" 2094
"../../../Engine/Shaders/Private/ScreenPass.usf" 2095
"../../../Engine/Shaders/Private/HZB.usf" 2096
"../../../Engine/Shaders/Private/OcclusionFeedbackShaders.usf" 2097
"../../../Engine/Shaders/Private/HZBOcclusion.usf" 2098
"../../../Engine/Shaders/Private/OcclusionQueryPixelShader.usf" 2099
"../../../Engine/Shaders/Private/OcclusionQueryVertexShader.usf" 2100
"../../../Engine/Shaders/Private/HitProxyPixelShader.usf" 2101
"../../../Engine/Shaders/Private/HitProxyVertexShader.usf" 2102
"../../../Engine/Shaders/Private/SceneCapturePixelShader.usf" 2103
"../../../Engine/Shaders/Private/RTWriteMaskDecode.usf" 2104
"../../../Engine/Shaders/Private/ReflectionEnvironmentShaders.usf" 2105
"../../../Engine/Shaders/Private/RectLightAtlas.usf" 2106
"../../../Engine/Shaders/Private/RayTracing/TraceRayInlineStatistics.usf" 2107
"../../../Engine/Shaders/Private/RayTracing/TraceRayInlineCommon.ush" 2108
"../../../Engine/Shaders/Private/RayTracing/VisualizeSkyLightMipTreePS.usf" 2109
"../../../Engine/Shaders/Private/RayTracing/MipTreeCommon.ush" 2110
"../../../Engine/Shaders/Private/RayTracing/CompositeSkyLightPS.usf" 2111
"../../../Engine/Shaders/Private/RayTracing/GenerateSkyLightVisibilityRaysCS.usf" 2112
"../../../Engine/Shaders/Private/RayTracing/RayTracingSkyLightCommon.ush" 2113
"../../../Engine/Shaders/Private/RayTracing/SkyLightVisibilityRaysData.ush" 2114
"../../../Engine/Shaders/Private/Raytracing/RaytracingSkylightRGS.usf" 2115
"../../../Engine/Shaders/Private/HairStrands/HairStrandsRaytracing.ush" 2116
"../../../Engine/Shaders/Private/Raytracing/RayTracingSkyLightEvaluation.ush" 2117
"../../../Engine/Shaders/Private/Raytracing/RayTracingDeferredShadingCommon.ush" 2118
"../../../Engine/Shaders/Private/RayTracing/RayTracingOcclusionRGS.usf" 2119
"../../../Engine/Shaders/Private/RayTracing/RayTracingDirectionalLight.ush" 2120
"../../../Engine/Shaders/Private/RayTracing/RayTracingRectLight.ush" 2121
"../../../Engine/Shaders/Private/RayTracing/RayTracingSphereLight.ush" 2122
"../../../Engine/Shaders/Private/RayTracing/RayTracingCapsuleLight.ush" 2123
"../../../Engine/Shaders/Private/RayTracing/SplitImaginaryReflectionGBufferCS.usf" 2124
"../../../Engine/Shaders/Private/RayTracing/RayTracingReflectionsCommon.ush" 2125
"../../../Engine/Shaders/Private/RayTracing/RayTracingReflections.usf" 2126
"../../../Engine/Shaders/Private/RayTracing/RayTracingLightingCommon.ush" 2127
"../../../Engine/Shaders/Private/RayTracing/RayTracingLightCullingCommon.ush" 2128
"../../../Engine/Shaders/Private/RayTracing/RayTracingReflectionEnvironment.ush" 2129
"../../../Engine/Shaders/Private/RayTracing/RayTracingPrimaryRays.usf" 2130
"../../../Engine/Shaders/Private/RayTracing/RayTracingMaterialDefaultHitShaders.usf" 2131
"../../../Engine/Shaders/Private/RayTracing/RayTracingMaterialHitShaders.usf" 2132
"../../../Engine/Shaders/Private/RayTracing/RayTracingCalcInterpolants.ush" 2133
"../../../Engine/Shaders/Private/LightmapCommon.ush" 2134
"../../../Engine/Shaders/Private/Lumen/LumenHardwareRayTracingPayloadCommon.ush" 2135
"../../../Engine/Shaders/Private/Strata/StrataExport.ush" 2136
"../../../Engine/Shaders/Private/RayTracing/RayTracingLightingMS.usf" 2137
"../../../Engine/Shaders/Private/RayTracing/RayTracingLightFunctionCommon.ush" 2138
"../../../Engine/Shaders/Private/RayTracing/GenerateCulledLightListCS.usf" 2139
"../../../Engine/Shaders/Private/Raytracing/RayTracingInstanceBufferUtil.usf" 2140
"../../../Engine/Shaders/Private/RayTracing/RayTracingFinalGatherRGS.usf" 2141
"../../../Engine/Shaders/Private/RayTracing/RayTracingGatherPoints.ush" 2142
"../../../Engine/Shaders/Private/PathTracing/Light/PathTracingLightSampling.ush" 2143
"../../../Engine/Shaders/Private/PathTracing/Light/PathTracingLightCommon.ush" 2144
"../../../Engine/Shaders/Shared/RayTracingTypes.h" 2145
"../../../Engine/Shaders/Private/PathTracing/Light/PathTracingDirectionalLight.ush" 2146
"../../../Engine/Shaders/Private/PathTracing/Light/PathTracingPointLight.ush" 2147
"../../../Engine/Shaders/Private/PathTracing/Light/PathTracingCapsuleLight.ush" 2148
"../../../Engine/Shaders/Private/PathTracing/Light/PathTracingRectLight.ush" 2149
"../../../Engine/Shaders/Private/PathTracing/Light/PathTracingSkyLight.ush" 2150
"../../../Engine/Shaders/Private/PathTracing/Light/PathTracingSpotLight.ush" 2151
"../../../Engine/Shaders/Private/RayTracing/RayTracingCreateGatherPointsRGS.usf" 2152
"../../../Engine/Shaders/Private/RayTracing/RayTracingGlobalIlluminationRGS.usf" 2153
"../../../Engine/Shaders/Private/RayTracing/RayTracingDynamicMesh.usf" 2154
"../../../Engine/Shaders/Private/RayTracing/RayTracingDeferredReflections.usf" 2155
"../../../Engine/Shaders/Private/RayTracing/RayTracingDeferredMaterials.ush" 2156
"../../../Engine/Shaders/Shared/ThirdParty/AMD/ags_shader_intrinsics_dx12.h" 2157
"../../../Engine/Shaders/Private/RayTracing/RayTracingDeferredReflections.ush" 2158
"../../../Engine/Shaders/Private/RayTracing/RayTracingReflectionResolve.usf" 2159
"../../../Engine/Shaders/Private/RayTracing/RayTracingReflectionsGenerateRaysCS.usf" 2160
"../../../Engine/Shaders/Private/RayTracing/MaterialSort.usf" 2161
"../../../Engine/Shaders/Private/RayTracing/RayTracingDeferredMaterials.usf" 2162
"../../../Engine/Shaders/Private/RayTracing/RayTracingDefaultDecalHitShader.usf" 2163
"../../../Engine/Shaders/Private/RayTracing/RayTracingDecalMaterialShader.usf" 2164
"../../../Engine/Shaders/Private/RayTracing/RayTracingBuildDecalGrid.usf" 2165
"../../../Engine/Shaders/Private/RayTracing/RayTracingDebugInstanceOverlap.usf" 2166
"../../../Engine/Shaders/Private/RayTracing/RayTracingDebugPicking.usf" 2167
"../../../Engine/Shaders/Private/RayTracing/RayTracingDebugUtils.ush" 2168
"../../../Engine/Shaders/Shared/RayTracingDebugTypes.h" 2169
"../../../Engine/Shaders/Private/RayTracing/RayTracingDebugTraversal.usf" 2170
"../../../Engine/Shaders/Private/Nanite/NaniteRayTrace.ush" 2171
"../../../Engine/Shaders/Shared/ThirdParty/RayTriangleIntersection.h" 2172
"../../../Engine/Shaders/Shared/RayTracingDebugDefinitions.h" 2173
"../../../Engine/Shaders/Private/RayTracing/TraceRayInline.ush" 2174
"../../../Engine/Shaders/Private/RayTracing/TraceRayInlineVulkan.ush" 2175
"../../../Engine/Shaders/Private/RayTracing/TraceRayInlineMetal.ush" 2176
"../../../Engine/Shaders/Private/RayTracing/RayTracingDebugMS.usf" 2177
"../../../Engine/Shaders/Private/RayTracing/RayTracingDebugCHS.usf" 2178
"../../../Engine/Shaders/Private/RayTracing/RayTracingDebug.usf" 2179
"../../../Engine/Shaders/Private/RayTracing/RayTracingBuiltInShaders.usf" 2180
"../../../Engine/Shaders/Private/RayTracing/RayTracingBarycentrics.usf" 2181
"../../../Engine/Shaders/Private/RayTracing/RayTracingAmbientOcclusionRGS.usf" 2182
"../../../Engine/Shaders/Private/VisualizeShadingModels.usf" 2183
"../../../Engine/Shaders/Private/PostProcessCommon.ush" 2184
"../../../Engine/Shaders/Private/MotionBlur/VisualizeMotionVectors.usf" 2185
"../../../Engine/Shaders/Private/TemporalSuperResolution/TSRDebugHistory.usf" 2186
"../../../Engine/Shaders/Private/TemporalSuperResolution/TSRCommon.ush" 2187
"../../../Engine/Shaders/Public/DualPixelVectorization.ush" 2188
"../../../Engine/Shaders/Private/TemporalSuperResolution/TSRResolveHistory.usf" 2189
"../../../Engine/Shaders/Private/TemporalSuperResolution/TSRUpdateHistory.usf" 2190
"../../../Engine/Shaders/Private/TemporalSuperResolution/TSRFilterAntiAliasing.usf" 2191
"../../../Engine/Shaders/Private/TemporalSuperResolution/TSRSpatialAntiAliasing.usf" 2192
"../../../Engine/Shaders/Private/TemporalSuperResolution/TSRRejectShading.usf" 2193
"../../../Engine/Shaders/Public/LaneVectorization.ush" 2194
"../../../Engine/Shaders/Private/TemporalSuperResolution/TSRCompareTranslucency.usf" 2195
"../../../Engine/Shaders/Private/TemporalSuperResolution/TSRDecimateHistory.usf" 2196
"../../../Engine/Shaders/Private/TemporalSuperResolution/TSRDilateVelocity.usf" 2197
"../../../Engine/Shaders/Private/MotionBlur/MotionBlurVelocityFlatten.ush" 2198
"../../../Engine/Shaders/Private/MotionBlur/MotionBlurCommon.ush" 2199
"../../../Engine/Shaders/Private/TemporalSuperResolution/TSRForwardScatterDepth.usf" 2200
"../../../Engine/Shaders/Private/TemporalSuperResolution/TSRClearPrevTextures.usf" 2201
"../../../Engine/Shaders/Private/TemporalSuperResolution/TSRComputeMoireLuma.usf" 2202
"../../../Engine/Shaders/Private/TemporalAA.usf" 2203
"../../../Engine/Shaders/Private/FilterPixelShader.usf" 2204
"../../../Engine/Shaders/Private/FilterVertexShader.usf" 2205
"../../../Engine/Shaders/Private/PostProcessVisualizeBuffer.usf" 2206
"../../../Engine/Shaders/Private/PostProcessVisualizeLocalExposure.usf" 2207
"../../../Engine/Shaders/Private/PostProcessHistogramCommon.ush" 2208
"../../../Engine/Shaders/Private/PostProcessVisualizeLevelInstance.usf" 2209
"../../../Engine/Shaders/Private/PostProcessVisualizeHDR.usf" 2210
"../../../Engine/Shaders/Private/ShaderComplexityApplyPixelShader.usf" 2211
"../../../Engine/Shaders/Private/QuadOverdraw.ush" 2212
"../../../Engine/Shaders/Private/PostProcessUpscale.usf" 2213
"../../../Engine/Shaders/Private/PostProcessTonemap.usf" 2214
"../../../Engine/Shaders/Private/PostProcessing/FilmGrainPackConstants.usf" 2215
"../../../Engine/Shaders/Private/PostProcessing/FilmGrainReduce.usf" 2216
"../../../Engine/Shaders/Private/PostProcessTestImage.usf" 2217
"../../../Engine/Shaders/Private/PostProcessSubsurface.usf" 2218
"../../../Engine/Shaders/Private/SeparableSSS.ush" 2219
"../../../Engine/Shaders/Private/SubsurfaceBurleyNormalized.ush" 2220
"../../../Engine/Shaders/Private/PostProcessSelectionOutline.usf" 2221
"../../../Engine/Shaders/Private/PostProcessPixelProjectedReflectionMobile.usf" 2222
"../../../Engine/Shaders/Private/MotionBlur/MotionBlurVisualize.usf" 2223
"../../../Engine/Shaders/Private/MotionBlur/MotionBlurApply.usf" 2224
"../../../Engine/Shaders/Private/MotionBlur/MotionBlurFilterTileClassify.usf" 2225
"../../../Engine/Shaders/Private/MotionBlur/MotionBlurTileScatter.usf" 2226
"../../../Engine/Shaders/Private/MotionBlur/MotionBlurTileGather.usf" 2227
"../../../Engine/Shaders/Private/MotionBlur/MotionBlurVelocityFlatten.usf" 2228
"../../../Engine/Shaders/Private/PostProcessMobile.usf" 2229
"../../../Engine/Shaders/Private/PostProcessMitchellNetravali.usf" 2230
"../../../Engine/Shaders/Private/PostProcessMaterialShaders.usf" 2231
"../../../Engine/Shaders/Private/PostProcessLocalExposure.usf" 2232
"../../../Engine/Shaders/Private/PostProcessLensFlares.usf" 2233
"../../../Engine/Shaders/Private/PostProcessHMD.usf" 2234
"../../../Engine/Shaders/Private/Histogram.usf" 2235
"../../../Engine/Shaders/Private/PostProcessHistogramReduce.usf" 2236
"../../../Engine/Shaders/Private/PostProcessHistogram.usf" 2237
"../../../Engine/Shaders/Private/PostProcessGBufferHints.usf" 2238
"../../../Engine/Shaders/Private/Bloom/BloomFinalizeApplyConstants.usf" 2239
"../../../Engine/Shaders/Private/Bloom/BloomCommon.ush" 2240
"../../../Engine/Shaders/Private/Bloom/BloomResizeKernel.usf" 2241
"../../../Engine/Shaders/Private/Bloom/BloomClampKernel.usf" 2242
"../../../Engine/Shaders/Private/Bloom/BloomPackKernelConstants.usf" 2243
"../../../Engine/Shaders/Private/Bloom/BloomSumScatterDispersionEnergy.usf" 2244
"../../../Engine/Shaders/Private/Bloom/BloomReduceKernelSurvey.usf" 2245
"../../../Engine/Shaders/Private/Bloom/BloomSurveyKernelCenterEnergy.usf" 2246
"../../../Engine/Shaders/Private/Bloom/BloomSurveyMaxScatterDispersion.usf" 2247
"../../../Engine/Shaders/Private/Bloom/BloomFindKernelCenter.usf" 2248
"../../../Engine/Shaders/Private/PostProcessEyeAdaptation.usf" 2249
"../../../Engine/Shaders/Private/PostProcessDownsample.usf" 2250
"../../../Engine/Shaders/Private/PostProcessDOF.usf" 2251
"../../../Engine/Shaders/Private/PostProcessDeviceEncodingOnly.usf" 2252
"../../../Engine/Shaders/Private/PostProcessCompositeEditorPrimitives.usf" 2253
"../../../Engine/Shaders/Private/PostProcessCombineLUTs.usf" 2254
"../../../Engine/Shaders/Private/PostProcessVisualizeDOF.usf" 2255
"../../../Engine/Shaders/Private/PostProcessBloom.usf" 2256
"../../../Engine/Shaders/Private/PostProcessAmbientOcclusionMobile.usf" 2257
"../../../Engine/Shaders/Private/PostProcessAmbientOcclusionCommon.ush" 2258
"../../../Engine/Shaders/Private/FXAAShader.usf" 2259
"../../../Engine/Shaders/Private/Fxaa3_11.ush" 2260
"../../../Engine/Shaders/Private/DiaphragmDOF/DOFRecombine.usf" 2261
"../../../Engine/Shaders/Private/DiaphragmDOF/DOFCommon.ush" 2262
"../../../Engine/Shaders/Private/DiaphragmDOF/DOFHybridScatterPixelShader.usf" 2263
"../../../Engine/Shaders/Private/DiaphragmDOF/DOFHybridScatterCommon.ush" 2264
"../../../Engine/Shaders/Private/DiaphragmDOF/DOFHybridScatterVertexShader.usf" 2265
"../../../Engine/Shaders/Private/DiaphragmDOF/DOFPostfiltering.usf" 2266
"../../../Engine/Shaders/Private/DiaphragmDOF/DOFGatherTileSuggest.ush" 2267
"../../../Engine/Shaders/Private/DiaphragmDOF/DOFCocTileCommon.ush" 2268
"../../../Engine/Shaders/Private/DiaphragmDOF/DOFGatherPass.usf" 2269
"../../../Engine/Shaders/Private/DiaphragmDOF/DOFGatherCommon.ush" 2270
"../../../Engine/Shaders/Private/DiaphragmDOF/DOFGatherAccumulator.ush" 2271
"../../../Engine/Shaders/Private/DiaphragmDOF/DOFGatherKernel.ush" 2272
"../../../Engine/Shaders/Private/DiaphragmDOF/DOFBokehLUT.usf" 2273
"../../../Engine/Shaders/Private/DiaphragmDOF/DOFHybridScatterCompilation.usf" 2274
"../../../Engine/Shaders/Private/DiaphragmDOF/DOFReduce.usf" 2275
"../../../Engine/Shaders/Private/DiaphragmDOF/DOFDownsample.ush" 2276
"../../../Engine/Shaders/Private/DiaphragmDOF/DOFHybridScatterCompilation.ush" 2277
"../../../Engine/Shaders/Private/DiaphragmDOF/DOFDownsample.usf" 2278
"../../../Engine/Shaders/Private/DiaphragmDOF/DOFCocTileDilate.usf" 2279
"../../../Engine/Shaders/Private/DiaphragmDOF/DOFCocTileFlatten.usf" 2280
"../../../Engine/Shaders/Private/DiaphragmDOF/DOFSetup.usf" 2281
"../../../Engine/Shaders/Private/PlanarReflectionShaders.usf" 2282
"../../../Engine/Shaders/Private/PlanarReflectionShared.ush" 2283
"../../../Engine/Shaders/Private/PhysicsFieldVisualizer.usf" 2284
"../../../Engine/Shaders/Private/PathTracing/PathTracingSpatialTemporalDenoising.usf" 2285
"../../../Engine/Shaders/Private/ColorDifference.ush" 2286
"../../../Engine/Shaders/Private/PathTracing/PathTracingCompositingPixelShader.usf" 2287
"../../../Engine/Shaders/Private/PathTracing/PathTracingDefaultHitShader.usf" 2288
"../../../Engine/Shaders/Private/PathTracing/PathTracingCommon.ush" 2289
"../../../Engine/Shaders/Private/PathTracing/Material/PathTracingMaterialCommon.ush" 2290
"../../../Engine/Shaders/Private/PathTracing/PathTracingMaterialHitShader.usf" 2291
"../../../Engine/Shaders/Private/PathTracing/PathTracingShaderUtils.ush" 2292
"../../../Engine/Shaders/Private/PathTracing/Material/PathTracingThinGlass.ush" 2293
"../../../Engine/Shaders/Private/PathTracing/Material/PathTracingEnergyConservation.ush" 2294
"../../../Engine/Shaders/Private/PathTracing/PathTracingLightingMissShader.usf" 2295
"../../../Engine/Shaders/Private/PathTracing/PathTracingMissShader.usf" 2296
"../../../Engine/Shaders/Private/PathTracing/PathTracingBuildAtmosphereLUT.usf" 2297
"../../../Engine/Shaders/Private/PathTracing/Volume/PathTracingAtmosphereCommon.ush" 2298
"../../../Engine/Shaders/Private/PathTracing/PathTracingSwizzleScanlines.usf" 2299
"../../../Engine/Shaders/Private/PathTracing/PathTracingInitExtinctionCoefficient.usf" 2300
"../../../Engine/Shaders/Private/PathTracing/PathTracing.usf" 2301
"../../../Engine/Shaders/Private/PathTracing/PathTracingCore.ush" 2302
"../../../Engine/Shaders/Private/RayTracing/RayTracingDecalGrid.ush" 2303
"../../../Engine/Shaders/Private/PathTracing/Utilities/PathTracingRIS.ush" 2304
"../../../Engine/Shaders/Private/PathTracing/Light/PathTracingLightGrid.ush" 2305
"../../../Engine/Shaders/Private/PathTracing/Material/PathTracingMaterialSampling.ush" 2306
"../../../Engine/Shaders/Private/PathTracing/Material/PathTracingLambert.ush" 2307
"../../../Engine/Shaders/Private/PathTracing/Material/PathTracingSolidGlass.ush" 2308
"../../../Engine/Shaders/Private/PathTracing/Material/PathTracingDefaultLit.ush" 2309
"../../../Engine/Shaders/Private/PathTracing/Material/PathTracingClearCoat.ush" 2310
"../../../Engine/Shaders/Private/PathTracing/Material/PathTracingTwoSidedFoliage.ush" 2311
"../../../Engine/Shaders/Private/PathTracing/Material/PathTracingCloth.ush" 2312
"../../../Engine/Shaders/Private/PathTracing/Material/PathTracingSubsurfaceProfile.ush" 2313
"../../../Engine/Shaders/Private/PathTracing/Material/PathTracingEye.ush" 2314
"../../../Engine/Shaders/Private/PathTracing/Material/PathTracingHair.ush" 2315
"../../../Engine/Shaders/Private/PathTracing/Material/PathTracingMedium.ush" 2316
"../../../Engine/Shaders/Private/PathTracing/Volume/PathTracingVolume.ush" 2317
"../../../Engine/Shaders/Private/PathTracing/Volume/PathTracingVolumeCommon.ush" 2318
"../../../Engine/Shaders/Private/PathTracing/Volume/PathTracingAtmosphere.ush" 2319
"../../../Engine/Shaders/Private/DoubleWordMath.ush" 2320
"../../../Engine/Shaders/Private/PathTracing/Volume/PathTracingFog.ush" 2321
"../../../Engine/Shaders/Private/PathTracing/Volume/PathTracingVolumeSampling.ush" 2322
"../../../Engine/Shaders/Private/PathTracing/PathTracingBuildLightGrid.usf" 2323
"../../../Engine/Shaders/Private/PathTracing/PathTracingSkylightMISCompensation.usf" 2324
"../../../Engine/Shaders/Private/PathTracing/PathTracingSkylightPrepare.usf" 2325
"../../../Engine/Shaders/Private/OIT/OITSorting.usf" 2326
"../../../Engine/Shaders/Private/OITCombine.usf" 2327
"../../../Engine/Shaders/Private/OITCommon.ush" 2328
"../../../Engine/Shaders/Private/Nanite/NaniteDebugViews.usf" 2329
"../../../Engine/Shaders/Private/Nanite/NaniteDepthDecode.usf" 2330
"../../../Engine/Shaders/Private/HTileEncoding.ush" 2331
"../../../Engine/Shaders/Private/Nanite/NaniteMaterialComplexity.usf" 2332
"../../../Engine/Shaders/Private/Nanite/NaniteVisualize.usf" 2333
"../../../Engine/Shaders/Private/Nanite/NaniteStreamOut.usf" 2334
"../../../Engine/Shaders/Private/Nanite/NaniteMaterialCulling.usf" 2335
"../../../Engine/Shaders/Private/Nanite/NaniteDepthExport.usf" 2336
"../../../Engine/Shaders/Private/Nanite/NaniteExportGBuffer.usf" 2337
"../../../Engine/Shaders/Private/Nanite/NaniteRasterizer.usf" 2338
"../../../Engine/Shaders/Private/Nanite/NaniteRasterizationCommon.ush" 2339
"../../../Engine/Shaders/Private/Nanite/NaniteRasterizer.ush" 2340
"../../../Engine/Shaders/Private/Nanite/NaniteWritePixel.ush" 2341
"../../../Engine/Shaders/Private/Nanite/NaniteTessellation.ush" 2342
"../../../Engine/Shaders/Private/WorkDistribution.ush" 2343
"../../../Engine/Shaders/Private/Nanite/NaniteRasterBinning.usf" 2344
"../../../Engine/Shaders/Private/Nanite/NaniteInstanceCulling.usf" 2345
"../../../Engine/Shaders/Private/Nanite/NaniteImposter.ush" 2346
"../../../Engine/Shaders/Private/Nanite/NanitePrimitiveFilter.usf" 2347
"../../../Engine/Shaders/Private/Nanite/NaniteRasterClear.usf" 2348
"../../../Engine/Shaders/Private/Nanite/NanitePrintStats.usf" 2349
"../../../Engine/Shaders/Private/Nanite/NaniteEmitShadow.usf" 2350
"../../../Engine/Shaders/Private/MobileDeferredUtils.usf" 2351
"../../../Engine/Shaders/Private/MobileFog.usf" 2352
"../../../Engine/Shaders/Private/DistortApplyScreenPS.usf" 2353
"../../../Engine/Shaders/Private/MobileDeferredShading.usf" 2354
"../../../Engine/Shaders/Private/MobileLightingCommon.ush" 2355
"../../../Engine/Shaders/Private/MobileBasePassPixelShader.usf" 2356
"../../../Engine/Shaders/Private/MobileBasePassCommon.ush" 2357
"../../../Engine/Shaders/Private/BasePassCommon.ush" 2358
"../../../Engine/Shaders/Private/ShadingModelsMaterial.ush" 2359
"../../../Engine/Shaders/Private/ThinTranslucentCommon.ush" 2360
"../../../Engine/Shaders/Private/SingleLayerWaterShading.ush" 2361
"../../../Engine/Shaders/Private/DistortionCommon.ush" 2362
"../../../Engine/Shaders/Private/Strata/StrataMobileForwardLighting.ush" 2363
"../../../Engine/Shaders/Private/MobileBasePassVertexShader.usf" 2364
"../../../Engine/Shaders/Private/Lumen/LumenVisualizeRadianceCache.usf" 2365
"../../../Engine/Shaders/Private/Lumen/LumenRadianceCacheCommon.ush" 2366
"../../../Engine/Shaders/Private/Lumen/LumenVisualizeHardwareRayTracing.usf" 2367
"../../../Engine/Shaders/Private/Lumen/LumenCardCommon.ush" 2368
"../../../Engine/Shaders/Private/Lumen/LumenTracingCommon.ush" 2369
"../../../Engine/Shaders/Private/DistanceField/GlobalDistanceFieldUtils.ush" 2370
"../../../Engine/Shaders/Private/DistanceField/GlobalDistanceFieldObjectGrid.ush" 2371
"../../../Engine/Shaders/Private/DistanceFieldLightingShared.ush" 2372
"../../../Engine/Shaders/Private/Lumen/SurfaceCache/LumenSurfaceCacheSampling.ush" 2373
"../../../Engine/Shaders/Private/Lumen/SurfaceCache/LumenSurfaceCache.ush" 2374
"../../../Engine/Shaders/Private/Lumen/LumenVisualize.ush" 2375
"../../../Engine/Shaders/Private/Lumen/LumenHardwareRayTracingCommon.ush" 2376
"../../../Engine/Shaders/Private/Lumen/LumenHardwareRayTracingPipelineCommon.ush" 2377
"../../../Engine/Shaders/Private/Lumen/LumenHardwareRayTracingPlatformCommon.ush" 2378
"../../../Engine/Shaders/Private/Lumen/LumenHairTracing.ush" 2379
"../../../Engine/Shaders/Private/Lumen/LumenFog.ush" 2380
"../../../Engine/Shaders/Private/Lumen/LumenVisualize.usf" 2381
"../../../Engine/Shaders/Private/Lumen/LumenVisualizeTraces.ush" 2382
"../../../Engine/Shaders/Private/Lumen/LumenTranslucencyVolumeLighting.usf" 2383
"../../../Engine/Shaders/Private/Lumen/LumenRadianceCacheMarkCommon.ush" 2384
"../../../Engine/Shaders/Private/Lumen/LumenTranslucencyVolumeLightingShared.ush" 2385
"../../../Engine/Shaders/Private/Lumen/LumenScreenProbeCommon.ush" 2386
"../../../Engine/Shaders/Private/Lumen/LumenTranslucencyVolumeHardwareRayTracing.usf" 2387
"../../../Engine/Shaders/Private/Lumen/LumenTranslucencyRadianceCacheMarkShaders.usf" 2388
"../../../Engine/Shaders/Private/Lumen/SurfaceCache/LumenSurfaceCacheFeedback.usf" 2389
"../../../Engine/Shaders/Private/Lumen/SurfaceCache/LumenSurfaceCache.usf" 2390
"../../../Engine/Shaders/Private/Lumen/LumenShortRangeAOHardwareRayTracing.usf" 2391
"../../../Engine/Shaders/Private/Lumen/LumenMaterial.ush" 2392
"../../../Engine/Shaders/Private/Lumen/LumenScreenSpaceBentNormal.usf" 2393
"../../../Engine/Shaders/Private/Lumen/LumenScreenTracing.ush" 2394
"../../../Engine/Shaders/Private/Lumen/LumenScreenProbeTracing.usf" 2395
"../../../Engine/Shaders/Private/Lumen/LumenScreenProbeTracingCommon.ush" 2396
"../../../Engine/Shaders/Private/Lumen/LumenScreenProbeImportanceSampling.usf" 2397
"../../../Engine/Shaders/Private/Lumen/LumenScreenProbeImportanceSamplingShared.ush" 2398
"../../../Engine/Shaders/Private/Lumen/LumenScreenProbeHardwareRayTracing.usf" 2399
"../../../Engine/Shaders/Private/Lumen/LumenScreenProbeGather.usf" 2400
"../../../Engine/Shaders/Private/Lumen/LumenScreenSpaceBentNormal.ush" 2401
"../../../Engine/Shaders/Private/Lumen/LumenReflectionsCombine.ush" 2402
"../../../Engine/Shaders/Private/Lumen/LumenScreenProbeLightSampling.usf" 2403
"../../../Engine/Shaders/Private/Lumen/LumenScreenProbeFiltering.usf" 2404
"../../../Engine/Shaders/Private/Lumen/LumenSceneLighting.usf" 2405
"../../../Engine/Shaders/Private/Lumen/LumenCardTile.ush" 2406
"../../../Engine/Shaders/Private/Lumen/LumenSceneLighting.ush" 2407
"../../../Engine/Shaders/Private/Lumen/Radiosity/LumenRadiosity.ush" 2408
"../../../Engine/Shaders/Private/Lumen/LumenCardPixelShader.usf" 2409
"../../../Engine/Shaders/Private/Lumen/LumenCardVertexShader.usf" 2410
"../../../Engine/Shaders/Private/Lumen/LumenSceneLightingDebug.usf" 2411
"../../../Engine/Shaders/Private/Lumen/LumenSceneDirectLightingHardwareRayTracing.usf" 2412
"../../../Engine/Shaders/Private/Lumen/LumenReflectionCommon.ush" 2413
"../../../Engine/Shaders/Private/Lumen/LumenSceneDirectLighting.ush" 2414
"../../../Engine/Shaders/Private/Lumen/LumenSceneDirectLightingSoftwareRayTracing.usf" 2415
"../../../Engine/Shaders/Private/DistanceFieldShadowingShared.ush" 2416
"../../../Engine/Shaders/Private/Lumen/LumenSceneDirectLightingPerLightShadowCommon.ush" 2417
"../../../Engine/Shaders/Private/Lumen/LumenSceneDirectLightingShadowMask.usf" 2418
"../../../Engine/Shaders/Private/Lumen/LumenSceneDirectLighting.usf" 2419
"../../../Engine/Shaders/Private/Lumen/LumenSceneDirectLightingCulling.usf" 2420
"../../../Engine/Shaders/Private/Lumen/LumenReflectionTracing.usf" 2421
"../../../Engine/Shaders/Private/Lumen/LumenReflections.usf" 2422
"../../../Engine/Shaders/Private/Lumen/LumenReflectionHardwareRayTracing.usf" 2423
"../../../Engine/Shaders/Private/Lumen/Radiosity/LumenVisualizeRadiosityProbes.usf" 2424
"../../../Engine/Shaders/Private/Lumen/Radiosity/LumenRadiosity.usf" 2425
"../../../Engine/Shaders/Private/RayTracing/RayGenUtils.ush" 2426
"../../../Engine/Shaders/Private/Lumen/Radiosity/LumenRadiosityHardwareRayTracing.usf" 2427
"../../../Engine/Shaders/Private/Lumen/Radiosity/LumenRadiosityCulling.usf" 2428
"../../../Engine/Shaders/Private/Lumen/LumenRadianceCacheHardwareRayTracing.usf" 2429
"../../../Engine/Shaders/Private/Lumen/LumenRadianceCacheTracingCommon.ush" 2430
"../../../Engine/Shaders/Private/Lumen/LumenRadianceCache.usf" 2431
"../../../Engine/Shaders/Private/Lumen/LumenRadianceCacheUpdate.ush" 2432
"../../../Engine/Shaders/Private/Lumen/LumenRadianceCacheDebug.usf" 2433
"../../../Engine/Shaders/Private/Lumen/LumenRadianceCacheUpdate.usf" 2434
"../../../Engine/Shaders/Private/Lumen/LumenMeshSDFCulling.usf" 2435
"../../../Engine/Shaders/Private/HybridIndirectLighting.ush" 2436
"../../../Engine/Shaders/Private/MeshDistanceFieldCommon.ush" 2437
"../../../Engine/Shaders/Private/Lumen/LumenIrradianceFieldGather.usf" 2438
"../../../Engine/Shaders/Private/Lumen/LumenHardwareRayTracingMaterials.usf" 2439
"../../../Engine/Shaders/Private/Lumen/LumenHardwareRayTracingPipeline.usf" 2440
"../../../Engine/Shaders/Private/Lumen/LumenFrontLayerTranslucency.usf" 2441
"../../../Engine/Shaders/Private/LightShaftShader.usf" 2442
"../../../Engine/Shaders/Private/StationaryLightOverlapShaders.usf" 2443
"../../../Engine/Shaders/Private/DeferredLightPixelShaders.usf" 2444
"../../../Engine/Shaders/Private/HairStrands/HairStrandsVisibilityUtils.ush" 2445
"../../../Engine/Shaders/Private/DeferredLightVertexShaders.usf" 2446
"../../../Engine/Shaders/Private/LightMapDensityShader.usf" 2447
"../../../Engine/Shaders/Private/LightGridInjection.usf" 2448
"../../../Engine/Shaders/Private/LightFunctionPixelShader.usf" 2449
"../../../Engine/Shaders/Private/LightFunctionVertexShader.usf" 2450
"../../../Engine/Shaders/Private/InstanceCulling/BuildInstanceDrawCommands.usf" 2451
"../../../Engine/Shaders/Private/InstanceCulling/InstanceCompactionCommon.ush" 2452
"../../../Engine/Shaders/Private/InstanceCulling/CompactVisibleInstances.usf" 2453
"../../../Engine/Shaders/Private/ThreadGroupPrefixSum.ush" 2454
"../../../Engine/Shaders/Private/ReflectionEnvironmentPixelShader.usf" 2455
"../../../Engine/Shaders/Private/Strata/StrataEnvironmentLighting.ush" 2456
"../../../Engine/Shaders/Private/AmbientCubemapComposite.usf" 2457
"../../../Engine/Shaders/Private/DiffuseIndirectComposite.usf" 2458
"../../../Engine/Shaders/Private/IESAtlas.usf" 2459
"../../../Engine/Shaders/Private/HeterogeneousVolumes/HeterogeneousVolumesSparseVoxelPipeline.usf" 2460
"../../../Engine/Shaders/Private/HeterogeneousVolumes/HeterogeneousVolumesSparseVoxelUtils.ush" 2461
"../../../Engine/Shaders/Private/HeterogeneousVolumes/HeterogeneousVolumesSparseVoxelUniformBufferUtils.ush" 2462
"../../../Engine/Shaders/Private/HeterogeneousVolumes/HeterogeneousVolumesPreshadingPipeline.usf" 2463
"../../../Engine/Shaders/Private/HeterogeneousVolumes/HeterogeneousVolumesTracingUtils.ush" 2464
"../../../Engine/Shaders/Private/HeterogeneousVolumes/HeterogeneousVolumesLightingUtils.ush" 2465
"../../../Engine/Shaders/Private/HeterogeneousVolumes/HeterogeneousVolumesRayMarchingUtils.ush" 2466
"../../../Engine/Shaders/Private/HeterogeneousVolumes/HeterogeneousVolumesTransmittanceVolumeUtils.ush" 2467
"../../../Engine/Shaders/Private/HeterogeneousVolumes/HeterogeneousVolumesMaterialBakingPipeline.usf" 2468
"../../../Engine/Shaders/Private/HeterogeneousVolumes/HeterogeneousVolumesLiveShadingUtils.ush" 2469
"../../../Engine/Shaders/Private/HeterogeneousVolumes/HeterogeneousVolumesLiveShadingPipeline.usf" 2470
"../../../Engine/Shaders/Private/HeterogeneousVolumes/HeterogeneousVolumesHardwareRayTracing.usf" 2471
"../../../Engine/Shaders/Private/HeterogeneousVolumes/HeterogeneousVolumesComposite.usf" 2472
"../../../Engine/Shaders/Private/HdrCustomResolveShaders.usf" 2473
"../../../Engine/Shaders/Private/HairStrands/HairStrandsVoxelMip.usf" 2474
"../../../Engine/Shaders/Private/HairStrands/HairStrandsVoxelRasterCompute.usf" 2475
"../../../Engine/Shaders/Private/HairStrands/HairStrandsClusterCommon.ush" 2476
"../../../Engine/Shaders/Private/HairStrands/HairStrandsVoxelPageAllocation.usf" 2477
"../../../Engine/Shaders/Private/Matrices.ush" 2478
"../../../Engine/Shaders/Private/HairStrands/HairStrandsAABBCommon.ush" 2479
"../../../Engine/Shaders/Private/HairStrands/HairStrandsVoxelOpaque.usf" 2480
"../../../Engine/Shaders/Private/HairStrands/HairStrandsRaytracingGeometry.usf" 2481
"../../../Engine/Shaders/Private/HairStrands/HairStrandsHitProxy.usf" 2482
"../../../Engine/Shaders/Private/HairStrands/HairStrandsVisibilityRasterComputeNaive.usf" 2483
"../../../Engine/Shaders/Private/HairStrands/HairStrandsVisibilityRasterHW.usf" 2484
"../../../Engine/Shaders/Private/HairStrands/HairStrandsVisibilityRasterCompute.usf" 2485
"../../../Engine/Shaders/Private/HairStrands/HairStrandsVisibilityRasterClassification.usf" 2486
"../../../Engine/Shaders/Private/HairStrands/HairStrandsCoverage.usf" 2487
"../../../Engine/Shaders/Private/HairStrands/HairStrandsVisibilityDepthPS.usf" 2488
"../../../Engine/Shaders/Private/HairStrands/HairStrandsVisibilityTransmittanceDepthPS.usf" 2489
"../../../Engine/Shaders/Private/HairStrands/HairStrandsVisibilityFillOpaqueDepthPS.usf" 2490
"../../../Engine/Shaders/Private/HairStrands/HairStrandsVisibilityCompactionComputeRaster.usf" 2491
"../../../Engine/Shaders/Private/HairStrands/HairStrandsVisibilityCompaction.usf" 2492
"../../../Engine/Shaders/Private/HairStrands/HairStrandsVisibilityCopyIndirectArg.usf" 2493
"../../../Engine/Shaders/Private/HairStrands/HairStrandsVisibilityClearPS.usf" 2494
"../../../Engine/Shaders/Private/HairStrands/HairStrandsVisibilityPS.usf" 2495
"../../../Engine/Shaders/Private/HairStrands/HairStrandsVisibilityVS.usf" 2496
"../../../Engine/Shaders/Private/HairStrands/HairStrandsVelocity.usf" 2497
"../../../Engine/Shaders/Private/HairStrands/HairStrandsVisibilityComputeSampleCoverage.usf" 2498
"../../../Engine/Shaders/Private/HairStrands/HairStrandsMaterialPS.usf" 2499
"../../../Engine/Shaders/Private/HairStrands/HairStrandsMaterialCommon.ush" 2500
"../../../Engine/Shaders/Private/HairStrands/HairStrandsMaterialVS.usf" 2501
"../../../Engine/Shaders/Private/HairStrands/HairStrandsLightSample.usf" 2502
"../../../Engine/Shaders/Private/HairStrands/HairStrandsDeepShadowMask.usf" 2503
"../../../Engine/Shaders/Private/HairStrands/HairStrandsDeepShadowCommon.ush" 2504
"../../../Engine/Shaders/Private/HairStrands/HairStrandsDeepTransmittanceMask.usf" 2505
"../../../Engine/Shaders/Private/HairStrands/HairStrandsVisibilityTile.usf" 2506
"../../../Engine/Shaders/Private/HairStrands/HairStrandsDeepShadowPS.usf" 2507
"../../../Engine/Shaders/Private/HairStrands/HairStrandsDeepShadowVS.usf" 2508
"../../../Engine/Shaders/Private/HairStrands/HairStrandsLUT.usf" 2509
"../../../Engine/Shaders/Private/HairStrands/HairStrandsForwardRaster.usf" 2510
"../../../Engine/Shaders/Private/HairStrands/HairStrandsForwardCulling.usf" 2511
"../../../Engine/Shaders/Private/HairStrands/HairStrandsEnvironmentLighting.usf" 2512
"../../../Engine/Shaders/Private/HairStrands/HairStrandsDebugCommonStruct.ush" 2513
"../../../Engine/Shaders/Private/HairStrands/HairStrandsEnvironmentAO.usf" 2514
"../../../Engine/Shaders/Private/HairStrands/HairStrandsDeepShadowAllocation.usf" 2515
"../../../Engine/Shaders/Private/HairStrands/HairStrandsVoxelDepthInjection.usf" 2516
"../../../Engine/Shaders/Private/HairStrands/HairStrandsClusterCulling.usf" 2517
"../../../Engine/Shaders/Private/HairStrands/HairStrandsDebug.usf" 2518
"../../../Engine/Shaders/Private/HairStrands/HairStrandsMeshProjectionCommon.ush" 2519
"../../../Engine/Shaders/Private/HairStrands/HairStrandsVoxelPageRayMarching.usf" 2520
"../../../Engine/Shaders/Private/HairStrands/HairStrandsGBufferWrite.usf" 2521
"../../../Engine/Shaders/Private/HairStrands/HairStrandsGBufferCommon.ush" 2522
"../../../Engine/Shaders/Private/HairStrands/HairStrandsVisibilityComposeSubPixelPS.usf" 2523
"../../../Engine/Shaders/Private/HairStrands/HairStrandsAABB.usf" 2524
"../../../Engine/Shaders/Private/GPUScene/GPUSceneDataManagement.usf" 2525
"../../../Engine/Shaders/Private/GPUSceneDebugRender.usf" 2526
"../../../Engine/Shaders/Private/GPUFastFourierTransform.usf" 2527
"../../../Engine/Shaders/Private/GPUFastFourierTransform2DCore.ush" 2528
"../../../Engine/Shaders/Private/GPUFastFourierTransformCore.ush" 2529
"../../../Engine/Shaders/Private/GPUBenchmark.usf" 2530
"../../../Engine/Shaders/Private/DistanceField/GlobalDistanceFieldDebug.usf" 2531
"../../../Engine/Shaders/Private/DistanceField/GlobalDistanceFieldMip.usf" 2532
"../../../Engine/Shaders/Private/DistanceField/GlobalDistanceField.usf" 2533
"../../../Engine/Shaders/Private/DistanceField/GlobalDistanceFieldUpdate.ush" 2534
"../../../Engine/Shaders/Private/DistanceField/GlobalDistanceFieldCompositeObjects.usf" 2535
"../../../Engine/Shaders/Private/DistanceField/GlobalDistanceFieldHeightfields.usf" 2536
"../../../Engine/Shaders/Private/HeightfieldLightingShared.ush" 2537
"../../../Engine/Shaders/Private/GenerateConservativeDepth.usf" 2538
"../../../Engine/Shaders/Private/HeightFogPixelShader.usf" 2539
"../../../Engine/Shaders/Private/HeightFogVertexShader.usf" 2540
"../../../Engine/Shaders/Private/DistortFiltering.usf" 2541
"../../../Engine/Shaders/Private/DistortAccumulatePS.usf" 2542
"../../../Engine/Shaders/Private/DistortAccumulateVS.usf" 2543
"../../../Engine/Shaders/Private/DistanceFieldVisualization.usf" 2544
"../../../Engine/Shaders/Private/DistanceFieldStreaming.usf" 2545
"../../../Engine/Shaders/Private/DistanceFieldShadowing.usf" 2546
"../../../Engine/Shaders/Private/DistanceFieldScreenGridLighting.usf" 2547
"../../../Engine/Shaders/Private/DistanceFieldObjectCulling.usf" 2548
"../../../Engine/Shaders/Private/DistanceFieldLightingPost.usf" 2549
"../../../Engine/Shaders/Private/DitheredTransitionStencil.usf" 2550
"../../../Engine/Shaders/Private/DepthOnlyPixelShader.usf" 2551
"../../../Engine/Shaders/Private/DepthOnlyVertexShader.usf" 2552
"../../../Engine/Shaders/Private/PositionOnlyDepthVertexShader.usf" 2553
"../../../Engine/Shaders/Private/DeferredDecal.usf" 2554
"../../../Engine/Shaders/Private/DecalCommon.ush" 2555
"../../../Engine/Shaders/Private/DebugViewModeVertexShader.usf" 2556
"../../../Engine/Shaders/Private/DebugViewModeCommon.ush" 2557
"../../../Engine/Shaders/Private/DebugViewModePixelShader.usf" 2558
"../../../Engine/Shaders/Private/DebugProbes.usf" 2559
"../../../Engine/Shaders/Private/MeshDecals.usf" 2560
"../../../Engine/Shaders/Private/PostProcessAmbientOcclusion.usf" 2561
"../../../Engine/Shaders/Private/ClusteredDeferredShadingPixelShader.usf" 2562
"../../../Engine/Shaders/Private/ClusteredDeferredShadingVertexShader.usf" 2563
"../../../Engine/Shaders/Private/CapsuleShadowShaders.usf" 2564
"../../../Engine/Shaders/Private/BasePassPixelShader.usf" 2565
"../../../Engine/Shaders/Private/ForwardLightingCommon.ush" 2566
"../../../Engine/Shaders/Private/Strata/StrataForwardLighting.ush" 2567
"../../../Engine/Shaders/Private/ComputeShaderOutputCommon.ush" 2568
"../../../Engine/Shaders/Private/BasePassVertexShader.usf" 2569
"../../../Engine/Shaders/Private/BasePassVertexCommon.ush" 2570
"../../../Engine/Shaders/Private/AnisotropyPassShader.usf" 2571
"../../../Engine/Shaders/Private/SimpleElementVolumeTexturePreviewPixelShader.usf" 2572
"../../../Engine/Shaders/Private/SimpleElementTexture2DPreviewPixelShader.usf" 2573
"../../../Engine/Shaders/Private/meshpaintdilatepixelshader.usf" 2574
"../../../Engine/Shaders/Private/meshpaintdilatevertexshader.usf" 2575
"../../../Engine/Shaders/Private/MeshPaintPixelShader.usf" 2576
"../../../Engine/Shaders/Private/MeshPaintVertexShader.usf" 2577
"../../../Engine/Shaders/Private/Tools/VisualizeTexture.usf" 2578
"../../../Engine/Shaders/Private/ByteBuffer.usf" 2579
"../../../Engine/Shaders/Private/ResolveVertexShader.usf" 2580
"../../../Engine/Shaders/Private/ResolvePixelShader.usf" 2581
"../../../Engine/Shaders/Private/Tools/SetupIndirectArgs.usf" 2582
"../../../Engine/Shaders/Private/Tools/ClearUAV.usf" 2583
"../../../Engine/Shaders/Private/ClearReplacementShaders.usf" 2584
"../../../Engine/Shaders/Private/Tools/DrawTexture.usf" 2585
"../../../Engine/Shaders/Private/RayTracing/RayTracingValidation.usf" 2586
"../../../Engine/Shaders/Private/RenderGraphUtilities.usf" 2587
"../../../Engine/Shaders/Private/OneColorShader.usf" 2588
"../../../Engine/Shaders/Private/OculusShaders.usf" 2589
"../../../Engine/Shaders/Private/MediaShaders.usf" 2590
"../../../Engine/Shaders/Private/GPUMessaging.usf" 2591
"../../../Engine/Shaders/Private/NullPixelShader.usf" 2592
"../../../Engine/Shaders/Private/ComputeGenerateMips.usf" 2593
"../../../Engine/Shaders/Private/Tools/DumpTexture.usf" 2594
"../../../Engine/Shaders/Private/CopyTextureShaders.usf" 2595
"../../../Engine/Shaders/Private/Tools/FullscreenVertexShader.usf" 2596
"../../../Engine/Shaders/Private/RayTracing/RayTracingDispatchDesc.usf" 2597
"../../../Engine/Shaders/Private/Bink.usf" 2598
"../../../Engine/Content/EditorResources/S_Actor.uasset" 2599
"C:/Users/Librake/AppData/Local/UnrealEngine/Common/DerivedDataCache/Buckets/BulkDataList/28/d9/252c333b4c60145796e0ad6f5cba0896b77c.udd" 2600
"F:/Unreal Projects/DDay_bp/Intermediate/ShaderAutogen/PCD3D_SM6/AutogenShaderHeaders.ush" 2601
"F:/Unreal Projects/DDay_bp/Intermediate/ShaderAutogen/PCD3D_ES3_1/AutogenShaderHeaders.ush" 2602
"../../../Engine/Content/EditorResources/S_BoxReflectionCapture.uasset" 2603
"C:/Users/Librake/AppData/Local/UnrealEngine/Common/DerivedDataCache/Buckets/BulkDataList/dd/34/f2080d335f3833fba7329b6ab4c02679e5e9.udd" 2604
"../../../Engine/Content/EngineResources/DefaultTexture.uasset" 2605
"C:/Users/Librake/AppData/Local/UnrealEngine/Common/DerivedDataCache/Buckets/BulkDataList/d2/df/d539e5bba8ddc875e83493dc497cdae55650.udd" 2606
"../../../Engine/Content/EngineResources/DefaultTextureCube.uasset" 2607
"C:/Users/Librake/AppData/Local/UnrealEngine/Common/DerivedDataCache/Buckets/BulkDataList/31/5a/e414d8cc347ed58f69003e11af10a9a704d4.udd" 2608
"../../../Engine/Content/EngineResources/DefaultVolumeTexture.uasset" 2609
"../../../Engine/Content/EngineResources/DefaultVolumeTexture2D.uasset" 2610
"C:/Users/Librake/AppData/Local/UnrealEngine/Common/DerivedDataCache/Buckets/BulkDataList/09/da/0fd032d543a71e0c0612aa76bbe65abbe416.udd" 2611
"C:/Users/Librake/AppData/Local/UnrealEngine/Common/DerivedDataCache/Buckets/BulkDataList/98/f7/82dd7c1640f61a762f9bd464e4f2f6727c75.udd" 2612
"../../../Engine/Content/EngineFonts/RobotoDistanceField.uasset" 2613
"C:/Users/Librake/AppData/Local/UnrealEngine/Common/DerivedDataCache/Buckets/BulkDataList/33/ae/5d1f1695a41c9b124ebe768b0bef4e37a323.udd" 2614
"../../../Engine/Content/EngineMaterials/DefaultTextMaterialOpaque.uasset" 2615
"../../../Engine/Content/Functions/Engine_MaterialFunctions01/Shading/PowerToRoughness.uasset" 2616
"../../../Engine/Content/Functions/Engine_MaterialFunctions01/Shading/ConvertFromDiffSpec.uasset" 2617
"../../../Engine/Content/EngineMaterials/WorldGridMaterial.uasset" 2618
"../../../Engine/Content/Functions/Engine_MaterialFunctions01/Opacity/CameraDepthFade.uasset" 2619
"../../../Engine/Content/EngineMaterials/T_Default_Material_Grid_M.uasset" 2620
"../../../Engine/Content/EngineMaterials/T_Default_Material_Grid_N.uasset" 2621
"../../../Engine/Content/EngineMaterials/DefaultDeferredDecalMaterial.uasset" 2622
"../../../Engine/Content/EngineMaterials/DefaultDiffuse.uasset" 2623
"../../../Engine/Content/EngineMaterials/DefaultLightFunctionMaterial.uasset" 2624
"../../../Engine/Content/EngineMaterials/DefaultPostProcessMaterial.uasset" 2625
"../../../Engine/Content/Functions/Engine_MaterialFunctions02/Utility/BreakOutFloat2Components.uasset" 2626
"C:/Users/Librake/AppData/Local/UnrealEngine/Common/DerivedDataCache/Buckets/BulkDataList/c1/d8/2ef84b92ebf05b0ce526d1027637b089d21d.udd" 2627
"C:/Users/Librake/AppData/Local/UnrealEngine/Common/DerivedDataCache/Buckets/BulkDataList/08/0e/d1c73465528b479f94180b0918285d64120f.udd" 2628
"C:/Users/Librake/AppData/Local/UnrealEngine/Common/DerivedDataCache/Buckets/BulkDataList/81/48/39c09ed3e2db3c5ed23959563b942ae4c91a.udd" 2629
"../../../Engine/Content/EditorResources/S_Trigger.uasset" 2630
"C:/Users/Librake/AppData/Local/UnrealEngine/Common/DerivedDataCache/Buckets/BulkDataList/99/8f/92d55620ce6fe889a92eb139884d65dd8fc1.udd" 2631
"../../../Engine/Content/EditorResources/S_TriggerBox.uasset" 2632
"C:/Users/Librake/AppData/Local/UnrealEngine/Common/DerivedDataCache/Buckets/BulkDataList/43/58/d32e3096fb99115043e472673a1f124f0800.udd" 2633
"../../../Engine/Content/EditorResources/S_TriggerCapsule.uasset" 2634
"C:/Users/Librake/AppData/Local/UnrealEngine/Common/DerivedDataCache/Buckets/BulkDataList/e3/89/67e5ba5e3e3c836d40b5901de1a31bd95225.udd" 2635
"../../../Engine/Content/EditorResources/S_TriggerSphere.uasset" 2636
"C:/Users/Librake/AppData/Local/UnrealEngine/Common/DerivedDataCache/Buckets/BulkDataList/fd/c5/de705d971678f4726eaffaa21a142e530589.udd" 2637
"../../../Engine/Content/EngineDamageTypes/DmgTypeBP_Environmental.uasset" 2638
"../../../Engine/Content/EngineSky/VolumetricClouds/m_SimpleVolumetricCloud_Inst.uasset" 2639
"../../../Engine/Content/EngineSky/VolumetricClouds/m_SimpleVolumetricCloud.uasset" 2640
"../../../Engine/Content/Functions/Engine_MaterialFunctions02/Utility/MakeFloat2.uasset" 2641
"../../../Engine/Content/EngineSky/VolumetricClouds/CloudGradientTexture.uasset" 2642
"../../../Engine/Content/EngineSky/VolumetricClouds/CloudWeatherTexture.uasset" 2643
"../../../Engine/Content/EngineSky/VolumetricClouds/T_VolumeNoiseErosion32.uasset" 2644
"../../../Engine/Content/EngineSky/VolumetricClouds/T_NoiseErosion.uasset" 2645
"../../../Engine/Content/EngineSky/VolumetricClouds/T_VolumeNoiseShape64.uasset" 2646
"../../../Engine/Content/EngineSky/VolumetricClouds/T_NoiseShape64.uasset" 2647
"C:/Users/Librake/AppData/Local/UnrealEngine/Common/DerivedDataCache/Buckets/BulkDataList/92/26/8794aa4f9a61d0713db6aa247e7dba85d954.udd" 2648
"C:/Users/Librake/AppData/Local/UnrealEngine/Common/DerivedDataCache/Buckets/BulkDataList/2c/f6/b21a137b0142ac21b37a18b155ae38e056dc.udd" 2649
"C:/Users/Librake/AppData/Local/UnrealEngine/Common/DerivedDataCache/Buckets/BulkDataList/43/39/3c5b03d6359b9b91ba7c8e37750235e8f573.udd" 2650
"C:/Users/Librake/AppData/Local/UnrealEngine/Common/DerivedDataCache/Buckets/BulkDataList/a9/27/3b39bb09613571f952e4844e474a38a76614.udd" 2651
"C:/Users/Librake/AppData/Local/UnrealEngine/Common/DerivedDataCache/Buckets/BulkDataList/c5/f0/583244af7ae91d405a3c0d8c6627c5982bac.udd" 2652
"C:/Users/Librake/AppData/Local/UnrealEngine/Common/DerivedDataCache/Buckets/BulkDataList/e6/22/bfc8cdf9a82744c4382894bc0190c9a0194e.udd" 2653
"../../../Engine/Content/EngineMeshes/Sphere.uasset" 2654
"C:/Users/Librake/AppData/Local/UnrealEngine/Common/DerivedDataCache/Buckets/LegacyNavCollision/1a/ea/6b0e8fab9d1212ee8db58df061bb0b14406b.udd" 2655
"../../../Engine/Content/EngineResources/WhiteSquareTexture.uasset" 2656
"C:/Users/Librake/AppData/Local/UnrealEngine/Common/DerivedDataCache/Buckets/BulkDataList/bd/c4/13b3d459ebe6d0b750209c1bb81efdfa98a1.udd" 2657
"../../../Engine/Content/EngineResources/GradientTexture0.uasset" 2658
"C:/Users/Librake/AppData/Local/UnrealEngine/Common/DerivedDataCache/Buckets/BulkDataList/8b/3d/0c625e5602ea8f8a643c55e1b6d1a5b3166a.udd" 2659
"../../../Engine/Content/EngineResources/Black.uasset" 2660
"C:/Users/Librake/AppData/Local/UnrealEngine/Common/DerivedDataCache/Buckets/BulkDataList/9c/e8/3fa0b77cf1eb364b80485dc8261681e9b4bb.udd" 2661
"../../../Engine/Content/EngineMaterials/Widget3DPassThrough_Translucent.uasset" 2662
"../../../Engine/Content/EngineMaterials/Widget3DPassThrough.uasset" 2663
"../../../Engine/Content/EngineMaterials/Widget3DPassThrough_Translucent_OneSided.uasset" 2664
"../../../Engine/Content/EngineMaterials/Widget3DPassThrough_Opaque.uasset" 2665
"../../../Engine/Content/EngineMaterials/Widget3DPassThrough_Opaque_OneSided.uasset" 2666
"../../../Engine/Content/EngineMaterials/Widget3DPassThrough_Masked.uasset" 2667
"../../../Engine/Content/EngineMaterials/Widget3DPassThrough_Masked_OneSided.uasset" 2668
"../../../Engine/Content/VREditor/TransformGizmo/PlaneTranslationHandle.uasset" 2669
"../../../Engine/Content/VREditor/TransformGizmo/TransformGizmoMaterial.uasset" 2670
"../../../Engine/Content/VREditor/LaserPointer/VR_LaserPower_01.uasset" 2671
"../../../Engine/Content/VREditor/TransformGizmo/TranslucentTransformGizmoMaterial.uasset" 2672
"C:/Users/Librake/AppData/Local/UnrealEngine/Common/DerivedDataCache/Buckets/BulkDataList/c1/23/1a18cd029b3c490799dad238d3f04f93a10e.udd" 2673
"../../../Engine/Content/VREditor/TransformGizmo/BoundingBoxCorner.uasset" 2674
"../../../Engine/Content/VREditor/TransformGizmo/BoundingBoxEdge.uasset" 2675
"../../../Engine/Content/VREditor/TransformGizmo/SM_Sequencer_Node.uasset" 2676
"../../../Engine/Content/VREditor/TransformGizmo/Main.uasset" 2677
"../../../Engine/Content/VREditor/TransformGizmo/Xray.uasset" 2678
"F:/Unreal Projects/DDay_bp/Content/Localization/Game/Game.csv" 2679
"../../../Engine/Content/EditorMeshes/Camera/SM_CraneRig_Base.uasset" 2680
"../../../Engine/Content/EditorMaterials/Camera/MI_CineMat_Rig.uasset" 2681
"../../../Engine/Content/EditorMaterials/Camera/CineMat.uasset" 2682
"../../../Engine/Content/EditorMeshes/Camera/SM_CraneRig_Arm.uasset" 2683
"../../../Engine/Content/EditorMeshes/Camera/SM_CraneRig_Mount.uasset" 2684
"../../../Engine/Content/EditorMeshes/Camera/SM_CraneRig_Body.uasset" 2685
"../../../Engine/Content/EditorMeshes/Camera/SM_RailRig_Track.uasset" 2686
"../../../Engine/Content/EditorMeshes/Camera/SM_RailRig_Mount.uasset" 2687
"../../../Engine/Content/ArtTools/RenderToTexture/Meshes/S_1_Unit_Plane.uasset" 2688
"../../../Engine/Content/EngineDebugMaterials/M_SimpleUnlitTranslucent.uasset" 2689
"../../../Engine/Content/EngineFonts/Roboto.uasset" 2690
"../../../Engine/Content/EngineFonts/Faces/DroidSansFallback.uasset" 2691
"../../../Engine/Content/EngineFonts/Faces/RobotoBold.uasset" 2692
"../../../Engine/Content/EngineFonts/Faces/RobotoBoldItalic.uasset" 2693
"../../../Engine/Content/EngineFonts/Faces/RobotoItalic.uasset" 2694
"../../../Engine/Content/EngineFonts/Faces/RobotoLight.uasset" 2695
"../../../Engine/Content/EngineFonts/Faces/RobotoRegular.uasset" 2696
"../../../Engine/Content/EditorMaterials/ParticleSystems/PSysThumbnail_NoImage.uasset" 2697
"C:/Users/Librake/AppData/Local/UnrealEngine/Common/DerivedDataCache/Buckets/BulkDataList/83/75/471ea87fc9ab400ec96d4efcb63358657eaa.udd" 2698
"../../../Engine/Content/EditorMaterials/ParticleSystems/PSysThumbnail_OOD.uasset" 2699
"C:/Users/Librake/AppData/Local/UnrealEngine/Common/DerivedDataCache/Buckets/BulkDataList/eb/29/26b1b330deae7acd7561c50b45433b9652f5.udd" 2700
"../../../Engine/Content/EditorLandscapeResources/SplineEditorMesh.uasset" 2701
"../../../Engine/Content/EditorLandscapeResources/SplineEditorMeshMat.uasset" 2702
"../../../Engine/Content/EditorLandscapeResources/DataLayer.uasset" 2703
"../../../Engine/Content/EditorResources/S_Solver.uasset" 2704
"C:/Users/Librake/AppData/Local/UnrealEngine/Common/DerivedDataCache/Buckets/BulkDataList/6a/f9/3cac8f88727906987d43be6e4ab7813345d3.udd" 2705
"../../../Engine/Content/EngineDebugMaterials/VolumeToRender.uasset" 2706
"C:/Users/Librake/AppData/Local/UnrealEngine/Common/DerivedDataCache/Buckets/BulkDataList/f7/cb/e81c22c44dbcab2cd88283824c19b7224c0a.udd" 2707
"../../../Engine/Content/EngineDebugMaterials/M_VolumeRenderSphereTracePP.uasset" 2708
"../../../Engine/Content/Functions/Engine_MaterialFunctions02/Utility/CameraDirectionVector.uasset" 2709
"../../../Engine/Content/Internationalization/icudt64l/coll/ucadata.icu" 2710
"../../../Engine/Content/Internationalization/icudt64l/coll/ru.res" 2711
"../../../Engine/Content/Internationalization/icudt64l/coll/root.res" 2712
"../../../Engine/Content/Animation/DefaultAnimBoneCompressionSettings.uasset" 2713
"../../../Engine/Content/Animation/DefaultRecorderBoneCompression.uasset" 2714
"../../../Engine/Content/Animation/DefaultAnimCurveCompressionSettings.uasset" 2715
"../../Plugins/Animation/ControlRig/Content/Controls/ControlRigXRayMaterial.uasset" 2716
"../../Plugins/Animation/ControlRig/Content/Controls/DefaultGizmoLibraryNormalized.uasset" 2717
"../../Plugins/Animation/ControlRig/Content/M_Manip.uasset" 2718
"../../../Engine/Content/Functions/Engine_MaterialFunctions02/WorldPositionOffset/CameraOffset.uasset" 2719
"../../Plugins/2D/Paper2D/Content/MaskedUnlitSpriteMaterial.uasset" 2720
"../../Plugins/2D/Paper2D/Content/DefaultSpriteMaterial.uasset" 2721
"../../Plugins/2D/Paper2D/Content/PlaceholderTextures/DummySpriteTexture.uasset" 2722
"C:/Users/Librake/AppData/Local/UnrealEngine/Common/DerivedDataCache/Buckets/BulkDataList/da/ac/a3dd3533430998675225dc6c88cf518dfdb3.udd" 2723
"../../Plugins/2D/Paper2D/Content/OpaqueUnlitSpriteMaterial.uasset" 2724
"../../Plugins/2D/Paper2D/Content/DefaultPaperTerrainMaterial.uasset" 2725
"../../Plugins/2D/Paper2D/Content/DummySprite.uasset" 2726
"../../Plugins/Media/MediaPlate/Content/SM_MediaPlateScreen.uasset" 2727
"../../Plugins/Editor/SpeedTreeImporter/Content/SpeedTree9/SpeedTreeMaster.uasset" 2728
"../../../Engine/Content/Functions/Engine_MaterialFunctions02/ObjectLocalBounds.uasset" 2729
"../../../Engine/Content/Functions/Engine_MaterialFunctions02/SafeNormalize.uasset" 2730
"../../../Engine/Content/Functions/Engine_MaterialFunctions02/Utility/BreakOutFloat3Components.uasset" 2731
"../../../Engine/Content/Functions/Engine_MaterialFunctions02/Utility/VectorLength.uasset" 2732
"../../../Engine/Content/Functions/Engine_MaterialFunctions02/UVs/BoundingBoxBased_0-1_UVW.uasset" 2733
"../../../Engine/Content/Functions/Engine_MaterialFunctions02/WorldPositionOffset/ObjectScale.uasset" 2734
"../../Plugins/Editor/SpeedTreeImporter/Content/SpeedTree9/SpeedTreeBranchMotion.uasset" 2735
"../../Plugins/Editor/SpeedTreeImporter/Content/SpeedTree9/SpeedTreeWindMotion.uasset" 2736
"../../Plugins/Editor/SpeedTreeImporter/Content/SpeedTree9/game_wind_noise.uasset" 2737
"../../Plugins/Editor/SpeedTreeImporter/Content/SpeedTree9/UnpackDirection.uasset" 2738
"../../Plugins/Editor/SpeedTreeImporter/Content/SpeedTree9/UnpackInteger3.uasset" 2739
"../../Plugins/Editor/SpeedTreeImporter/Content/SpeedTree9/SpeedTreeCameraFacing.uasset" 2740
"../../Plugins/Editor/SpeedTreeImporter/Content/SpeedTree9/SpeedTreeWind.uasset" 2741
"../../Plugins/Editor/SpeedTreeImporter/Content/SpeedTree9/Empty.uasset" 2742
"../../Plugins/Editor/SpeedTreeImporter/Content/SpeedTree9/EmptyNormal.uasset" 2743
"C:/Users/Librake/AppData/Local/UnrealEngine/Common/DerivedDataCache/Buckets/BulkDataList/e3/71/d920607b4a2ae7cbb6ef09d74cdc0861ef33.udd" 2744
"C:/Users/Librake/AppData/Local/UnrealEngine/Common/DerivedDataCache/Buckets/BulkDataList/d4/47/db389b1562efe92481674d2db8393445c30e.udd" 2745
"C:/Users/Librake/AppData/Local/UnrealEngine/Common/DerivedDataCache/Buckets/BulkDataList/4c/bb/4c1231623fed2d5be176fd8792d2c6f7b5c6.udd" 2746
"C:/Users/Librake/AppData/Local/UnrealEngine/Common/DerivedDataCache/Buckets/BulkDataPayloadId/93/1e/fa687e128aa134c7085da39d1269fafb1746.udd" 2747
"C:/Users/Librake/AppData/Local/UnrealEngine/Common/DerivedDataCache/Buckets/BulkDataPayloadId/ac/cc/a6aa9daa7cbf76c8953f7e3d2c201a8a54cb.udd" 2748
"../../Plugins/Editor/SpeedTreeImporter/Content/SpeedTree9/SpeedTreeBillboardMaster.uasset" 2749
"../../Plugins/Editor/SpeedTreeImporter/Content/SpeedTree9/SpeedTreeBillboard.uasset" 2750
"../../../Engine/Content/EngineMaterials/NaniteHiddenSectionMaterial.uasset" 2751
"../../../Engine/Content/EngineMaterials/RemoveSurfaceMaterial.uasset" 2752
"../../../Engine/Content/EngineDebugMaterials/DebugMeshMaterial.uasset" 2753
"../../../Engine/Content/EngineMaterials/EmissiveMeshMaterial.uasset" 2754
"../../../Engine/Content/EngineMaterials/DefaultWhiteGrid_Low.uasset" 2755
"C:/Users/Librake/AppData/Local/UnrealEngine/Common/DerivedDataCache/Buckets/BulkDataList/7f/eb/b20c297211acea3d9430d622f4705e67b1ae.udd" 2756
"../../../Engine/Content/EngineMaterials/M_InvalidLightmapSettings.uasset" 2757
"../../../Engine/Content/EngineMaterials/InvalidLightmapSettings.uasset" 2758
"C:/Users/Librake/AppData/Local/UnrealEngine/Common/DerivedDataCache/Buckets/BulkDataList/74/c2/92bffebdae9711d6f490a570e2426e83e486.udd" 2759
"../../../Engine/Content/EngineMaterials/GizmoMaterial.uasset" 2760
"../../../Engine/Content/EngineMaterials/PhAT_JointLimitMaterial.uasset" 2761
"../../../Engine/Content/EngineMaterials/FlattenMaterial.uasset" 2762
"../../../Engine/Content/EngineMaterials/BaseFlattenDiffuseMap.uasset" 2763
"../../../Engine/Content/EngineMaterials/BaseFlattenEmissiveMap.uasset" 2764
"../../../Engine/Content/EngineMaterials/BaseFlattenGrayscaleMap.uasset" 2765
"../../../Engine/Content/EngineMaterials/BaseFlattenLinearColor.uasset" 2766
"../../../Engine/Content/EngineMaterials/BaseFlattenNormalMap.uasset" 2767
"../../../Engine/Content/Functions/Engine_MaterialFunctions02/PivotPainter2/Black_1x1_EXR_Texture.uasset" 2768
"C:/Users/Librake/AppData/Local/UnrealEngine/Common/DerivedDataCache/Buckets/BulkDataList/0b/02/eca63190a2c8001f5ceb63739d5884340d2c.udd" 2769
"C:/Users/Librake/AppData/Local/UnrealEngine/Common/DerivedDataCache/Buckets/BulkDataList/21/d6/0558ba6f78fc24a98e80d4fc9079f9b8d343.udd" 2770
"C:/Users/Librake/AppData/Local/UnrealEngine/Common/DerivedDataCache/Buckets/BulkDataList/39/a8/df5eaf3fe76a41165f9c1f8302f8517c756b.udd" 2771
"C:/Users/Librake/AppData/Local/UnrealEngine/Common/DerivedDataCache/Buckets/BulkDataList/1e/ab/40299f6dde847595f47dafc20fb50148cf48.udd" 2772
"C:/Users/Librake/AppData/Local/UnrealEngine/Common/DerivedDataCache/Buckets/BulkDataList/89/6e/e8070fb9e1ccfaf92696ea4239a863918fd8.udd" 2773
"C:/Users/Librake/AppData/Local/UnrealEngine/Common/DerivedDataCache/Buckets/BulkDataList/cf/aa/44208ef2406b36272dd3bb1b5d3a559a1e9e.udd" 2774
"../../../Engine/Content/EngineMaterials/FlattenMaterial_VT.uasset" 2775
"../../../Engine/Content/EngineMaterials/BaseFlattenDiffuseMap_VT.uasset" 2776
"../../../Engine/Content/EngineMaterials/BaseFlattenEmissiveMap_VT.uasset" 2777
"../../../Engine/Content/EngineMaterials/BaseFlattenGrayscaleMap_VT.uasset" 2778
"../../../Engine/Content/EngineMaterials/BaseFlattenLinearColor_VT.uasset" 2779
"../../../Engine/Content/EngineMaterials/BaseFlattenNormalMap_VT.uasset" 2780
"../../../Engine/Content/EngineMaterials/Black_1x1_EXR_Texture_VT.uasset" 2781
"C:/Users/Librake/AppData/Local/UnrealEngine/Common/DerivedDataCache/Buckets/BulkDataList/49/35/1f4b508478ba2b5cfe115a2597c16ae30b94.udd" 2782
"C:/Users/Librake/AppData/Local/UnrealEngine/Common/DerivedDataCache/Buckets/BulkDataList/3c/5e/2f2774b94202b34848859c5d593d02ba5255.udd" 2783
"C:/Users/Librake/AppData/Local/UnrealEngine/Common/DerivedDataCache/Buckets/BulkDataList/99/fc/dd566c0c297f6d27ad89ab74ec901db0c4eb.udd" 2784
"C:/Users/Librake/AppData/Local/UnrealEngine/Common/DerivedDataCache/Buckets/BulkDataList/38/f0/e3361fc9d17b233dbc9da26e37a206d180b8.udd" 2785
"C:/Users/Librake/AppData/Local/UnrealEngine/Common/DerivedDataCache/Buckets/BulkDataList/4f/72/4fe0c305ef9a7cc393ccf467eb0fd3496285.udd" 2786
"C:/Users/Librake/AppData/Local/UnrealEngine/Common/DerivedDataCache/Buckets/BulkDataList/4c/08/6c645acc12f8d25a56d615711dde2a0b8031.udd" 2787
"../../../Engine/Content/EngineMaterials/FlattenMaterial_WS_Normal_VT.uasset" 2788
"../../../Engine/Content/EngineMaterials/Good64x64TilingNoiseHighFreq.uasset" 2789
"C:/Users/Librake/AppData/Local/UnrealEngine/Common/DerivedDataCache/Buckets/BulkDataList/36/62/eea982349094e100faa89c6fcce2390c17f4.udd" 2790
"../../../Engine/Content/EngineMaterials/DefaultBokeh.uasset" 2791
"C:/Users/Librake/AppData/Local/UnrealEngine/Common/DerivedDataCache/Buckets/BulkDataList/f9/62/ee167d88b39c8b3600c55db1060c6be59485.udd" 2792
"../../../Engine/Content/EngineMaterials/PreintegratedSkinBRDF.uasset" 2793
"C:/Users/Librake/AppData/Local/UnrealEngine/Common/DerivedDataCache/Buckets/BulkDataList/1d/9d/c8083a9450434f94862ee3676f0edbaf3814.udd" 2794
"../../../Engine/Content/EngineMaterials/MiniFont.uasset" 2795
"C:/Users/Librake/AppData/Local/UnrealEngine/Common/DerivedDataCache/Buckets/BulkDataList/b5/8b/39b04c050a95a733400817b8270a46b91ad2.udd" 2796
"../../../Engine/Content/EngineMaterials/WeightMapPlaceholderTexture.uasset" 2797
"C:/Users/Librake/AppData/Local/UnrealEngine/Common/DerivedDataCache/Buckets/BulkDataList/9d/eb/a7534c668b1256028611cff75a2497ceeb5d.udd" 2798
"../../../Engine/Content/EngineMaterials/DefaultWhiteGrid.uasset" 2799
"C:/Users/Librake/AppData/Local/UnrealEngine/Common/DerivedDataCache/Buckets/BulkDataList/a0/aa/2ffff1482277d5a2b1946b931876d7df953c.udd" 2800
"../../../Engine/Content/EngineMaterials/DefaultPhysicalMaterial.uasset" 2801
"../../../Engine/Content/EngineMaterials/DefaultDestructiblePhysicalMaterial.uasset" 2802
"../../../Engine/Content/EditorLandscapeResources/DefaultAlphaTexture.uasset" 2803
"C:/Users/Librake/AppData/Local/UnrealEngine/Common/DerivedDataCache/Buckets/BulkDataList/4c/1c/8dcfb6d471ccef0b2a7ed78c6db5a8515eaa.udd" 2804
"../../../Engine/Content/EditorResources/S_Terrain.uasset" 2805
"C:/Users/Librake/AppData/Local/UnrealEngine/Common/DerivedDataCache/Buckets/BulkDataList/19/cd/8e49c56baab9c50bb84c4fffee0dbcda3363.udd" 2806
"../../../Engine/Content/BasicShapes/Cube.uasset" 2807
"../../../Engine/Content/BasicShapes/Sphere.uasset" 2808
"../../../Engine/Content/EngineMaterials/DefaultMaterial.uasset" 2809
"../../../Engine/Content/BasicShapes/Cylinder.uasset" 2810
"../../../Engine/Content/BasicShapes/Cone.uasset" 2811
"../../../Engine/Content/BasicShapes/Plane.uasset" 2812
"../../Plugins/Runtime/MeshModelingToolset/Content/Materials/M_DynamicMeshComponentVtxColor.uasset" 2813
"../../Plugins/FX/Niagara/Content/ParameterDefinitions/SpriteRenderer.uasset" 2814
"../../Plugins/FX/Niagara/Content/ParameterDefinitions/RibbonRenderer.uasset" 2815
"../../Plugins/FX/Niagara/Content/ParameterDefinitions/MeshRenderer.uasset" 2816
"../../Plugins/FX/Niagara/Content/ParameterDefinitions/LightRenderer.uasset" 2817
"../../Plugins/FX/Niagara/Content/ParameterDefinitions/DecalRenderer.uasset" 2818
"../../Plugins/FX/Niagara/Content/ParameterDefinitions/CoreParameters.uasset" 2819
"../../../Engine/Content/EditorResources/SequenceRecorder/Countdown.uasset" 2820
"../../../Engine/Content/EditorResources/SequenceRecorder/RecordingIndicator.uasset" 2821
"C:/Users/Librake/AppData/Local/UnrealEngine/Common/DerivedDataCache/Buckets/BulkDataList/41/80/91027a9e193952f90f8fbfb32571f818a660.udd" 2822
"C:/Users/Librake/AppData/Local/UnrealEngine/Common/DerivedDataCache/Buckets/BulkDataList/3e/1b/ecc13180e67fb6f08136e59ea196dd28a13c.udd" 2823
"../../../Engine/Content/EditorMaterials/PhAT_UnselectedMaterial.uasset" 2824
"../../../Engine/Content/EditorMaterials/PhAT_NoCollisionMaterial.uasset" 2825
"C:/Users/Librake/AppData/Local/UnrealEngine/Common/DerivedDataCache/Buckets/GlobalShaderMap/03/2b/ffbf1d20fb5f645e5c901310786712081752.udd" 2826
"C:/Users/Librake/AppData/Local/UnrealEngine/Common/DerivedDataCache/Buckets/GlobalShaderMap/95/ce/de8a49b40a316e37865533678320db75caaa.udd" 2827
"C:/Users/Librake/AppData/Local/UnrealEngine/Common/DerivedDataCache/Buckets/GlobalShaderMap/18/ab/7c41f2a33428f05b3da63e798f9c1005b876.udd" 2828
"C:/Users/Librake/AppData/Local/UnrealEngine/Common/DerivedDataCache/Buckets/GlobalShaderMap/00/77/793f7a182235f0f2d3815a19f0af5d4102d4.udd" 2829
"C:/Users/Librake/AppData/Local/UnrealEngine/Common/DerivedDataCache/Buckets/GlobalShaderMap/80/8a/a5d1a556f0fc8cb75805813ed9c48ef6503f.udd" 2830
"C:/Users/Librake/AppData/Local/UnrealEngine/Common/DerivedDataCache/Buckets/GlobalShaderMap/30/74/d5356d4a3ddae8f44974c2e5d45b2936539a.udd" 2831
"C:/Users/Librake/AppData/Local/UnrealEngine/Common/DerivedDataCache/Buckets/GlobalShaderMap/d5/70/d1a9c328b14a95124d71b1991348b65a8ae0.udd" 2832
"C:/Users/Librake/AppData/Local/UnrealEngine/Common/DerivedDataCache/Buckets/GlobalShaderMap/0b/44/adfdd653a2fbab221305ebaeee9a891610ea.udd" 2833
"C:/Users/Librake/AppData/Local/UnrealEngine/Common/DerivedDataCache/Buckets/GlobalShaderMap/ac/16/362600a689fee3fa10d4409c81c65ef93875.udd" 2834
"C:/Users/Librake/AppData/Local/UnrealEngine/Common/DerivedDataCache/Buckets/GlobalShaderMap/3b/82/39233b5efab78116ad57df9e8d130239a969.udd" 2835
"C:/Users/Librake/AppData/Local/UnrealEngine/Common/DerivedDataCache/Buckets/GlobalShaderMap/86/af/88955ab2bd7aab4f9a44f514b5268c79349e.udd" 2836
"C:/Users/Librake/AppData/Local/UnrealEngine/Common/DerivedDataCache/Buckets/GlobalShaderMap/93/95/1dee1c7dcbf888db43e827cc30c0ab61093a.udd" 2837
"C:/Users/Librake/AppData/Local/UnrealEngine/Common/DerivedDataCache/Buckets/GlobalShaderMap/51/5a/dac484540fb3e5466abca0525c4e40c9c8c3.udd" 2838
"C:/Users/Librake/AppData/Local/UnrealEngine/Common/DerivedDataCache/Buckets/GlobalShaderMap/3f/ca/f62562d9b60bf7b38b6f3224134b4d4c1355.udd" 2839
"C:/Users/Librake/AppData/Local/UnrealEngine/Common/DerivedDataCache/Buckets/GlobalShaderMap/ae/b5/3db78dd69ead8de5c8a7e5df7ecd5f72e930.udd" 2840
"C:/Users/Librake/AppData/Local/UnrealEngine/Common/DerivedDataCache/Buckets/GlobalShaderMap/49/0f/8e69c2c3cf5e3fde1904122f1841c1bd9a58.udd" 2841
"C:/Users/Librake/AppData/Local/UnrealEngine/Common/DerivedDataCache/Buckets/GlobalShaderMap/51/88/f762c36aad7cf4ca28effc8470f16cc87727.udd" 2842
"C:/Users/Librake/AppData/Local/UnrealEngine/Common/DerivedDataCache/Buckets/GlobalShaderMap/1e/90/a3975fa45e33223d2c77c487188e4930451b.udd" 2843
"C:/Users/Librake/AppData/Local/UnrealEngine/Common/DerivedDataCache/Buckets/GlobalShaderMap/19/cb/04fd01f83e60575bba36009220d9b4e19cef.udd" 2844
"C:/Users/Librake/AppData/Local/UnrealEngine/Common/DerivedDataCache/Buckets/GlobalShaderMap/95/20/2827b4e41cccf8700db76e1627a358ba7855.udd" 2845
"C:/Users/Librake/AppData/Local/UnrealEngine/Common/DerivedDataCache/Buckets/GlobalShaderMap/9f/03/643caa8a802fbe5ac4402423551b5d6c2d54.udd" 2846
"C:/Users/Librake/AppData/Local/UnrealEngine/Common/DerivedDataCache/Buckets/GlobalShaderMap/92/e9/f4a7fe6bd08e2e3383fc01ef1b76a92b3704.udd" 2847
"C:/Users/Librake/AppData/Local/UnrealEngine/Common/DerivedDataCache/Content/69/d1/275917e7c0b27f156455d91a6e515899a303.udd" 2848
"C:/Users/Librake/AppData/Local/UnrealEngine/Common/DerivedDataCache/Buckets/GlobalShaderMap/86/58/3b9c7e0128aec9be0ec496655ce55eef0e79.udd" 2849
"C:/Users/Librake/AppData/Local/UnrealEngine/Common/DerivedDataCache/Buckets/GlobalShaderMap/09/22/4380509ccec6a9f39efe6b53dce694f2303a.udd" 2850
"C:/Users/Librake/AppData/Local/UnrealEngine/Common/DerivedDataCache/Buckets/GlobalShaderMap/ca/f9/5c4b57e3b0d1532de7a45d2a0aa40db668d8.udd" 2851
"C:/Users/Librake/AppData/Local/UnrealEngine/Common/DerivedDataCache/Buckets/GlobalShaderMap/3d/bd/b4e16a3da03f2b315cd976c00d243107dde4.udd" 2852
"C:/Users/Librake/AppData/Local/UnrealEngine/Common/DerivedDataCache/Buckets/GlobalShaderMap/55/f8/8ef647b22ce79e8fd3a88ddd2c2a9fe2cc9b.udd" 2853
"C:/Users/Librake/AppData/Local/UnrealEngine/Common/DerivedDataCache/Buckets/GlobalShaderMap/bf/c0/a21629e464e406a9927915f203d2f59d1f0a.udd" 2854
"C:/Users/Librake/AppData/Local/UnrealEngine/Common/DerivedDataCache/Content/5d/10/f94d107c828f54cb176acdea6727a9bc27e5.udd" 2855
"C:/Users/Librake/AppData/Local/UnrealEngine/Common/DerivedDataCache/Buckets/GlobalShaderMap/2b/72/f8bee6d4fd32d8d2b9a07a15aaa17d9bf330.udd" 2856
"C:/Users/Librake/AppData/Local/UnrealEngine/Common/DerivedDataCache/Buckets/GlobalShaderMap/29/2f/ec27805a200beb7bef48fa419b90b0149865.udd" 2857
"C:/Users/Librake/AppData/Local/UnrealEngine/Common/DerivedDataCache/Buckets/GlobalShaderMap/05/d1/af3d97395196b9b40fe4a23d67218b0de92e.udd" 2858
"C:/Users/Librake/AppData/Local/UnrealEngine/Common/DerivedDataCache/Buckets/GlobalShaderMap/ed/31/e4c76659a39651ad92d8d9246830429deeea.udd" 2859
"C:/Users/Librake/AppData/Local/UnrealEngine/Common/DerivedDataCache/Buckets/GlobalShaderMap/cb/83/e3d5253ef8c4f04e14c2e1b9a19470e073a1.udd" 2860
"C:/Users/Librake/AppData/Local/UnrealEngine/Common/DerivedDataCache/Buckets/GlobalShaderMap/c6/63/963df28b6c7444e958938567c1bade9e8660.udd" 2861
"C:/Users/Librake/AppData/Local/UnrealEngine/Common/DerivedDataCache/Buckets/GlobalShaderMap/6c/e9/4177dcebbfbaffdb0a97adbea93ffd72281a.udd" 2862
"C:/Users/Librake/AppData/Local/UnrealEngine/Common/DerivedDataCache/Buckets/GlobalShaderMap/6f/2f/7db725e707f387a112ffa608465267f27269.udd" 2863
"C:/Users/Librake/AppData/Local/UnrealEngine/Common/DerivedDataCache/Buckets/GlobalShaderMap/89/2f/e8381293a71e99532f7b012b856fd2eb20cb.udd" 2864
"C:/Users/Librake/AppData/Local/UnrealEngine/Common/DerivedDataCache/Buckets/GlobalShaderMap/a9/11/9ce42e4c42c6fd82419463cbfe61107394ee.udd" 2865
"C:/Users/Librake/AppData/Local/UnrealEngine/Common/DerivedDataCache/Buckets/GlobalShaderMap/f0/24/f02e8f08dbd9b54324b06afe61e82e70a6d0.udd" 2866
"C:/Users/Librake/AppData/Local/UnrealEngine/Common/DerivedDataCache/Buckets/GlobalShaderMap/c3/5d/3216b9ccc633c731c7275ed83d8276624a80.udd" 2867
"C:/Users/Librake/AppData/Local/UnrealEngine/Common/DerivedDataCache/Buckets/GlobalShaderMap/09/83/70956abfd50e5cd22365ff0269fc2fe34b22.udd" 2868
"C:/Users/Librake/AppData/Local/UnrealEngine/Common/DerivedDataCache/Content/0f/5c/225b62438109faa5afcedb4942cddf7ab82b.udd" 2869
"C:/Users/Librake/AppData/Local/UnrealEngine/Common/DerivedDataCache/Buckets/GlobalShaderMap/56/11/8b5bef2aed8d7d4082453519aecf11708111.udd" 2870
"C:/Users/Librake/AppData/Local/UnrealEngine/Common/DerivedDataCache/Buckets/GlobalShaderMap/c4/b4/9c156e505786fc2084bc65c4086bb4ddb3d1.udd" 2871
"C:/Users/Librake/AppData/Local/UnrealEngine/Common/DerivedDataCache/Buckets/GlobalShaderMap/22/3f/520b34c3cc8ca61939d7b62380d6521e67d9.udd" 2872
"C:/Users/Librake/AppData/Local/UnrealEngine/Common/DerivedDataCache/Buckets/GlobalShaderMap/56/8a/dfd5bb76280640d0c2a910fb0d94896d188d.udd" 2873
"C:/Users/Librake/AppData/Local/UnrealEngine/Common/DerivedDataCache/Buckets/GlobalShaderMap/e1/3d/6a54eaee564e03ffbfde88f36f4c3994f357.udd" 2874
"C:/Users/Librake/AppData/Local/UnrealEngine/Common/DerivedDataCache/Content/1c/5a/d9b23bec38d6b5b47f9be29650d1f4304310.udd" 2875
"C:/Users/Librake/AppData/Local/UnrealEngine/Common/DerivedDataCache/Buckets/GlobalShaderMap/7c/73/375a1335c9200b664c96af26caa6aae01d70.udd" 2876
"C:/Users/Librake/AppData/Local/UnrealEngine/Common/DerivedDataCache/Buckets/GlobalShaderMap/b9/da/17e22464114d2569275cc8587e369c5c758c.udd" 2877
"C:/Users/Librake/AppData/Local/UnrealEngine/Common/DerivedDataCache/Buckets/GlobalShaderMap/cb/ee/2ff2a694dfe2e698fe2977c5bda2aa9ebc2f.udd" 2878
"C:/Users/Librake/AppData/Local/UnrealEngine/Common/DerivedDataCache/Buckets/GlobalShaderMap/ab/fd/3023c845a26a5748909d0f3e73d060f0b427.udd" 2879
"C:/Users/Librake/AppData/Local/UnrealEngine/Common/DerivedDataCache/Buckets/GlobalShaderMap/2a/f4/444ec05ee6b8958e0cc8e8cd972101b904d6.udd" 2880
"C:/Users/Librake/AppData/Local/UnrealEngine/Common/DerivedDataCache/Buckets/GlobalShaderMap/49/1a/75fad135b90c06f0bd17c08ff94540889db0.udd" 2881
"C:/Users/Librake/AppData/Local/UnrealEngine/Common/DerivedDataCache/Buckets/GlobalShaderMap/d2/31/35134ac585c3be622c0950459156bd0e0e49.udd" 2882
"C:/Users/Librake/AppData/Local/UnrealEngine/Common/DerivedDataCache/Buckets/GlobalShaderMap/4c/3e/b9062cdaa06ac88967ce3ea92c9dac5e23b4.udd" 2883
"C:/Users/Librake/AppData/Local/UnrealEngine/Common/DerivedDataCache/Buckets/GlobalShaderMap/5a/da/3cfb1201bd212285546fbb3355ee8874a2de.udd" 2884
"C:/Users/Librake/AppData/Local/UnrealEngine/Common/DerivedDataCache/Buckets/GlobalShaderMap/e1/59/fcdc116eb61d1788a663505bd5cf520319e6.udd" 2885
"C:/Users/Librake/AppData/Local/UnrealEngine/Common/DerivedDataCache/Buckets/GlobalShaderMap/07/0d/2112edea1873e28f81c9b1d17f6b76c451bb.udd" 2886
"C:/Users/Librake/AppData/Local/UnrealEngine/Common/DerivedDataCache/Buckets/GlobalShaderMap/5b/90/db79f520cb0f630a1d346702b2077970e7ab.udd" 2887
"C:/Users/Librake/AppData/Local/UnrealEngine/Common/DerivedDataCache/Buckets/GlobalShaderMap/3a/b0/998eaeb38d1e1b052e6e2bb0e4055e8019c4.udd" 2888
"C:/Users/Librake/AppData/Local/UnrealEngine/Common/DerivedDataCache/Buckets/GlobalShaderMap/9f/6b/903c09727e3db440a9693a4ef54870b6295d.udd" 2889
"C:/Users/Librake/AppData/Local/UnrealEngine/Common/DerivedDataCache/Buckets/GlobalShaderMap/b2/a6/ed5e130198ef47166013cc09570153822c17.udd" 2890
"C:/Users/Librake/AppData/Local/UnrealEngine/Common/DerivedDataCache/Buckets/GlobalShaderMap/dd/ba/d56742af48591de37fb81d33e8abc91b450c.udd" 2891
"C:/Users/Librake/AppData/Local/UnrealEngine/Common/DerivedDataCache/Buckets/GlobalShaderMap/a3/a0/a1e67f827a68863fb40b742521d5f50e7ff9.udd" 2892
"C:/Users/Librake/AppData/Local/UnrealEngine/Common/DerivedDataCache/Buckets/GlobalShaderMap/01/03/a4257cef9e2ed66e4bfbe9c9ddfbee1f9b93.udd" 2893
"C:/Users/Librake/AppData/Local/UnrealEngine/Common/DerivedDataCache/Buckets/GlobalShaderMap/aa/93/04424407339b05921563779440e635565f1e.udd" 2894
"C:/Users/Librake/AppData/Local/UnrealEngine/Common/DerivedDataCache/Content/ab/26/20f999fdd943cbaaf2e5e089b10e79916362.udd" 2895
"C:/Users/Librake/AppData/Local/UnrealEngine/Common/DerivedDataCache/Buckets/GlobalShaderMap/a5/1a/92808247f5e125ff53868458d310c6a44d9e.udd" 2896
"C:/Users/Librake/AppData/Local/UnrealEngine/Common/DerivedDataCache/Content/cc/68/2e571d5ec481a5fa57b07cadc2729e5553bc.udd" 2897
"C:/Users/Librake/AppData/Local/UnrealEngine/Common/DerivedDataCache/Buckets/GlobalShaderMap/8d/0b/6c9faaea9d7a78514a8447c2194ef4e40715.udd" 2898
"C:/Users/Librake/AppData/Local/UnrealEngine/Common/DerivedDataCache/Buckets/GlobalShaderMap/7a/e9/ba677e0262c871f3c4a7171ff6222a593330.udd" 2899
"C:/Users/Librake/AppData/Local/UnrealEngine/Common/DerivedDataCache/Buckets/GlobalShaderMap/39/e6/bb7b9145bafd20caaaf76c5a3ac68b0921e2.udd" 2900
"C:/Users/Librake/AppData/Local/UnrealEngine/Common/DerivedDataCache/Buckets/GlobalShaderMap/ca/9c/d5a2a3afcd8033023f8a8c7ed7d849117704.udd" 2901
"C:/Users/Librake/AppData/Local/UnrealEngine/Common/DerivedDataCache/Buckets/GlobalShaderMap/06/3e/a4e355b229644f4a6e1617ece1097c03306a.udd" 2902
"C:/Users/Librake/AppData/Local/UnrealEngine/Common/DerivedDataCache/Buckets/GlobalShaderMap/cc/51/12d0ed96d6d37a62d991da8eb739550575c0.udd" 2903
"C:/Users/Librake/AppData/Local/UnrealEngine/Common/DerivedDataCache/Buckets/GlobalShaderMap/3e/3f/ebef137215ad2b1bffe59cf399e1bc018d24.udd" 2904
"C:/Users/Librake/AppData/Local/UnrealEngine/Common/DerivedDataCache/Buckets/GlobalShaderMap/24/e7/e5f5bed67c0f3b5d821e77fb855704547d6d.udd" 2905
"C:/Users/Librake/AppData/Local/UnrealEngine/Common/DerivedDataCache/Buckets/GlobalShaderMap/90/1b/ddf73d6ec2122144174005f5faa7b133256e.udd" 2906
"C:/Users/Librake/AppData/Local/UnrealEngine/Common/DerivedDataCache/Buckets/GlobalShaderMap/b6/2f/f07b8a40d93fbafdc6b8397879da23892b5b.udd" 2907
"C:/Users/Librake/AppData/Local/UnrealEngine/Common/DerivedDataCache/Buckets/GlobalShaderMap/95/74/24ae86674f77376e5deb046cd8c6609cfbcc.udd" 2908
"C:/Users/Librake/AppData/Local/UnrealEngine/Common/DerivedDataCache/Buckets/GlobalShaderMap/1f/cf/7f596ba7987870aae10029d520a5282345bc.udd" 2909
"C:/Users/Librake/AppData/Local/UnrealEngine/Common/DerivedDataCache/Buckets/GlobalShaderMap/a7/ed/439236e533d042d7e0ab4b9bb55ead6e9ff7.udd" 2910
"C:/Users/Librake/AppData/Local/UnrealEngine/Common/DerivedDataCache/Buckets/GlobalShaderMap/b7/6f/1e5091cea0ed569008763a2eff603a19515f.udd" 2911
"C:/Users/Librake/AppData/Local/UnrealEngine/Common/DerivedDataCache/Buckets/GlobalShaderMap/de/34/2ff4fb3af4760fd9b8bb451c5b062b7261a7.udd" 2912
"C:/Users/Librake/AppData/Local/UnrealEngine/Common/DerivedDataCache/Buckets/GlobalShaderMap/92/55/b8a004f882b4b3577123c85c71a48430e43e.udd" 2913
"C:/Users/Librake/AppData/Local/UnrealEngine/Common/DerivedDataCache/Buckets/GlobalShaderMap/e9/f9/6bf9d40f46ea41a39c00b8aa0d5104dbd799.udd" 2914
"C:/Users/Librake/AppData/Local/UnrealEngine/Common/DerivedDataCache/Buckets/GlobalShaderMap/4f/8d/4e56c6f16db84e20a219b603775c9f1df69b.udd" 2915
"C:/Users/Librake/AppData/Local/UnrealEngine/Common/DerivedDataCache/Buckets/GlobalShaderMap/78/25/f1e65467b1f27da1c72242acd01a21d9a765.udd" 2916
"C:/Users/Librake/AppData/Local/UnrealEngine/Common/DerivedDataCache/Buckets/GlobalShaderMap/21/3d/00eec1ead2eaba6062c6b6a3a7ddce170f65.udd" 2917
"C:/Users/Librake/AppData/Local/UnrealEngine/Common/DerivedDataCache/Buckets/GlobalShaderMap/58/21/ef9305faf685c162296f81f9675d8fa53653.udd" 2918
"C:/Users/Librake/AppData/Local/UnrealEngine/Common/DerivedDataCache/Buckets/GlobalShaderMap/21/a7/abd1b11a752790d014067f8deb5276a5410b.udd" 2919
"C:/Users/Librake/AppData/Local/UnrealEngine/Common/DerivedDataCache/Buckets/GlobalShaderMap/51/ab/5a7b12337b7b2bc93c458501dacba48e0a1c.udd" 2920
"C:/Users/Librake/AppData/Local/UnrealEngine/Common/DerivedDataCache/Buckets/GlobalShaderMap/b3/7b/e47ce440fa35821961886f01673a0958410e.udd" 2921
"C:/Users/Librake/AppData/Local/UnrealEngine/Common/DerivedDataCache/Buckets/GlobalShaderMap/66/74/cfb2f9b4021a26b3dd00deb62a5fc8e8d586.udd" 2922
"C:/Users/Librake/AppData/Local/UnrealEngine/Common/DerivedDataCache/Content/72/9d/6a6a96cdfed64ff6984f369d2e486d57a6a6.udd" 2923
"C:/Users/Librake/AppData/Local/UnrealEngine/Common/DerivedDataCache/Buckets/GlobalShaderMap/70/0c/ac85def2e206ec098ce0509adecb6bf22410.udd" 2924
"C:/Users/Librake/AppData/Local/UnrealEngine/Common/DerivedDataCache/Content/aa/f9/671232838aaeff69e5e64c44c6536d5e0302.udd" 2925
"C:/Users/Librake/AppData/Local/UnrealEngine/Common/DerivedDataCache/Buckets/GlobalShaderMap/7c/84/39aef3a7cdf234a66202c1f508dd75b8ffed.udd" 2926
"C:/Users/Librake/AppData/Local/UnrealEngine/Common/DerivedDataCache/Buckets/GlobalShaderMap/73/1e/5b624f68c4b4abb38975fdf2f744886d04a5.udd" 2927
"C:/Users/Librake/AppData/Local/UnrealEngine/Common/DerivedDataCache/Buckets/GlobalShaderMap/7a/56/457df0de274d7d9e98860b5b9e979240957a.udd" 2928
"C:/Users/Librake/AppData/Local/UnrealEngine/Common/DerivedDataCache/Buckets/GlobalShaderMap/5b/cc/f88191301012eb939a5e0d30b232da540dd2.udd" 2929
"C:/Users/Librake/AppData/Local/UnrealEngine/Common/DerivedDataCache/Buckets/GlobalShaderMap/26/11/fb7f1d01f73d902e741951d3c6bda34f0785.udd" 2930
"C:/Users/Librake/AppData/Local/UnrealEngine/Common/DerivedDataCache/Buckets/GlobalShaderMap/a9/31/2330c439e065c0ef6f13f5a2985a272fb19b.udd" 2931
"C:/Users/Librake/AppData/Local/UnrealEngine/Common/DerivedDataCache/Buckets/GlobalShaderMap/36/22/96e269b7378d63b4f42e173efcd27317d29e.udd" 2932
"C:/Users/Librake/AppData/Local/UnrealEngine/Common/DerivedDataCache/Buckets/GlobalShaderMap/f1/61/9183e95643fd7396e2395c4eea2566cdc11a.udd" 2933
"C:/Users/Librake/AppData/Local/UnrealEngine/Common/DerivedDataCache/Buckets/GlobalShaderMap/10/d9/9603a9a2ac4fd13de2cd9be0c13a5509d88e.udd" 2934
"C:/Users/Librake/AppData/Local/UnrealEngine/Common/DerivedDataCache/Buckets/GlobalShaderMap/4d/5c/0901e97dec222680e10732550e071df2ec4a.udd" 2935
"C:/Users/Librake/AppData/Local/UnrealEngine/Common/DerivedDataCache/Buckets/GlobalShaderMap/27/78/2c9035a85ae1a846b2ee52bcb07fd6aa7517.udd" 2936
"C:/Users/Librake/AppData/Local/UnrealEngine/Common/DerivedDataCache/Buckets/GlobalShaderMap/63/fe/33e85cb31024c91c5784ccae124b175b7958.udd" 2937
"C:/Users/Librake/AppData/Local/UnrealEngine/Common/DerivedDataCache/Buckets/GlobalShaderMap/c9/6b/ad79c3b8c9e9aede295f63dbb148882cbfdc.udd" 2938
"C:/Users/Librake/AppData/Local/UnrealEngine/Common/DerivedDataCache/Buckets/GlobalShaderMap/45/d0/f159306a11cd8e745f321c8045e7d57f1f35.udd" 2939
"C:/Users/Librake/AppData/Local/UnrealEngine/Common/DerivedDataCache/Buckets/GlobalShaderMap/53/0f/c37e2f6bfaf74d9e4ee196af89b2f95fcff4.udd" 2940
"C:/Users/Librake/AppData/Local/UnrealEngine/Common/DerivedDataCache/Buckets/GlobalShaderMap/41/83/5a3a780bcc051f7cc3ac9c7af45723ac0c28.udd" 2941
"C:/Users/Librake/AppData/Local/UnrealEngine/Common/DerivedDataCache/Buckets/GlobalShaderMap/a0/98/6b7a0a85a113f5cea8a98c07e4941052c8b7.udd" 2942
"C:/Users/Librake/AppData/Local/UnrealEngine/Common/DerivedDataCache/Buckets/GlobalShaderMap/e9/3c/f401e35e580f183695c2fe6ec5e6bfe51d33.udd" 2943
"C:/Users/Librake/AppData/Local/UnrealEngine/Common/DerivedDataCache/Buckets/GlobalShaderMap/60/f6/b08253adee4c1948d5faced6e0ad10645b19.udd" 2944
"C:/Users/Librake/AppData/Local/UnrealEngine/Common/DerivedDataCache/Buckets/GlobalShaderMap/e0/e4/ffbda745941ac79398b9e229c7b492635a9f.udd" 2945
"C:/Users/Librake/AppData/Local/UnrealEngine/Common/DerivedDataCache/Buckets/GlobalShaderMap/bb/e5/924690657c13c1338886bb55f93636a56987.udd" 2946
"C:/Users/Librake/AppData/Local/UnrealEngine/Common/DerivedDataCache/Buckets/GlobalShaderMap/6f/e7/6ef23d90327a4a86109770a3c11781baaa0a.udd" 2947
"C:/Users/Librake/AppData/Local/UnrealEngine/Common/DerivedDataCache/Buckets/GlobalShaderMap/31/71/8ea85f78a6438df73c909c477a91034b1d2b.udd" 2948
"C:/Users/Librake/AppData/Local/UnrealEngine/Common/DerivedDataCache/Buckets/GlobalShaderMap/5e/ce/aca4b87e677929594c61df96743d2ea11d2c.udd" 2949
"C:/Users/Librake/AppData/Local/UnrealEngine/Common/DerivedDataCache/Buckets/GlobalShaderMap/9a/5c/e22f4ce7a4d33daa77a6616c901255a7b448.udd" 2950
"C:/Users/Librake/AppData/Local/UnrealEngine/Common/DerivedDataCache/Buckets/GlobalShaderMap/c0/ac/bdfbfdadef2eb02ccb596db85481b3911955.udd" 2951
"C:/Users/Librake/AppData/Local/UnrealEngine/Common/DerivedDataCache/Buckets/GlobalShaderMap/7c/8a/e5e9663cf487fe297aeda92f0980f3d9180b.udd" 2952
"C:/Users/Librake/AppData/Local/UnrealEngine/Common/DerivedDataCache/Buckets/GlobalShaderMap/36/1f/fbb8ea8d561f3541d5e44d10b8731431061d.udd" 2953
"C:/Users/Librake/AppData/Local/UnrealEngine/Common/DerivedDataCache/Buckets/GlobalShaderMap/76/b8/e68c2d335d214ea49dba2695a27e6f8fa421.udd" 2954
"C:/Users/Librake/AppData/Local/UnrealEngine/Common/DerivedDataCache/Buckets/GlobalShaderMap/b5/13/7d61bd67e4951de04f57f9d8d29dac91a31d.udd" 2955
"C:/Users/Librake/AppData/Local/UnrealEngine/Common/DerivedDataCache/Buckets/GlobalShaderMap/8b/47/3c94620ca26805c5cccc36f5b02126a7328b.udd" 2956
"C:/Users/Librake/AppData/Local/UnrealEngine/Common/DerivedDataCache/Buckets/GlobalShaderMap/73/c8/1317cb94ba9d98a7bba99fba304caa402036.udd" 2957
"C:/Users/Librake/AppData/Local/UnrealEngine/Common/DerivedDataCache/Content/7b/a1/6ad25d5e348f5cdef3bd41673117c8a0e4f1.udd" 2958
"C:/Users/Librake/AppData/Local/UnrealEngine/Common/DerivedDataCache/Buckets/GlobalShaderMap/99/85/d16f09863c50993ab788400ebc46dadfd5de.udd" 2959
"C:/Users/Librake/AppData/Local/UnrealEngine/Common/DerivedDataCache/Buckets/GlobalShaderMap/01/a8/c78a13e4b9fdee90f1600525d1dbca88023e.udd" 2960
"C:/Users/Librake/AppData/Local/UnrealEngine/Common/DerivedDataCache/Buckets/GlobalShaderMap/d6/46/aec79d5eb537b329d0d59b30fd96be2a7702.udd" 2961
"C:/Users/Librake/AppData/Local/UnrealEngine/Common/DerivedDataCache/Buckets/GlobalShaderMap/55/97/665230e8843a93cce333864e5cb2649b3190.udd" 2962
"C:/Users/Librake/AppData/Local/UnrealEngine/Common/DerivedDataCache/Buckets/GlobalShaderMap/33/1a/306c1a8a40eda0b16c5e951e2e599cdc6f52.udd" 2963
"C:/Users/Librake/AppData/Local/UnrealEngine/Common/DerivedDataCache/Buckets/GlobalShaderMap/10/46/f3531cec8ee0f15e28d15437d6acf8129188.udd" 2964
"C:/Users/Librake/AppData/Local/UnrealEngine/Common/DerivedDataCache/Buckets/GlobalShaderMap/7e/6e/1dd8ab371f196b219b1b1199c13f08f5dcf6.udd" 2965
"C:/Users/Librake/AppData/Local/UnrealEngine/Common/DerivedDataCache/Buckets/GlobalShaderMap/59/9a/ee26750ab9c96bccd6884d0b0756adf0aa4e.udd" 2966
"C:/Users/Librake/AppData/Local/UnrealEngine/Common/DerivedDataCache/Buckets/GlobalShaderMap/c7/cd/bc3a1a69944933661f8f809d8d1205960b01.udd" 2967
"C:/Users/Librake/AppData/Local/UnrealEngine/Common/DerivedDataCache/Buckets/GlobalShaderMap/78/f2/918ae2c069257bd85215423ec8da995b47a7.udd" 2968
"C:/Users/Librake/AppData/Local/UnrealEngine/Common/DerivedDataCache/Buckets/GlobalShaderMap/32/e5/a8af57247e2c8637286b8d0feeb7e8c93ee0.udd" 2969
"C:/Users/Librake/AppData/Local/UnrealEngine/Common/DerivedDataCache/Buckets/GlobalShaderMap/be/72/46ad3afb5269f12a46d11f4e78925d544632.udd" 2970
"C:/Users/Librake/AppData/Local/UnrealEngine/Common/DerivedDataCache/Buckets/GlobalShaderMap/9a/7d/3669c750af9d2d375798282fe6b80c7967e3.udd" 2971
"C:/Users/Librake/AppData/Local/UnrealEngine/Common/DerivedDataCache/Buckets/GlobalShaderMap/74/3c/6b2bd27e905e65fc4f38db6d61c615fbf938.udd" 2972
"C:/Users/Librake/AppData/Local/UnrealEngine/Common/DerivedDataCache/Buckets/GlobalShaderMap/bf/0c/ea5c8323828ff602927b54fa5ce48177ce0e.udd" 2973
"C:/Users/Librake/AppData/Local/UnrealEngine/Common/DerivedDataCache/Buckets/GlobalShaderMap/4c/83/15dc766d4a389284f8720f460a2bc1f78dd2.udd" 2974
"C:/Users/Librake/AppData/Local/UnrealEngine/Common/DerivedDataCache/Buckets/GlobalShaderMap/3a/f8/a9ba13efa61746206600be6e6bad98c8afa9.udd" 2975
"C:/Users/Librake/AppData/Local/UnrealEngine/Common/DerivedDataCache/Buckets/GlobalShaderMap/5f/5b/6c5ed230800594909137d2437a053221ad3a.udd" 2976
"C:/Users/Librake/AppData/Local/UnrealEngine/Common/DerivedDataCache/Buckets/GlobalShaderMap/5b/c7/e8e15bcbae14b8330ccf9459baa203304bda.udd" 2977
"C:/Users/Librake/AppData/Local/UnrealEngine/Common/DerivedDataCache/Buckets/GlobalShaderMap/fe/26/9b643ac6e4f0d436d86916863806b08f28c6.udd" 2978
"C:/Users/Librake/AppData/Local/UnrealEngine/Common/DerivedDataCache/Buckets/GlobalShaderMap/57/17/96f16e890d339a4db8b3d3ae215c8ad7c224.udd" 2979
"C:/Users/Librake/AppData/Local/UnrealEngine/Common/DerivedDataCache/Buckets/GlobalShaderMap/bd/95/3d513f4b3b794ced7b5a32775f1f349cac89.udd" 2980
"C:/Users/Librake/AppData/Local/UnrealEngine/Common/DerivedDataCache/Buckets/GlobalShaderMap/44/f8/b0b6e4d6abdf43b3788451654e63857915af.udd" 2981
"C:/Users/Librake/AppData/Local/UnrealEngine/Common/DerivedDataCache/Buckets/GlobalShaderMap/87/49/4887b8c8afa9a8ce8acac062c00683ec7fbc.udd" 2982
"C:/Users/Librake/AppData/Local/UnrealEngine/Common/DerivedDataCache/Buckets/GlobalShaderMap/18/84/f3e5f77eaa9788327912acdca03d3c5fbe1c.udd" 2983
"C:/Users/Librake/AppData/Local/UnrealEngine/Common/DerivedDataCache/Buckets/GlobalShaderMap/8e/ae/7de0bc89af6ec1b4f072448b4a0fed378079.udd" 2984
"C:/Users/Librake/AppData/Local/UnrealEngine/Common/DerivedDataCache/Buckets/GlobalShaderMap/0f/3d/48330b6e2aa93d07e9a1c1cba6dedcfbc171.udd" 2985
"C:/Users/Librake/AppData/Local/UnrealEngine/Common/DerivedDataCache/Buckets/GlobalShaderMap/9d/c9/e3f8ee4de4e5593ecf69f77e5059b8a74b83.udd" 2986
"C:/Users/Librake/AppData/Local/UnrealEngine/Common/DerivedDataCache/Buckets/GlobalShaderMap/07/3d/c15864b5f0cf7fe062beb5db8cc80899dcde.udd" 2987
"C:/Users/Librake/AppData/Local/UnrealEngine/Common/DerivedDataCache/Buckets/GlobalShaderMap/e8/ca/d4f3084f2a46311212241f1a234f016d1cb5.udd" 2988
"C:/Users/Librake/AppData/Local/UnrealEngine/Common/DerivedDataCache/Buckets/GlobalShaderMap/c3/3e/00af7a38fc2ad5c5ef4b92d5718b36aa8d49.udd" 2989
"C:/Users/Librake/AppData/Local/UnrealEngine/Common/DerivedDataCache/Buckets/GlobalShaderMap/6f/ca/6d9e1cc66d542605f614a237a1f560ef578b.udd" 2990
"C:/Users/Librake/AppData/Local/UnrealEngine/Common/DerivedDataCache/Buckets/GlobalShaderMap/eb/5f/588f923ac34d166ebcfa3026b17a4570288c.udd" 2991
"C:/Users/Librake/AppData/Local/UnrealEngine/Common/DerivedDataCache/Buckets/GlobalShaderMap/8d/09/b82343c141ceeee00b7323340f8b36885496.udd" 2992
"C:/Users/Librake/AppData/Local/UnrealEngine/Common/DerivedDataCache/Buckets/GlobalShaderMap/7e/89/4d95588331c0feb5a163e951e6a14191bc83.udd" 2993
"C:/Users/Librake/AppData/Local/UnrealEngine/Common/DerivedDataCache/Buckets/GlobalShaderMap/39/bc/62bab4abdd3acf876388b671ca80701e5c51.udd" 2994
"C:/Users/Librake/AppData/Local/UnrealEngine/Common/DerivedDataCache/Buckets/GlobalShaderMap/6f/3c/65ec5109c285b634d225546f4f7ae841903f.udd" 2995
"C:/Users/Librake/AppData/Local/UnrealEngine/Common/DerivedDataCache/Buckets/GlobalShaderMap/7b/6c/f7f7480265aa9d6dc5622e4a87d9d24e399b.udd" 2996
"C:/Users/Librake/AppData/Local/UnrealEngine/Common/DerivedDataCache/Buckets/GlobalShaderMap/7c/a3/406accc4c8a432e66b1f6fdcaeb7e706b13a.udd" 2997
"C:/Users/Librake/AppData/Local/UnrealEngine/Common/DerivedDataCache/Buckets/GlobalShaderMap/9e/cd/4dbab14dee903e1e8afc55d310d902e08ff8.udd" 2998
"C:/Users/Librake/AppData/Local/UnrealEngine/Common/DerivedDataCache/Buckets/GlobalShaderMap/14/88/3dc5a5edddce4367cc842a29d54db288f2fa.udd" 2999
"C:/Users/Librake/AppData/Local/UnrealEngine/Common/DerivedDataCache/Buckets/GlobalShaderMap/c4/8c/48d5aaec71ee56a11028e3d2ef016ce501e5.udd" 3000
"C:/Users/Librake/AppData/Local/UnrealEngine/Common/DerivedDataCache/Buckets/GlobalShaderMap/a5/86/5c13d0dca3e298b3728cf116987b3739668e.udd" 3001
"C:/Users/Librake/AppData/Local/UnrealEngine/Common/DerivedDataCache/Buckets/GlobalShaderMap/92/ca/bafa9394277b3521d7e64805f035f691e1f4.udd" 3002
"C:/Users/Librake/AppData/Local/UnrealEngine/Common/DerivedDataCache/Buckets/GlobalShaderMap/d4/63/263e1ce7e4d1ca5f0b34f33d05ea45e4de64.udd" 3003
"C:/Users/Librake/AppData/Local/UnrealEngine/Common/DerivedDataCache/Buckets/GlobalShaderMap/08/2e/f83091bba092a6abf461996ae36c44774c16.udd" 3004
"C:/Users/Librake/AppData/Local/UnrealEngine/Common/DerivedDataCache/Buckets/GlobalShaderMap/25/c6/ecca7141bbd7830fb215d936427e8abfccb7.udd" 3005
"C:/Users/Librake/AppData/Local/UnrealEngine/Common/DerivedDataCache/Buckets/GlobalShaderMap/0e/b6/1e84c640eeb8e020ea69b03c809935c62c7c.udd" 3006
"C:/Users/Librake/AppData/Local/UnrealEngine/Common/DerivedDataCache/Buckets/GlobalShaderMap/cf/68/a3f14327f6756ec663be70e3d0e96e8e9584.udd" 3007
"C:/Users/Librake/AppData/Local/UnrealEngine/Common/DerivedDataCache/Buckets/GlobalShaderMap/2a/ee/2379c1030eed911a2e21e87081acfa016f65.udd" 3008
"C:/Users/Librake/AppData/Local/UnrealEngine/Common/DerivedDataCache/Buckets/GlobalShaderMap/39/40/85038f9b55312ed47acd2baafb9e1d53439c.udd" 3009
"C:/Users/Librake/AppData/Local/UnrealEngine/Common/DerivedDataCache/Buckets/GlobalShaderMap/71/f4/4394bd9c95d4fdc062fc59903f43f2dbd320.udd" 3010
"C:/Users/Librake/AppData/Local/UnrealEngine/Common/DerivedDataCache/Buckets/GlobalShaderMap/9d/5d/b4d1dd974d7beaa6ec8ffa749cf587e22a77.udd" 3011
"C:/Users/Librake/AppData/Local/UnrealEngine/Common/DerivedDataCache/Buckets/GlobalShaderMap/fa/e5/5cc4551960ae86e5a38dd53cf5165fc03176.udd" 3012
"C:/Users/Librake/AppData/Local/UnrealEngine/Common/DerivedDataCache/Buckets/GlobalShaderMap/49/e3/94399b53cf2b7936ddc4224c0c4d6d4ea487.udd" 3013
"C:/Users/Librake/AppData/Local/UnrealEngine/Common/DerivedDataCache/Buckets/GlobalShaderMap/3a/69/d169c5ceb3fb28f343616b6df4ac7c52ad02.udd" 3014
"C:/Users/Librake/AppData/Local/UnrealEngine/Common/DerivedDataCache/Buckets/GlobalShaderMap/12/58/fad72760e56c547de2ee58a96b0427aa3784.udd" 3015
"C:/Users/Librake/AppData/Local/UnrealEngine/Common/DerivedDataCache/Buckets/GlobalShaderMap/80/d3/acea6779564471fe2d5c960a65867503b71d.udd" 3016
"C:/Users/Librake/AppData/Local/UnrealEngine/Common/DerivedDataCache/Buckets/GlobalShaderMap/55/6d/db38fee10e49fcb4a657c03cd275ab5b6cfd.udd" 3017
"C:/Users/Librake/AppData/Local/UnrealEngine/Common/DerivedDataCache/Buckets/GlobalShaderMap/cf/8f/c132afc70133152bd59f25a89bd3eb4c68dd.udd" 3018
"C:/Users/Librake/AppData/Local/UnrealEngine/Common/DerivedDataCache/Buckets/GlobalShaderMap/58/9b/a110adb93a751c4dee817ab6f9e8f4f51841.udd" 3019
"C:/Users/Librake/AppData/Local/UnrealEngine/Common/DerivedDataCache/Buckets/GlobalShaderMap/7e/b8/4cb369b36fac4fdf555c811304cb039b7604.udd" 3020
"C:/Users/Librake/AppData/Local/UnrealEngine/Common/DerivedDataCache/Buckets/GlobalShaderMap/c6/08/c55d6ebb061d88c47480a6eacb25e14af5d8.udd" 3021
"C:/Users/Librake/AppData/Local/UnrealEngine/Common/DerivedDataCache/Buckets/GlobalShaderMap/84/bb/6e92b5ec85b2b3bd2be2b23dc29d1402f80d.udd" 3022
"C:/Users/Librake/AppData/Local/UnrealEngine/Common/DerivedDataCache/Buckets/GlobalShaderMap/ec/d1/f021477753c7eaaebaec9468bfc1d773329f.udd" 3023
"C:/Users/Librake/AppData/Local/UnrealEngine/Common/DerivedDataCache/Buckets/GlobalShaderMap/ef/b2/fba1e513de561ccba8837ba727385fcb8f3c.udd" 3024
"C:/Users/Librake/AppData/Local/UnrealEngine/Common/DerivedDataCache/Buckets/GlobalShaderMap/54/83/e552656f427315e5bf1b93cfeb98524e11ae.udd" 3025
"C:/Users/Librake/AppData/Local/UnrealEngine/Common/DerivedDataCache/Buckets/GlobalShaderMap/8f/ab/b1f8339c5452a9cc3ab07aa1131de026dabc.udd" 3026
"C:/Users/Librake/AppData/Local/UnrealEngine/Common/DerivedDataCache/Buckets/GlobalShaderMap/88/8c/aa3d3e59c56b7c85513c226affac74336eab.udd" 3027
"C:/Users/Librake/AppData/Local/UnrealEngine/Common/DerivedDataCache/Buckets/GlobalShaderMap/35/82/9e731bf09e593953e89d205fab5fb3996d37.udd" 3028
"C:/Users/Librake/AppData/Local/UnrealEngine/Common/DerivedDataCache/Buckets/GlobalShaderMap/06/29/2f7e3b3554a8a4d3f014e4ba24fe0cec83ee.udd" 3029
"C:/Users/Librake/AppData/Local/UnrealEngine/Common/DerivedDataCache/Buckets/GlobalShaderMap/a4/7d/d4d0d16eadca66e873fb1d259ca25e3db020.udd" 3030
"C:/Users/Librake/AppData/Local/UnrealEngine/Common/DerivedDataCache/Buckets/GlobalShaderMap/bf/9d/c2c159a86c7d0c62f032c3a04a8695283133.udd" 3031
"C:/Users/Librake/AppData/Local/UnrealEngine/Common/DerivedDataCache/Buckets/GlobalShaderMap/b8/40/2d61e7c19c7a39e01eacaab9a59defaa9e8e.udd" 3032
"C:/Users/Librake/AppData/Local/UnrealEngine/Common/DerivedDataCache/Buckets/GlobalShaderMap/04/ec/88237570da8a6516f3cf44860834fac89780.udd" 3033
"C:/Users/Librake/AppData/Local/UnrealEngine/Common/DerivedDataCache/Buckets/GlobalShaderMap/75/02/f9bc8f8c8bedb0dad886f755ec999c3f953f.udd" 3034
"C:/Users/Librake/AppData/Local/UnrealEngine/Common/DerivedDataCache/Buckets/GlobalShaderMap/6f/18/aec8fc13ca705c0c5eb1648f510648305062.udd" 3035
"C:/Users/Librake/AppData/Local/UnrealEngine/Common/DerivedDataCache/Buckets/GlobalShaderMap/d3/5e/e8477dfad22ede04b3876724c48efe4a970c.udd" 3036
"C:/Users/Librake/AppData/Local/UnrealEngine/Common/DerivedDataCache/Buckets/GlobalShaderMap/09/d8/279dabfb4f40f3a6a3211ad5e12c8f9beca7.udd" 3037
"C:/Users/Librake/AppData/Local/UnrealEngine/Common/DerivedDataCache/Buckets/GlobalShaderMap/b8/be/ed0c0f31857d5f8ac3309446ab8a40a93e81.udd" 3038
"C:/Users/Librake/AppData/Local/UnrealEngine/Common/DerivedDataCache/Buckets/GlobalShaderMap/2d/f7/16803f7ef5dfcfd374deff6f9487da3c0243.udd" 3039
"C:/Users/Librake/AppData/Local/UnrealEngine/Common/DerivedDataCache/Buckets/GlobalShaderMap/50/21/179e5cb1b503a9846a2a397b9ed5aab66ce2.udd" 3040
"C:/Users/Librake/AppData/Local/UnrealEngine/Common/DerivedDataCache/Buckets/GlobalShaderMap/45/7a/0bddd7239056cf8de942f70a726f26f6c56d.udd" 3041
"C:/Users/Librake/AppData/Local/UnrealEngine/Common/DerivedDataCache/Buckets/GlobalShaderMap/c3/dd/e18b0e4055d7bad8ca60b0fc3f02392fe814.udd" 3042
"C:/Users/Librake/AppData/Local/UnrealEngine/Common/DerivedDataCache/Buckets/GlobalShaderMap/73/64/ea71e10b5dde1ddd400f5152337550bafa3c.udd" 3043
"C:/Users/Librake/AppData/Local/UnrealEngine/Common/DerivedDataCache/Buckets/GlobalShaderMap/44/79/3a3ba9a7a6c87aaca7b420cabff0a994515f.udd" 3044
"C:/Users/Librake/AppData/Local/UnrealEngine/Common/DerivedDataCache/Buckets/GlobalShaderMap/0d/c4/286d54ead2516d72f07dba62f52b3fb877f2.udd" 3045
"C:/Users/Librake/AppData/Local/UnrealEngine/Common/DerivedDataCache/Buckets/GlobalShaderMap/95/f6/2bd8a2b277e8fb38ab05f0cfbd390ecf9b21.udd" 3046
"C:/Users/Librake/AppData/Local/UnrealEngine/Common/DerivedDataCache/Buckets/GlobalShaderMap/22/8b/d694b693a5e987ea10cd6ad9e258d5d04734.udd" 3047
"C:/Users/Librake/AppData/Local/UnrealEngine/Common/DerivedDataCache/Buckets/GlobalShaderMap/fe/a9/a8cef2f41d8f3d82701955dd37f284d2a163.udd" 3048
"C:/Users/Librake/AppData/Local/UnrealEngine/Common/DerivedDataCache/Buckets/GlobalShaderMap/92/12/0740f49017511abe15d5c28c6f8a46ed2553.udd" 3049
"C:/Users/Librake/AppData/Local/UnrealEngine/Common/DerivedDataCache/Buckets/GlobalShaderMap/91/cf/d7ae7eff1154a625155253f06896cc00ae37.udd" 3050
"C:/Users/Librake/AppData/Local/UnrealEngine/Common/DerivedDataCache/Buckets/GlobalShaderMap/56/57/3cd5081afad3c4f42c1ace0b3a9f863403bc.udd" 3051
"C:/Users/Librake/AppData/Local/UnrealEngine/Common/DerivedDataCache/Buckets/GlobalShaderMap/60/f9/e91ee330a8ff602d527f10d2abdded8bfc68.udd" 3052
"C:/Users/Librake/AppData/Local/UnrealEngine/Common/DerivedDataCache/Buckets/GlobalShaderMap/3a/0d/2925db154d366d6c31de1ad3e2e6ea5e4d1a.udd" 3053
"C:/Users/Librake/AppData/Local/UnrealEngine/Common/DerivedDataCache/Buckets/GlobalShaderMap/40/e8/550aef5666079b9dee959432d56e85aad30e.udd" 3054
"C:/Users/Librake/AppData/Local/UnrealEngine/Common/DerivedDataCache/Buckets/GlobalShaderMap/1e/06/8aae307fb2f5c7d9be18eb8d0502e12c3d60.udd" 3055
"C:/Users/Librake/AppData/Local/UnrealEngine/Common/DerivedDataCache/Buckets/GlobalShaderMap/65/73/6f6bbc0dbb2eb74a0c5a6824efa06864ee0b.udd" 3056
"C:/Users/Librake/AppData/Local/UnrealEngine/Common/DerivedDataCache/Buckets/GlobalShaderMap/c7/2c/0952de513a2aa0db4e89538874fb00802145.udd" 3057
"C:/Users/Librake/AppData/Local/UnrealEngine/Common/DerivedDataCache/Buckets/GlobalShaderMap/e2/a1/2109b541228363cbe56a620a64efee052775.udd" 3058
"C:/Users/Librake/AppData/Local/UnrealEngine/Common/DerivedDataCache/Buckets/GlobalShaderMap/49/16/863881042c27c65668f4692b091d4c63fcc0.udd" 3059
"C:/Users/Librake/AppData/Local/UnrealEngine/Common/DerivedDataCache/Buckets/GlobalShaderMap/80/16/5f970bc504b7b20e603e7aace64c79946a0b.udd" 3060
"C:/Users/Librake/AppData/Local/UnrealEngine/Common/DerivedDataCache/Buckets/GlobalShaderMap/78/33/4ba14b207463a5f3fead2b6ef4ffa5d1470e.udd" 3061
"C:/Users/Librake/AppData/Local/UnrealEngine/Common/DerivedDataCache/Buckets/GlobalShaderMap/e4/f1/9a934e7dc47ac6af3d09d2fdbbfb797bf2a4.udd" 3062
"C:/Users/Librake/AppData/Local/UnrealEngine/Common/DerivedDataCache/Buckets/GlobalShaderMap/d6/d2/262a70302f753d0c687b7df61520439c4918.udd" 3063
"C:/Users/Librake/AppData/Local/UnrealEngine/Common/DerivedDataCache/Buckets/GlobalShaderMap/63/30/52d59e72810bf104a11fea22ba7fd9929c1a.udd" 3064
"C:/Users/Librake/AppData/Local/UnrealEngine/Common/DerivedDataCache/Buckets/GlobalShaderMap/0a/70/7e0239914d658b5741384702df4ebe450e56.udd" 3065
"C:/Users/Librake/AppData/Local/UnrealEngine/Common/DerivedDataCache/Buckets/GlobalShaderMap/c8/4c/27f1822b1719f461467d128c3a39f5383f98.udd" 3066
"C:/Users/Librake/AppData/Local/UnrealEngine/Common/DerivedDataCache/Buckets/GlobalShaderMap/70/5f/3f9784283b15567e1f938504dab421e6e008.udd" 3067
"C:/Users/Librake/AppData/Local/UnrealEngine/Common/DerivedDataCache/Buckets/GlobalShaderMap/2c/15/b8ad8880c329e8b8a955e0347ba75c9efc34.udd" 3068
"C:/Users/Librake/AppData/Local/UnrealEngine/Common/DerivedDataCache/Buckets/GlobalShaderMap/48/e7/6e910d06a4af06de9ea915b366ce2089ee50.udd" 3069
"C:/Users/Librake/AppData/Local/UnrealEngine/Common/DerivedDataCache/Buckets/GlobalShaderMap/3c/3b/78e0d2f18283ea561bbf702fc8d9e250c3d0.udd" 3070
"C:/Users/Librake/AppData/Local/UnrealEngine/Common/DerivedDataCache/Buckets/GlobalShaderMap/79/cb/830f6cfe16a9129679036e53b1b70d5f2511.udd" 3071
"C:/Users/Librake/AppData/Local/UnrealEngine/Common/DerivedDataCache/Buckets/GlobalShaderMap/db/4f/cbd47273f178406ed4bcbf437c28ea24ae9c.udd" 3072
"C:/Users/Librake/AppData/Local/UnrealEngine/Common/DerivedDataCache/Buckets/GlobalShaderMap/43/f1/136b229685a4e79bc1cc26f4923e94a2262b.udd" 3073
"C:/Users/Librake/AppData/Local/UnrealEngine/Common/DerivedDataCache/Buckets/GlobalShaderMap/e0/02/f9d3dd37a95685ad678b1f6b4cb64942e721.udd" 3074
"C:/Users/Librake/AppData/Local/UnrealEngine/Common/DerivedDataCache/Buckets/GlobalShaderMap/40/fd/801e3b7b33b1db0e459f9873c3461c827303.udd" 3075
"C:/Users/Librake/AppData/Local/UnrealEngine/Common/DerivedDataCache/Buckets/GlobalShaderMap/9e/6c/8b940af8e80906ced12dbaec34bd8b32023e.udd" 3076
"C:/Users/Librake/AppData/Local/UnrealEngine/Common/DerivedDataCache/Buckets/GlobalShaderMap/27/39/daef59381a47df020a6ef6e83b9a57a5e1d4.udd" 3077
"C:/Users/Librake/AppData/Local/UnrealEngine/Common/DerivedDataCache/Buckets/GlobalShaderMap/eb/54/b6fbe92393cc58055ccb98cb2720e380133c.udd" 3078
"C:/Users/Librake/AppData/Local/UnrealEngine/Common/DerivedDataCache/Buckets/GlobalShaderMap/50/ab/493eef7ec7b60d9971fde99716a5911e4644.udd" 3079
"C:/Users/Librake/AppData/Local/UnrealEngine/Common/DerivedDataCache/Buckets/GlobalShaderMap/24/29/a92964e33e79ec96d7c23bdcfaabaf6a12f6.udd" 3080
"C:/Users/Librake/AppData/Local/UnrealEngine/Common/DerivedDataCache/Buckets/GlobalShaderMap/30/cf/f1ef93bc45e9c291935b7d9752add88c72fc.udd" 3081
"C:/Users/Librake/AppData/Local/UnrealEngine/Common/DerivedDataCache/Buckets/GlobalShaderMap/20/07/765325d02be0072c39cb6efccbc92d9fc80e.udd" 3082
"C:/Users/Librake/AppData/Local/UnrealEngine/Common/DerivedDataCache/Buckets/GlobalShaderMap/5d/b5/2b7fdc08177efa2fcbdfff22252ae6074093.udd" 3083
"C:/Users/Librake/AppData/Local/UnrealEngine/Common/DerivedDataCache/Buckets/GlobalShaderMap/04/58/aa0132bd3d45b11df60942851076325ec72d.udd" 3084
"C:/Users/Librake/AppData/Local/UnrealEngine/Common/DerivedDataCache/Buckets/GlobalShaderMap/a9/fb/e2907de097ecbd886986bb24f886eaf84c81.udd" 3085
"C:/Users/Librake/AppData/Local/UnrealEngine/Common/DerivedDataCache/Buckets/GlobalShaderMap/c6/43/0d288961231be88bcdf2fa7c8b475b3c8d15.udd" 3086
"C:/Users/Librake/AppData/Local/UnrealEngine/Common/DerivedDataCache/Buckets/GlobalShaderMap/2e/07/aab3d3b55d5ad2687a097b1277d530e0371c.udd" 3087
"C:/Users/Librake/AppData/Local/UnrealEngine/Common/DerivedDataCache/Buckets/GlobalShaderMap/cf/24/1ee579e677f004d28cd4a5bc04a30fb3e6c1.udd" 3088
"C:/Users/Librake/AppData/Local/UnrealEngine/Common/DerivedDataCache/Buckets/GlobalShaderMap/de/74/3138e9f7df6c53d62a5b04528e81382bc010.udd" 3089
"C:/Users/Librake/AppData/Local/UnrealEngine/Common/DerivedDataCache/Buckets/GlobalShaderMap/e7/35/51935d84c9959e987eb45b650c6e1ee3fa64.udd" 3090
"C:/Users/Librake/AppData/Local/UnrealEngine/Common/DerivedDataCache/Buckets/GlobalShaderMap/ed/08/22dc5d17ae58c70555c9cbfddea2e9791b10.udd" 3091
"C:/Users/Librake/AppData/Local/UnrealEngine/Common/DerivedDataCache/Buckets/GlobalShaderMap/d1/77/442f4b7407402b970d9b5255f64949d2cff4.udd" 3092
"C:/Users/Librake/AppData/Local/UnrealEngine/Common/DerivedDataCache/Buckets/GlobalShaderMap/33/fc/b19339830a7b335a4d9c0db684a7670e6918.udd" 3093
"C:/Users/Librake/AppData/Local/UnrealEngine/Common/DerivedDataCache/Buckets/GlobalShaderMap/02/58/3fc1d6334e6e0bb3041684c934b2b6aea7b4.udd" 3094
"C:/Users/Librake/AppData/Local/UnrealEngine/Common/DerivedDataCache/Buckets/GlobalShaderMap/b7/ca/dccf905a7c24af022ebdf9303bed542b6a7a.udd" 3095
"C:/Users/Librake/AppData/Local/UnrealEngine/Common/DerivedDataCache/Buckets/GlobalShaderMap/96/d8/1beca4d54727f1b4c829cb8f6a71b5045aba.udd" 3096
"C:/Users/Librake/AppData/Local/UnrealEngine/Common/DerivedDataCache/Buckets/GlobalShaderMap/23/b2/c1171aca59a3d90033547ffe0e2ab0306152.udd" 3097
"C:/Users/Librake/AppData/Local/UnrealEngine/Common/DerivedDataCache/Buckets/GlobalShaderMap/87/83/ab887e7e412f63f71e71137dcdd51681d990.udd" 3098
"C:/Users/Librake/AppData/Local/UnrealEngine/Common/DerivedDataCache/Buckets/GlobalShaderMap/e5/a6/9b1752eeb6b2cb9a395a3cdf3ab210618d3c.udd" 3099
"C:/Users/Librake/AppData/Local/UnrealEngine/Common/DerivedDataCache/Buckets/GlobalShaderMap/42/ec/9b56d8fef1c7b9a4694ad4cc910388b55498.udd" 3100
"C:/Users/Librake/AppData/Local/UnrealEngine/Common/DerivedDataCache/Buckets/GlobalShaderMap/c8/7c/ea623bceecf2d511c7e09c82d014a3587373.udd" 3101
"C:/Users/Librake/AppData/Local/UnrealEngine/Common/DerivedDataCache/Buckets/GlobalShaderMap/06/8a/dd727714c95c00d6639d5b4e2c84b7e15345.udd" 3102
"C:/Users/Librake/AppData/Local/UnrealEngine/Common/DerivedDataCache/Buckets/GlobalShaderMap/81/90/e53ca2965399acb7d3e075be5cc0e6bf583e.udd" 3103
"C:/Users/Librake/AppData/Local/UnrealEngine/Common/DerivedDataCache/Buckets/GlobalShaderMap/79/89/f8b6514bd42edbf7625b37210644abfa664f.udd" 3104
"C:/Users/Librake/AppData/Local/UnrealEngine/Common/DerivedDataCache/Buckets/GlobalShaderMap/bc/27/3893a46206e10bda30f27826274055d7976d.udd" 3105
"C:/Users/Librake/AppData/Local/UnrealEngine/Common/DerivedDataCache/Buckets/GlobalShaderMap/16/75/9916d012d730b5147d0cb94aae3a7f792090.udd" 3106
"C:/Users/Librake/AppData/Local/UnrealEngine/Common/DerivedDataCache/Buckets/GlobalShaderMap/73/f4/4ad5fff96baa9415f5b294c90191ac243c13.udd" 3107
"C:/Users/Librake/AppData/Local/UnrealEngine/Common/DerivedDataCache/Buckets/GlobalShaderMap/ed/f6/0e7d6b9838386e983feb4cdabc598886939b.udd" 3108
"C:/Users/Librake/AppData/Local/UnrealEngine/Common/DerivedDataCache/Buckets/GlobalShaderMap/b2/42/ab6a8fa2ad4737fb929bc7cd6f64a49d72d5.udd" 3109
"C:/Users/Librake/AppData/Local/UnrealEngine/Common/DerivedDataCache/Buckets/GlobalShaderMap/40/d0/89b231416d8cd610bf243500d7ebdaea9759.udd" 3110
"C:/Users/Librake/AppData/Local/UnrealEngine/Common/DerivedDataCache/Content/d7/88/fe7587fe13fc05af946a6d87ad004e55e53e.udd" 3111
"C:/Users/Librake/AppData/Local/UnrealEngine/Common/DerivedDataCache/Buckets/GlobalShaderMap/c0/dd/430ac5250a1c81f53ccc5a059f81742358b6.udd" 3112
"C:/Users/Librake/AppData/Local/UnrealEngine/Common/DerivedDataCache/Buckets/GlobalShaderMap/f1/a2/b5bdf39d91edb0322be514d66e41d62c722e.udd" 3113
"C:/Users/Librake/AppData/Local/UnrealEngine/Common/DerivedDataCache/Buckets/GlobalShaderMap/3b/cf/f408039cf36201e9381f2364c57b4996682b.udd" 3114
"C:/Users/Librake/AppData/Local/UnrealEngine/Common/DerivedDataCache/Buckets/GlobalShaderMap/2f/40/8912caaef65a712330cc69eac4712336985c.udd" 3115
"C:/Users/Librake/AppData/Local/UnrealEngine/Common/DerivedDataCache/Buckets/GlobalShaderMap/e3/33/566e840b76e51a79d54368af8db644896816.udd" 3116
"C:/Users/Librake/AppData/Local/UnrealEngine/Common/DerivedDataCache/Buckets/GlobalShaderMap/6f/29/0443dcdd5c54fd07be1671629dca93ac79cf.udd" 3117
"C:/Users/Librake/AppData/Local/UnrealEngine/Common/DerivedDataCache/Buckets/GlobalShaderMap/84/65/147769030f66e33e0af822da5b3c5b135fa4.udd" 3118
"C:/Users/Librake/AppData/Local/UnrealEngine/Common/DerivedDataCache/Buckets/GlobalShaderMap/3d/13/8179970eb5c2b3de703b3e4d4149c1a2b3bd.udd" 3119
"C:/Users/Librake/AppData/Local/UnrealEngine/Common/DerivedDataCache/Buckets/GlobalShaderMap/70/c9/7109bd09e2745e8260d4cbcf895db28377a1.udd" 3120
"C:/Users/Librake/AppData/Local/UnrealEngine/Common/DerivedDataCache/Buckets/GlobalShaderMap/0e/51/f3b069106e045c3cf0ff99c44060a60795f3.udd" 3121
"C:/Users/Librake/AppData/Local/UnrealEngine/Common/DerivedDataCache/Buckets/GlobalShaderMap/f3/4f/3ac880b749098ec3be96e3c7fb00b6c17b6c.udd" 3122
"C:/Users/Librake/AppData/Local/UnrealEngine/Common/DerivedDataCache/Buckets/GlobalShaderMap/20/2e/dfe47a22f9576520b5b82be46e011673a820.udd" 3123
"C:/Users/Librake/AppData/Local/UnrealEngine/Common/DerivedDataCache/Buckets/GlobalShaderMap/f5/96/2e39f6de4fc677b1969d1dec831e07bdaad2.udd" 3124
"C:/Users/Librake/AppData/Local/UnrealEngine/Common/DerivedDataCache/Buckets/GlobalShaderMap/53/1a/25b06446bb5b723938a2fc686d489883a260.udd" 3125
"C:/Users/Librake/AppData/Local/UnrealEngine/Common/DerivedDataCache/Buckets/GlobalShaderMap/39/80/57c5536e98431d415ae672db118466666bd9.udd" 3126
"C:/Users/Librake/AppData/Local/UnrealEngine/Common/DerivedDataCache/Buckets/GlobalShaderMap/74/3d/4b5699e076a837bffd6ccef9f4a3539fbba4.udd" 3127
"C:/Users/Librake/AppData/Local/UnrealEngine/Common/DerivedDataCache/Buckets/GlobalShaderMap/fe/6e/c45d846a201a4626b809afaf8d4b996c4bcc.udd" 3128
"C:/Users/Librake/AppData/Local/UnrealEngine/Common/DerivedDataCache/Buckets/GlobalShaderMap/c0/f5/330e9361f7a612ca99f6e0395b93a14ca12b.udd" 3129
"C:/Users/Librake/AppData/Local/UnrealEngine/Common/DerivedDataCache/Buckets/GlobalShaderMap/b5/a6/5272c6c53f2465ebe0c0ed195ad616752eaf.udd" 3130
"C:/Users/Librake/AppData/Local/UnrealEngine/Common/DerivedDataCache/Buckets/GlobalShaderMap/01/20/f9713e5e22df25df74d18fe3912b466aa01e.udd" 3131
"C:/Users/Librake/AppData/Local/UnrealEngine/Common/DerivedDataCache/Buckets/GlobalShaderMap/40/45/433165fee2c0df202ef754fb78b8b4c5b226.udd" 3132
"C:/Users/Librake/AppData/Local/UnrealEngine/Common/DerivedDataCache/Buckets/GlobalShaderMap/b6/96/af62dc1d84b68e13b60fcd682acce6b1eafc.udd" 3133
"C:/Users/Librake/AppData/Local/UnrealEngine/Common/DerivedDataCache/Buckets/GlobalShaderMap/72/e2/15b4d9a6a6cfa70d7b533bd9094fbb2c2dc2.udd" 3134
"C:/Users/Librake/AppData/Local/UnrealEngine/Common/DerivedDataCache/Buckets/GlobalShaderMap/31/b1/56005ece73523973c61c0a67274346f3dec9.udd" 3135
"C:/Users/Librake/AppData/Local/UnrealEngine/Common/DerivedDataCache/Buckets/GlobalShaderMap/ad/1d/1ade4bcf2ad7bda498085cb983a99fd9210e.udd" 3136
"C:/Users/Librake/AppData/Local/UnrealEngine/Common/DerivedDataCache/Buckets/GlobalShaderMap/ba/e6/7ffbe23b72c7e187f4d21ae877c58a639c84.udd" 3137
"C:/Users/Librake/AppData/Local/UnrealEngine/Common/DerivedDataCache/Buckets/GlobalShaderMap/b4/d8/b11f0cd00614d12cae251cc01f3921d72fdb.udd" 3138
"C:/Users/Librake/AppData/Local/UnrealEngine/Common/DerivedDataCache/Buckets/GlobalShaderMap/b6/e5/91117faef638eb4cdd38b9e2b2187e85db7c.udd" 3139
"C:/Users/Librake/AppData/Local/UnrealEngine/Common/DerivedDataCache/Content/42/13/669c49278699fdae6eaa13b97a3b3900ce2f.udd" 3140
"C:/Users/Librake/AppData/Local/UnrealEngine/Common/DerivedDataCache/Buckets/GlobalShaderMap/9d/c1/c4ea435062d6b3a140e64cff88b5c25e8233.udd" 3141
"C:/Users/Librake/AppData/Local/UnrealEngine/Common/DerivedDataCache/Buckets/GlobalShaderMap/05/34/09c84d8e351071f951ebb02328c42de6c693.udd" 3142
"C:/Users/Librake/AppData/Local/UnrealEngine/Common/DerivedDataCache/Buckets/GlobalShaderMap/8f/6c/c6902465ab0ecacf30b7c3c3e93320e591b2.udd" 3143
"C:/Users/Librake/AppData/Local/UnrealEngine/Common/DerivedDataCache/Buckets/GlobalShaderMap/12/c0/86289b1c7366ab6d71e1e4a7feb7c81dcbce.udd" 3144
"C:/Users/Librake/AppData/Local/UnrealEngine/Common/DerivedDataCache/Buckets/GlobalShaderMap/f6/dd/d4d75c31d3bf8d222bb863badeca70394548.udd" 3145
"C:/Users/Librake/AppData/Local/UnrealEngine/Common/DerivedDataCache/Buckets/GlobalShaderMap/e8/04/500a1924603bdc21d6a8499277d960df417f.udd" 3146
"C:/Users/Librake/AppData/Local/UnrealEngine/Common/DerivedDataCache/Buckets/GlobalShaderMap/9e/6f/79ebb1e5c81e25635d77936b7d8c2b9d19f2.udd" 3147
"C:/Users/Librake/AppData/Local/UnrealEngine/Common/DerivedDataCache/Buckets/GlobalShaderMap/dc/f9/1866e4bd8f8dce756d49173388dd38f8483d.udd" 3148
"C:/Users/Librake/AppData/Local/UnrealEngine/Common/DerivedDataCache/Buckets/GlobalShaderMap/4b/f3/d6b660d3d60cc108c14e2c3961283d5418e8.udd" 3149
"C:/Users/Librake/AppData/Local/UnrealEngine/Common/DerivedDataCache/Buckets/GlobalShaderMap/46/f0/5296c3025422f8905540c65d39689b8b09f9.udd" 3150
"C:/Users/Librake/AppData/Local/UnrealEngine/Common/DerivedDataCache/Buckets/GlobalShaderMap/d9/f3/7a59390c57c0b9a8ae1c918b13871cde05fb.udd" 3151
"C:/Users/Librake/AppData/Local/UnrealEngine/Common/DerivedDataCache/Buckets/GlobalShaderMap/e7/aa/4c5d49e61914885e36ab3ce7b24435d692e3.udd" 3152
"C:/Users/Librake/AppData/Local/UnrealEngine/Common/DerivedDataCache/Buckets/GlobalShaderMap/12/3d/7cb88bf60d84ccc794694ea36feec7d75d6b.udd" 3153
"C:/Users/Librake/AppData/Local/UnrealEngine/Common/DerivedDataCache/Buckets/GlobalShaderMap/ce/52/58488a5e53db5f0a4943bad709e3b7e846f7.udd" 3154
"C:/Users/Librake/AppData/Local/UnrealEngine/Common/DerivedDataCache/Buckets/GlobalShaderMap/bc/d0/eebb4690cdad8899d07fba307400548f8f5f.udd" 3155
"C:/Users/Librake/AppData/Local/UnrealEngine/Common/DerivedDataCache/Buckets/GlobalShaderMap/75/74/d93170a18765004502639cd359b0ed2f4ea2.udd" 3156
"C:/Users/Librake/AppData/Local/UnrealEngine/Common/DerivedDataCache/Buckets/GlobalShaderMap/ae/6f/4254d2198b798dfd0205978f6c971fcbcfcb.udd" 3157
"C:/Users/Librake/AppData/Local/UnrealEngine/Common/DerivedDataCache/Buckets/GlobalShaderMap/b2/cc/e2850347c5b1db928d9089a51f26bcab9f90.udd" 3158
"C:/Users/Librake/AppData/Local/UnrealEngine/Common/DerivedDataCache/Buckets/GlobalShaderMap/5c/63/75c643306f811f6d230c5aad36e03e324a5f.udd" 3159
"C:/Users/Librake/AppData/Local/UnrealEngine/Common/DerivedDataCache/Buckets/GlobalShaderMap/42/f2/4dcf990cc384cef4006973ed8ed9fe0120ca.udd" 3160
"C:/Users/Librake/AppData/Local/UnrealEngine/Common/DerivedDataCache/Buckets/GlobalShaderMap/24/e9/7f0cef3b8d6dcd6086059c2fc1c9d7142972.udd" 3161
"C:/Users/Librake/AppData/Local/UnrealEngine/Common/DerivedDataCache/Buckets/GlobalShaderMap/09/49/3cd42a10f46705a9c4ad42ff2e703600757f.udd" 3162
"C:/Users/Librake/AppData/Local/UnrealEngine/Common/DerivedDataCache/Buckets/GlobalShaderMap/c9/37/1705f1e8ffe1a97e516f32b71255796a4658.udd" 3163
"C:/Users/Librake/AppData/Local/UnrealEngine/Common/DerivedDataCache/Buckets/GlobalShaderMap/e8/7c/9ca3178cfeb29d4958cee5bf461e9f018246.udd" 3164
"C:/Users/Librake/AppData/Local/UnrealEngine/Common/DerivedDataCache/Buckets/GlobalShaderMap/2c/98/33e8f28b5597469f5dd27766d4ea72c84656.udd" 3165
"C:/Users/Librake/AppData/Local/UnrealEngine/Common/DerivedDataCache/Buckets/GlobalShaderMap/26/c8/0eb9bd4d86f416bdc5550e264e83b2aa0d86.udd" 3166
"C:/Users/Librake/AppData/Local/UnrealEngine/Common/DerivedDataCache/Buckets/GlobalShaderMap/b6/4c/794a75d7d529d6d014591799cef84db273bb.udd" 3167
"C:/Users/Librake/AppData/Local/UnrealEngine/Common/DerivedDataCache/Buckets/GlobalShaderMap/10/a5/be9d4d3067b2471c9f9c30b56c9c04b37bdb.udd" 3168
"C:/Users/Librake/AppData/Local/UnrealEngine/Common/DerivedDataCache/Buckets/GlobalShaderMap/e0/7a/b0469c396a52f2662fae6607b04ca2526f1c.udd" 3169
"C:/Users/Librake/AppData/Local/UnrealEngine/Common/DerivedDataCache/Buckets/GlobalShaderMap/2f/28/1bc03ea9a6a94385a0cff25ddfbd255201a0.udd" 3170
"C:/Users/Librake/AppData/Local/UnrealEngine/Common/DerivedDataCache/Buckets/GlobalShaderMap/19/82/9bafb6862eace091188c42203148325564f5.udd" 3171
"C:/Users/Librake/AppData/Local/UnrealEngine/Common/DerivedDataCache/Buckets/GlobalShaderMap/67/c1/b0055f9e767b8d8568005276fcc1021feca2.udd" 3172
"C:/Users/Librake/AppData/Local/UnrealEngine/Common/DerivedDataCache/Buckets/GlobalShaderMap/96/5d/07418075ee3ad43f995d499202ac4723d390.udd" 3173
"C:/Users/Librake/AppData/Local/UnrealEngine/Common/DerivedDataCache/Buckets/GlobalShaderMap/1a/48/ff540e046ca95b31e792e3048d9309e6e880.udd" 3174
"C:/Users/Librake/AppData/Local/UnrealEngine/Common/DerivedDataCache/Buckets/GlobalShaderMap/ba/4b/e58a266b441288d82c8afa1d0f4a7d3c1c6f.udd" 3175
"C:/Users/Librake/AppData/Local/UnrealEngine/Common/DerivedDataCache/Buckets/GlobalShaderMap/a1/8d/1e86765dc95a95f600e99dabb553c311b71f.udd" 3176
"C:/Users/Librake/AppData/Local/UnrealEngine/Common/DerivedDataCache/Buckets/GlobalShaderMap/b8/f1/85f7005b6f6b7bbc8e8b360e2eb0b6e0b249.udd" 3177
"C:/Users/Librake/AppData/Local/UnrealEngine/Common/DerivedDataCache/Buckets/GlobalShaderMap/5b/dd/220e49a42c5a5ffd4a329377707bd879d8de.udd" 3178
"C:/Users/Librake/AppData/Local/UnrealEngine/Common/DerivedDataCache/Buckets/GlobalShaderMap/3b/cc/31ed61a145f3c74d484e40a0c220a1b125f5.udd" 3179
"C:/Users/Librake/AppData/Local/UnrealEngine/Common/DerivedDataCache/Buckets/GlobalShaderMap/60/d6/66d869a4241b7540a4f60d1c932fd8e469b5.udd" 3180
"C:/Users/Librake/AppData/Local/UnrealEngine/Common/DerivedDataCache/Buckets/GlobalShaderMap/da/26/e9c3886376acafd0639e9c71f1a84d0260d7.udd" 3181
"C:/Users/Librake/AppData/Local/UnrealEngine/Common/DerivedDataCache/Buckets/GlobalShaderMap/53/d6/106e29e7891730d44df08251bc22db895cca.udd" 3182
"C:/Users/Librake/AppData/Local/UnrealEngine/Common/DerivedDataCache/Buckets/GlobalShaderMap/d7/4b/d476829b66554d314bd921218cf7f29981d3.udd" 3183
"C:/Users/Librake/AppData/Local/UnrealEngine/Common/DerivedDataCache/Buckets/GlobalShaderMap/53/17/f98672cae8bc318bfd5555a2636bd470e7b7.udd" 3184
"C:/Users/Librake/AppData/Local/UnrealEngine/Common/DerivedDataCache/Buckets/GlobalShaderMap/f6/e3/1554702c76dc6a5d63b38c5d3b3cbab6f128.udd" 3185
"C:/Users/Librake/AppData/Local/UnrealEngine/Common/DerivedDataCache/Buckets/GlobalShaderMap/76/12/886fb426e832210d6086ae4eb1758408baf8.udd" 3186
"C:/Users/Librake/AppData/Local/UnrealEngine/Common/DerivedDataCache/Buckets/GlobalShaderMap/03/fd/4ac3c1a79426688bd87e40529dff882aa6cf.udd" 3187
"C:/Users/Librake/AppData/Local/UnrealEngine/Common/DerivedDataCache/Buckets/GlobalShaderMap/ee/5d/4669c5632b3058a7545d49b153bb00fd048e.udd" 3188
"C:/Users/Librake/AppData/Local/UnrealEngine/Common/DerivedDataCache/Buckets/GlobalShaderMap/be/2f/3fb9dd7f5cb4cb414c5cc37057bd111a22c4.udd" 3189
"C:/Users/Librake/AppData/Local/UnrealEngine/Common/DerivedDataCache/Buckets/GlobalShaderMap/a0/09/f4904d3bb7a431060c35efed2460b109ab65.udd" 3190
"C:/Users/Librake/AppData/Local/UnrealEngine/Common/DerivedDataCache/Buckets/GlobalShaderMap/6c/3c/5a3a6bc865fa9804a80bf37b68bbbfc08663.udd" 3191
"C:/Users/Librake/AppData/Local/UnrealEngine/Common/DerivedDataCache/Buckets/GlobalShaderMap/1f/c9/f3566ced28da4da1a9dfab8eb778157eb351.udd" 3192
"C:/Users/Librake/AppData/Local/UnrealEngine/Common/DerivedDataCache/Buckets/GlobalShaderMap/6c/5d/55ce0ce480ba4da721eb4a11a5c92ab763b0.udd" 3193
"C:/Users/Librake/AppData/Local/UnrealEngine/Common/DerivedDataCache/Buckets/GlobalShaderMap/3a/4a/98769d4aa67a7bfa6d0460d9650532c0b84b.udd" 3194
"C:/Users/Librake/AppData/Local/UnrealEngine/Common/DerivedDataCache/Buckets/GlobalShaderMap/1e/0c/6c56cefa3011363b2d1aacd395300cf95903.udd" 3195
"C:/Users/Librake/AppData/Local/UnrealEngine/Common/DerivedDataCache/Buckets/GlobalShaderMap/0a/fd/c8b0098cfee1234a28a6cb9d9e541b56ced2.udd" 3196
"C:/Users/Librake/AppData/Local/UnrealEngine/Common/DerivedDataCache/Buckets/GlobalShaderMap/25/99/eef6a236c60cb9306cf855c44ced5339b2bf.udd" 3197
"C:/Users/Librake/AppData/Local/UnrealEngine/Common/DerivedDataCache/Buckets/GlobalShaderMap/df/e5/a399e7666a280519d69be0ef1d7f55c6dff2.udd" 3198
"C:/Users/Librake/AppData/Local/UnrealEngine/Common/DerivedDataCache/Buckets/GlobalShaderMap/c9/41/75b475bd0d3e30ef5af89c4df33688d45320.udd" 3199
"C:/Users/Librake/AppData/Local/UnrealEngine/Common/DerivedDataCache/Buckets/GlobalShaderMap/de/02/317838505d1cbef000c19c5a491a4ce245b3.udd" 3200
"C:/Users/Librake/AppData/Local/UnrealEngine/Common/DerivedDataCache/Buckets/GlobalShaderMap/ca/65/013cedc07d386128b1fd95734269911bfa0a.udd" 3201
"C:/Users/Librake/AppData/Local/UnrealEngine/Common/DerivedDataCache/Buckets/GlobalShaderMap/30/f0/d6da302c1e01b37ff64ef41a03444c96394d.udd" 3202
"C:/Users/Librake/AppData/Local/UnrealEngine/Common/DerivedDataCache/Buckets/GlobalShaderMap/f3/35/2c29cb75e4b02c6fca0e6dafbf8c4183500e.udd" 3203
"C:/Users/Librake/AppData/Local/UnrealEngine/Common/DerivedDataCache/Buckets/GlobalShaderMap/96/96/2364e1c551f33085359be7dc337de35a9b96.udd" 3204
"C:/Users/Librake/AppData/Local/UnrealEngine/Common/DerivedDataCache/Buckets/GlobalShaderMap/4b/43/1801a401e2bc6b0959a73cf8bfd03ec2018f.udd" 3205
"C:/Users/Librake/AppData/Local/UnrealEngine/Common/DerivedDataCache/Buckets/GlobalShaderMap/5a/1e/8f0e42ff4221790588bafa8dfa3bef512264.udd" 3206
"C:/Users/Librake/AppData/Local/UnrealEngine/Common/DerivedDataCache/Buckets/GlobalShaderMap/bc/2c/ab8c6c710040fc5cfe10ccf1ca975ea6c4e1.udd" 3207
"C:/Users/Librake/AppData/Local/UnrealEngine/Common/DerivedDataCache/Content/ab/77/2d995b0baa7726ed15ab90260573f9885a40.udd" 3208
"C:/Users/Librake/AppData/Local/UnrealEngine/Common/DerivedDataCache/Buckets/GlobalShaderMap/c9/89/86669ab725072361b6b56149a9db5c3a850f.udd" 3209
"C:/Users/Librake/AppData/Local/UnrealEngine/Common/DerivedDataCache/Buckets/GlobalShaderMap/e6/f4/2fd1cd5afc24535a1ee16233220ebb66fc41.udd" 3210
"C:/Users/Librake/AppData/Local/UnrealEngine/Common/DerivedDataCache/Buckets/GlobalShaderMap/f9/8e/2057cde120e2943f1e51e13175d7c4e1c642.udd" 3211
"C:/Users/Librake/AppData/Local/UnrealEngine/Common/DerivedDataCache/Buckets/GlobalShaderMap/9a/41/a9bc46d340c2464705ec4580d39fbd83cb7e.udd" 3212
"C:/Users/Librake/AppData/Local/UnrealEngine/Common/DerivedDataCache/Buckets/GlobalShaderMap/c2/d4/7c3802a4c13c5fce65168bb94ea447dff284.udd" 3213
"C:/Users/Librake/AppData/Local/UnrealEngine/Common/DerivedDataCache/Buckets/GlobalShaderMap/26/27/efaa5690b4c059bde39eb25def73954bc74d.udd" 3214
"C:/Users/Librake/AppData/Local/UnrealEngine/Common/DerivedDataCache/Buckets/GlobalShaderMap/c0/6b/a6514d024f7a64e0105ce2d26f883467ec39.udd" 3215
"C:/Users/Librake/AppData/Local/UnrealEngine/Common/DerivedDataCache/Buckets/GlobalShaderMap/ff/41/d08e799a7ff9e03ea3f65947898f863b3264.udd" 3216
"C:/Users/Librake/AppData/Local/UnrealEngine/Common/DerivedDataCache/Buckets/GlobalShaderMap/e3/99/24baefff92d3df1fac3a4594e3e85c6fb791.udd" 3217
"C:/Users/Librake/AppData/Local/UnrealEngine/Common/DerivedDataCache/Buckets/GlobalShaderMap/4b/65/5ae74d5ca176dadb05b9005d4db4081a9095.udd" 3218
"C:/Users/Librake/AppData/Local/UnrealEngine/Common/DerivedDataCache/Buckets/GlobalShaderMap/25/9d/2677dcc47aaef11288e1655a0d6a39d1bb29.udd" 3219
"C:/Users/Librake/AppData/Local/UnrealEngine/Common/DerivedDataCache/Buckets/GlobalShaderMap/24/a8/3007ffc8c1ed7c23ee47c881c9dbfd915d42.udd" 3220
"C:/Users/Librake/AppData/Local/UnrealEngine/Common/DerivedDataCache/Buckets/GlobalShaderMap/22/07/e0f6fbc0fadce291f0c695351efbf8568e0e.udd" 3221
"C:/Users/Librake/AppData/Local/UnrealEngine/Common/DerivedDataCache/Buckets/GlobalShaderMap/d8/bb/056fa1f9a11d6fc47eceb443f5447cc7fe32.udd" 3222
"C:/Users/Librake/AppData/Local/UnrealEngine/Common/DerivedDataCache/Buckets/GlobalShaderMap/28/67/aa0da1eac4734f2958ad788ab8771637bea4.udd" 3223
"C:/Users/Librake/AppData/Local/UnrealEngine/Common/DerivedDataCache/Buckets/GlobalShaderMap/c0/ff/f1b2cdaadd18de7903d3900c1526231f375a.udd" 3224
"C:/Users/Librake/AppData/Local/UnrealEngine/Common/DerivedDataCache/Buckets/GlobalShaderMap/69/a5/9ff0c9bc61ca0f96c357a08473ebf10f012b.udd" 3225
"C:/Users/Librake/AppData/Local/UnrealEngine/Common/DerivedDataCache/Buckets/GlobalShaderMap/c7/47/c0b0e5e11d9dc11473aa35fb614a8990b1e9.udd" 3226
"C:/Users/Librake/AppData/Local/UnrealEngine/Common/DerivedDataCache/Buckets/GlobalShaderMap/33/be/e6e3a9161b01ea4f37fd0643edf43209fae4.udd" 3227
"C:/Users/Librake/AppData/Local/UnrealEngine/Common/DerivedDataCache/Buckets/GlobalShaderMap/66/d8/a18b9d2d3d64d25eeea5be3a33b52b76fc2a.udd" 3228
"C:/Users/Librake/AppData/Local/UnrealEngine/Common/DerivedDataCache/Buckets/GlobalShaderMap/16/46/4a5ccdff192d028b7ccb6996c01bda6226c8.udd" 3229
"C:/Users/Librake/AppData/Local/UnrealEngine/Common/DerivedDataCache/Buckets/GlobalShaderMap/f2/d4/999c9cfe6b8b789ae29fb6c5283a02b334eb.udd" 3230
"C:/Users/Librake/AppData/Local/UnrealEngine/Common/DerivedDataCache/Buckets/GlobalShaderMap/ad/e9/f5b1f1066eed74a86ae7e306623114c9f0ae.udd" 3231
"C:/Users/Librake/AppData/Local/UnrealEngine/Common/DerivedDataCache/Buckets/GlobalShaderMap/2b/c3/fbea53a97e12d3c340edb859515846a6221d.udd" 3232
"C:/Users/Librake/AppData/Local/UnrealEngine/Common/DerivedDataCache/Buckets/GlobalShaderMap/04/1b/1cdf950c4b2fcfc825fb5236cc2cf2daa32e.udd" 3233
"C:/Users/Librake/AppData/Local/UnrealEngine/Common/DerivedDataCache/Buckets/GlobalShaderMap/97/f2/df72e1ca6b456b25890822192ff861dd0ea8.udd" 3234
"C:/Users/Librake/AppData/Local/UnrealEngine/Common/DerivedDataCache/Buckets/GlobalShaderMap/a3/b8/e1ad2450c28690bc96f3c46d81a06073cc0c.udd" 3235
"C:/Users/Librake/AppData/Local/UnrealEngine/Common/DerivedDataCache/Buckets/GlobalShaderMap/98/6f/bb9fd01f9858fbce1bd0e16dde3253c7c520.udd" 3236
"C:/Users/Librake/AppData/Local/UnrealEngine/Common/DerivedDataCache/Buckets/GlobalShaderMap/86/0c/9ab07efd3272ccaeda3391d7191ddcc3bfc0.udd" 3237
"C:/Users/Librake/AppData/Local/UnrealEngine/Common/DerivedDataCache/Buckets/GlobalShaderMap/67/3d/96886a66b7a492ed4b89ce69800b61f68c0f.udd" 3238
"C:/Users/Librake/AppData/Local/UnrealEngine/Common/DerivedDataCache/Buckets/GlobalShaderMap/4f/0e/b309ca0170ad344516ec586966b56c85d165.udd" 3239
"C:/Users/Librake/AppData/Local/UnrealEngine/Common/DerivedDataCache/Buckets/GlobalShaderMap/b4/00/dfe7447dd2bf25e6bfe9ab58f60caa281fd0.udd" 3240
"C:/Users/Librake/AppData/Local/UnrealEngine/Common/DerivedDataCache/Buckets/GlobalShaderMap/37/03/c67d912dd0496cabe0f8bc8eb01beb1b9ac0.udd" 3241
"C:/Users/Librake/AppData/Local/UnrealEngine/Common/DerivedDataCache/Buckets/GlobalShaderMap/fd/35/3137dd95eb9187a0a6c18dcd9fe65488339d.udd" 3242
"C:/Users/Librake/AppData/Local/UnrealEngine/Common/DerivedDataCache/Buckets/GlobalShaderMap/b1/05/8c0d8af9872c7dba5119bfa7ba8ff7dd9b8e.udd" 3243
"C:/Users/Librake/AppData/Local/UnrealEngine/Common/DerivedDataCache/Buckets/GlobalShaderMap/6c/87/58ae259537d0de36ae815bf19e5c09b25807.udd" 3244
"C:/Users/Librake/AppData/Local/UnrealEngine/Common/DerivedDataCache/Buckets/GlobalShaderMap/12/65/85affbc3b036d8a9876f7d6c708346aae3ca.udd" 3245
"C:/Users/Librake/AppData/Local/UnrealEngine/Common/DerivedDataCache/Buckets/GlobalShaderMap/f2/45/bbe77895c85f7de5ae4a10f8f12ee1bcfcf9.udd" 3246
"C:/Users/Librake/AppData/Local/UnrealEngine/Common/DerivedDataCache/Buckets/GlobalShaderMap/10/85/710782f5628107673a6ac86bbd004972fb17.udd" 3247
"C:/Users/Librake/AppData/Local/UnrealEngine/Common/DerivedDataCache/Buckets/GlobalShaderMap/7f/f1/5ed51212d30f1bde1d5fc33004ccaffcf1c8.udd" 3248
"C:/Users/Librake/AppData/Local/UnrealEngine/Common/DerivedDataCache/Buckets/GlobalShaderMap/7a/c1/78285db789204c08b0b27311c9f1d321f27b.udd" 3249
"C:/Users/Librake/AppData/Local/UnrealEngine/Common/DerivedDataCache/Buckets/GlobalShaderMap/18/94/eb9d0e26368d1b92b4808c7a11d8a0eed08f.udd" 3250
"C:/Users/Librake/AppData/Local/UnrealEngine/Common/DerivedDataCache/Buckets/GlobalShaderMap/0d/31/ba0d3a4e4fcf32c2b58245e4a8071fe0207c.udd" 3251
"C:/Users/Librake/AppData/Local/UnrealEngine/Common/DerivedDataCache/Buckets/GlobalShaderMap/04/17/97e2dde73f32cd6f6b9601763c33a438e82f.udd" 3252
"C:/Users/Librake/AppData/Local/UnrealEngine/Common/DerivedDataCache/Buckets/GlobalShaderMap/fd/7e/c0a9cabf52c7b6e55e831a809b246f3486ed.udd" 3253
"C:/Users/Librake/AppData/Local/UnrealEngine/Common/DerivedDataCache/Buckets/GlobalShaderMap/85/9f/367f793228318bb2fdff2383adf8eb21a23b.udd" 3254
"C:/Users/Librake/AppData/Local/UnrealEngine/Common/DerivedDataCache/Buckets/GlobalShaderMap/d1/ad/02c9b13724496cb527ed317418414d533171.udd" 3255
"C:/Users/Librake/AppData/Local/UnrealEngine/Common/DerivedDataCache/Buckets/GlobalShaderMap/46/f7/a6b5a94ff8947436870e7292ddfdfa6a8093.udd" 3256
"C:/Users/Librake/AppData/Local/UnrealEngine/Common/DerivedDataCache/Buckets/GlobalShaderMap/f8/20/9825bd98b39278afd0cd9f8f1683073eb69a.udd" 3257
"C:/Users/Librake/AppData/Local/UnrealEngine/Common/DerivedDataCache/Buckets/GlobalShaderMap/18/14/6702b637209c1a12b24cceded5d7e5f60e1d.udd" 3258
"C:/Users/Librake/AppData/Local/UnrealEngine/Common/DerivedDataCache/Buckets/GlobalShaderMap/c3/22/80df58ea7432ef6df0e2a8b81296acede371.udd" 3259
"C:/Users/Librake/AppData/Local/UnrealEngine/Common/DerivedDataCache/Buckets/GlobalShaderMap/1d/a8/f6d2182f6a5f6a8e491805dad354cd8cc36f.udd" 3260
"C:/Users/Librake/AppData/Local/UnrealEngine/Common/DerivedDataCache/Buckets/GlobalShaderMap/9e/c2/b586e0ef93832a4842da6df7e4e4f3830219.udd" 3261
"C:/Users/Librake/AppData/Local/UnrealEngine/Common/DerivedDataCache/Buckets/GlobalShaderMap/d6/a5/2a03e3e8c7e718bf7da0d441a4c61f6d9a30.udd" 3262
"C:/Users/Librake/AppData/Local/UnrealEngine/Common/DerivedDataCache/Buckets/GlobalShaderMap/0c/12/cb6a78f89ea0c7a2a932f067886646ef8363.udd" 3263
"C:/Users/Librake/AppData/Local/UnrealEngine/Common/DerivedDataCache/Buckets/GlobalShaderMap/84/28/a4e51493739c48572d11f39d8738b23a00d1.udd" 3264
"C:/Users/Librake/AppData/Local/UnrealEngine/Common/DerivedDataCache/Buckets/GlobalShaderMap/7a/26/967ae6f40f7077f701b34da0d2cc83658233.udd" 3265
"C:/Users/Librake/AppData/Local/UnrealEngine/Common/DerivedDataCache/Buckets/GlobalShaderMap/6a/cf/b4270d22a79f285afa4ca8627a0928224bf9.udd" 3266
"C:/Users/Librake/AppData/Local/UnrealEngine/Common/DerivedDataCache/Buckets/GlobalShaderMap/e9/fe/8551e9331d46fb0b49e8ee54ff5fdec121df.udd" 3267
"C:/Users/Librake/AppData/Local/UnrealEngine/Common/DerivedDataCache/Buckets/GlobalShaderMap/bc/85/1f6a83350d5db17970c8aefc126203840c24.udd" 3268
"C:/Users/Librake/AppData/Local/UnrealEngine/Common/DerivedDataCache/Buckets/GlobalShaderMap/3c/2a/a3702052a6a0b8001cd8ffe2210e194d66e3.udd" 3269
"C:/Users/Librake/AppData/Local/UnrealEngine/Common/DerivedDataCache/Buckets/GlobalShaderMap/2b/9b/49621bc6203c66052e5d344f01fec948ffc5.udd" 3270
"C:/Users/Librake/AppData/Local/UnrealEngine/Common/DerivedDataCache/Buckets/GlobalShaderMap/aa/1e/3b2ce0a93a23350eebdf40873dfe7fab7432.udd" 3271
"C:/Users/Librake/AppData/Local/UnrealEngine/Common/DerivedDataCache/Buckets/GlobalShaderMap/0a/8c/f3ade264eaeb4e84a806c3765c721176f17b.udd" 3272
"C:/Users/Librake/AppData/Local/UnrealEngine/Common/DerivedDataCache/Buckets/GlobalShaderMap/b5/b8/0b3c3e21f703c2b22909b37ca136e79bfddb.udd" 3273
"C:/Users/Librake/AppData/Local/UnrealEngine/Common/DerivedDataCache/Buckets/GlobalShaderMap/84/51/615a710f0cc99be6eb69b32309a0d7c36f40.udd" 3274
"C:/Users/Librake/AppData/Local/UnrealEngine/Common/DerivedDataCache/Buckets/GlobalShaderMap/3d/58/01a47967e7d12732281b77a63907b8bb581c.udd" 3275
"C:/Users/Librake/AppData/Local/UnrealEngine/Common/DerivedDataCache/Buckets/GlobalShaderMap/0a/c6/053a031e56fd82a253c86be7f6d9c7aac9ff.udd" 3276
"C:/Users/Librake/AppData/Local/UnrealEngine/Common/DerivedDataCache/Buckets/GlobalShaderMap/59/fa/a8242ba0a8190b1072ad46bda92634ca81c5.udd" 3277
"C:/Users/Librake/AppData/Local/UnrealEngine/Common/DerivedDataCache/Buckets/GlobalShaderMap/d9/89/3d1f2437d8a486c9961b4da1aabdd2a17898.udd" 3278
"C:/Users/Librake/AppData/Local/UnrealEngine/Common/DerivedDataCache/Buckets/GlobalShaderMap/8a/02/fd5b27272fb1cf909a9f28e961c34cb6acc5.udd" 3279
"C:/Users/Librake/AppData/Local/UnrealEngine/Common/DerivedDataCache/Buckets/GlobalShaderMap/08/8b/07575e3380865b1f317a1d92eb526c29fa72.udd" 3280
"C:/Users/Librake/AppData/Local/UnrealEngine/Common/DerivedDataCache/Buckets/GlobalShaderMap/a0/99/8096b14dcb1e4cdf5761ae29e3ee7127bc40.udd" 3281
"C:/Users/Librake/AppData/Local/UnrealEngine/Common/DerivedDataCache/Buckets/GlobalShaderMap/a6/61/53ffeab5aca8822c816317ca7374c1248e54.udd" 3282
"C:/Users/Librake/AppData/Local/UnrealEngine/Common/DerivedDataCache/Buckets/GlobalShaderMap/93/5c/69c49d34822567ecee208edd71a6bb9f0bae.udd" 3283
"C:/Users/Librake/AppData/Local/UnrealEngine/Common/DerivedDataCache/Buckets/GlobalShaderMap/c0/69/eef5d78e907be145bc497e31de5eb9b97ac3.udd" 3284
"C:/Users/Librake/AppData/Local/UnrealEngine/Common/DerivedDataCache/Buckets/GlobalShaderMap/39/0c/37ec405d5c340e1b4e37b4ba9780351a9280.udd" 3285
"C:/Users/Librake/AppData/Local/UnrealEngine/Common/DerivedDataCache/Buckets/GlobalShaderMap/33/ec/9f0519f8b666e0e9c6c102faac06dcb3994d.udd" 3286
"C:/Users/Librake/AppData/Local/UnrealEngine/Common/DerivedDataCache/Buckets/GlobalShaderMap/6f/e2/1785f192ac1cdf86fab509b972a16320ad48.udd" 3287
"C:/Users/Librake/AppData/Local/UnrealEngine/Common/DerivedDataCache/Buckets/GlobalShaderMap/fb/f3/b4613d0fb86d18a1803a99d4e1abdfb4baae.udd" 3288
"C:/Users/Librake/AppData/Local/UnrealEngine/Common/DerivedDataCache/Buckets/GlobalShaderMap/f9/c3/4b90ddf16dbaeacf40eaf66a17b584453af5.udd" 3289
"C:/Users/Librake/AppData/Local/UnrealEngine/Common/DerivedDataCache/Buckets/GlobalShaderMap/80/c6/2179656572e80b5c971f2998f85c313f1259.udd" 3290
"C:/Users/Librake/AppData/Local/UnrealEngine/Common/DerivedDataCache/Buckets/GlobalShaderMap/fc/f6/b6bcc47f17433ae52e8e7bd98e646d8c8eb7.udd" 3291
"C:/Users/Librake/AppData/Local/UnrealEngine/Common/DerivedDataCache/Buckets/GlobalShaderMap/bf/c3/c65863aa5eb8401c42f1753c387929c58552.udd" 3292
"C:/Users/Librake/AppData/Local/UnrealEngine/Common/DerivedDataCache/Buckets/GlobalShaderMap/e2/f2/b953a37cfeacb5d0dba492024d7d58ef37fe.udd" 3293
"C:/Users/Librake/AppData/Local/UnrealEngine/Common/DerivedDataCache/Buckets/GlobalShaderMap/db/50/00129976155beebd400eaa2b0e563cca8ac9.udd" 3294
"C:/Users/Librake/AppData/Local/UnrealEngine/Common/DerivedDataCache/Buckets/GlobalShaderMap/58/1c/87f7f8d1ac86a53cf9a685f502a5df158eaa.udd" 3295
"C:/Users/Librake/AppData/Local/UnrealEngine/Common/DerivedDataCache/Buckets/GlobalShaderMap/32/6e/84613d3bcb0e56268c12935909778b3f4e9c.udd" 3296
"C:/Users/Librake/AppData/Local/UnrealEngine/Common/DerivedDataCache/Buckets/GlobalShaderMap/6f/e8/6fa7945402eb7a3b3cc2233eeb1b1acd954a.udd" 3297
"C:/Users/Librake/AppData/Local/UnrealEngine/Common/DerivedDataCache/Buckets/GlobalShaderMap/a4/c0/f4404d0afe681927806e29cd9094d35e717c.udd" 3298
"C:/Users/Librake/AppData/Local/UnrealEngine/Common/DerivedDataCache/Buckets/GlobalShaderMap/50/47/2c2109a180d6b74396932978c01de001ee7b.udd" 3299
"C:/Users/Librake/AppData/Local/UnrealEngine/Common/DerivedDataCache/Buckets/GlobalShaderMap/a5/48/be0eef16b177882bee3cc1b9941d904e132a.udd" 3300
"C:/Users/Librake/AppData/Local/UnrealEngine/Common/DerivedDataCache/Buckets/GlobalShaderMap/89/c3/51dd4b8861e7d225de7f730f3c2c348d10ea.udd" 3301
"C:/Users/Librake/AppData/Local/UnrealEngine/Common/DerivedDataCache/Buckets/GlobalShaderMap/e9/f6/8222f9fa98b6949040b13cb77ca7430f37a6.udd" 3302
"C:/Users/Librake/AppData/Local/UnrealEngine/Common/DerivedDataCache/Buckets/GlobalShaderMap/78/be/c18384bb96e2b75b0a6617591070231bc06f.udd" 3303
"C:/Users/Librake/AppData/Local/UnrealEngine/Common/DerivedDataCache/Buckets/GlobalShaderMap/68/44/1d331bff0878677e03746e02d4d21191d16a.udd" 3304
"C:/Users/Librake/AppData/Local/UnrealEngine/Common/DerivedDataCache/Buckets/GlobalShaderMap/e3/b1/7b0bb9173348ab4a46837fba8e947be516c4.udd" 3305
"C:/Users/Librake/AppData/Local/UnrealEngine/Common/DerivedDataCache/Buckets/GlobalShaderMap/43/f9/e3b3d6711ae2f520c803b786b03103214190.udd" 3306
"C:/Users/Librake/AppData/Local/UnrealEngine/Common/DerivedDataCache/Buckets/GlobalShaderMap/90/e6/86e7a8c1cc71fc00db728bc862b286325256.udd" 3307
"C:/Users/Librake/AppData/Local/UnrealEngine/Common/DerivedDataCache/Buckets/GlobalShaderMap/6a/55/2a810dd899e92d8b6742430b52039daa1921.udd" 3308
"C:/Users/Librake/AppData/Local/UnrealEngine/Common/DerivedDataCache/Buckets/GlobalShaderMap/07/8f/a5594410d9e8cc809eedcf741965ca277e75.udd" 3309
"C:/Users/Librake/AppData/Local/UnrealEngine/Common/DerivedDataCache/Buckets/GlobalShaderMap/e5/78/8bdd769f329fae95ce54038a728559fe22c2.udd" 3310
"C:/Users/Librake/AppData/Local/UnrealEngine/Common/DerivedDataCache/Buckets/GlobalShaderMap/f8/be/098e92271335d3f8c91aacaadb8f50ce71a1.udd" 3311
"C:/Users/Librake/AppData/Local/UnrealEngine/Common/DerivedDataCache/Buckets/GlobalShaderMap/13/ee/7f08887e1bfe89aecc79d509191d07ec2850.udd" 3312
"C:/Users/Librake/AppData/Local/UnrealEngine/Common/DerivedDataCache/Buckets/GlobalShaderMap/1e/01/1ac692134d4b9840cdf3031f87fa3138bbd8.udd" 3313
"C:/Users/Librake/AppData/Local/UnrealEngine/Common/DerivedDataCache/Buckets/GlobalShaderMap/d4/32/dc4d73cb447f77d30beb4034357fb6728d65.udd" 3314
"C:/Users/Librake/AppData/Local/UnrealEngine/Common/DerivedDataCache/Buckets/GlobalShaderMap/92/45/c2f0cf497cda75890da63b1140a25e9d7b2d.udd" 3315
"C:/Users/Librake/AppData/Local/UnrealEngine/Common/DerivedDataCache/Buckets/GlobalShaderMap/9a/86/59287d77c67c6c436288fb281f44eac63c37.udd" 3316
"C:/Users/Librake/AppData/Local/UnrealEngine/Common/DerivedDataCache/Buckets/GlobalShaderMap/43/fb/5097e7c74eebf2f60012663a21acecb289f5.udd" 3317
"C:/Users/Librake/AppData/Local/UnrealEngine/Common/DerivedDataCache/Buckets/GlobalShaderMap/74/93/c9f8421bb3ddc123c1ced64efe718f8a5030.udd" 3318
"C:/Users/Librake/AppData/Local/UnrealEngine/Common/DerivedDataCache/Buckets/GlobalShaderMap/66/c9/d16ed66af9c107068f128e0367744af24922.udd" 3319
"C:/Users/Librake/AppData/Local/UnrealEngine/Common/DerivedDataCache/Buckets/GlobalShaderMap/58/9a/8bc793f639ddcdfc40e269c3be1c06cc6511.udd" 3320
"C:/Users/Librake/AppData/Local/UnrealEngine/Common/DerivedDataCache/Buckets/GlobalShaderMap/f6/07/5ef07b9adfae8d9e831800acc3989fba3e78.udd" 3321
"C:/Users/Librake/AppData/Local/UnrealEngine/Common/DerivedDataCache/Buckets/GlobalShaderMap/8c/7b/d1f54d7b09fe94b3f624c0befd420245032c.udd" 3322
"C:/Users/Librake/AppData/Local/UnrealEngine/Common/DerivedDataCache/Buckets/GlobalShaderMap/af/b2/055f8e2005b9b2b88d5abf097799f626c899.udd" 3323
"C:/Users/Librake/AppData/Local/UnrealEngine/Common/DerivedDataCache/Buckets/GlobalShaderMap/6d/64/4588cf0732e7eb11f1ef68f8883c20d98840.udd" 3324
"C:/Users/Librake/AppData/Local/UnrealEngine/Common/DerivedDataCache/Buckets/GlobalShaderMap/d1/38/23999342da020592178003b56a49801ce9b0.udd" 3325
"C:/Users/Librake/AppData/Local/UnrealEngine/Common/DerivedDataCache/Buckets/GlobalShaderMap/1a/cd/8849a60ce16fa521ac145cafa773828c4b2b.udd" 3326
"C:/Users/Librake/AppData/Local/UnrealEngine/Common/DerivedDataCache/Buckets/GlobalShaderMap/af/3f/12f5f1d9214b8a943117ddd1be3bf19a5492.udd" 3327
"C:/Users/Librake/AppData/Local/UnrealEngine/Common/DerivedDataCache/Buckets/GlobalShaderMap/c9/8d/3edd2c79f3a75adf98f6438cc7d6e4cfb028.udd" 3328
"C:/Users/Librake/AppData/Local/UnrealEngine/Common/DerivedDataCache/Buckets/GlobalShaderMap/b6/b9/f65d829475ddde8fe4d8cecbb84d3c737f6a.udd" 3329
"C:/Users/Librake/AppData/Local/UnrealEngine/Common/DerivedDataCache/Buckets/GlobalShaderMap/be/ec/e972ecf8ab055eb1c69d3d8df2b24a0f8f2e.udd" 3330
"C:/Users/Librake/AppData/Local/UnrealEngine/Common/DerivedDataCache/Buckets/GlobalShaderMap/61/de/2a51365600c74c0ba2dcae5776e2f51ee603.udd" 3331
"C:/Users/Librake/AppData/Local/UnrealEngine/Common/DerivedDataCache/Buckets/GlobalShaderMap/e1/73/f8aacd302dfc2b80e70fe5ee7d3ae328b935.udd" 3332
"C:/Users/Librake/AppData/Local/UnrealEngine/Common/DerivedDataCache/Buckets/GlobalShaderMap/6e/97/4b9354626824a3803ff5e0c17fec19757036.udd" 3333
"C:/Users/Librake/AppData/Local/UnrealEngine/Common/DerivedDataCache/Buckets/GlobalShaderMap/34/7f/598a4c1e5d130564b3cf3d2ff2ba31f0144c.udd" 3334
"C:/Users/Librake/AppData/Local/UnrealEngine/Common/DerivedDataCache/Buckets/GlobalShaderMap/44/50/a54f19fb3233e9ec4f1483ea9cf428bed2d3.udd" 3335
"C:/Users/Librake/AppData/Local/UnrealEngine/Common/DerivedDataCache/Buckets/GlobalShaderMap/f6/ff/fc961dc4931a07f338b10fb3572bff6c595d.udd" 3336
"C:/Users/Librake/AppData/Local/UnrealEngine/Common/DerivedDataCache/Buckets/GlobalShaderMap/70/d3/4361947e8570e79037fbceac03445633a15f.udd" 3337
"C:/Users/Librake/AppData/Local/UnrealEngine/Common/DerivedDataCache/Buckets/GlobalShaderMap/15/cd/46c7b446479f0b392f76fdb7d02bccf7621b.udd" 3338
"C:/Users/Librake/AppData/Local/UnrealEngine/Common/DerivedDataCache/Buckets/GlobalShaderMap/d3/d9/9048ed026e29614f92e6c56a51e5fac269c6.udd" 3339
"C:/Users/Librake/AppData/Local/UnrealEngine/Common/DerivedDataCache/Buckets/GlobalShaderMap/68/0b/5c540bbbb5212a30fee88fb2b3954d251df2.udd" 3340
"C:/Users/Librake/AppData/Local/UnrealEngine/Common/DerivedDataCache/Buckets/GlobalShaderMap/a0/28/118d36dec6310c68feba62cfa7e1d3d75333.udd" 3341
"C:/Users/Librake/AppData/Local/UnrealEngine/Common/DerivedDataCache/Buckets/GlobalShaderMap/34/54/074c9481e435694c4389c9837a85fa6d5a1b.udd" 3342
"C:/Users/Librake/AppData/Local/UnrealEngine/Common/DerivedDataCache/Buckets/GlobalShaderMap/ef/a0/d3a2d79e6c0ba0d79f4df19eb491f955d7e0.udd" 3343
"C:/Users/Librake/AppData/Local/UnrealEngine/Common/DerivedDataCache/Buckets/GlobalShaderMap/a3/0e/2ca719a6ad46d2f9869521afe2674916b81c.udd" 3344
"C:/Users/Librake/AppData/Local/UnrealEngine/Common/DerivedDataCache/Buckets/GlobalShaderMap/9c/d3/dc9ad68441ff2b6cc380c7b6b3d864591740.udd" 3345
"C:/Users/Librake/AppData/Local/UnrealEngine/Common/DerivedDataCache/Buckets/GlobalShaderMap/3c/7f/61818b3b2cd61268954df1152da005d6f36c.udd" 3346
"C:/Users/Librake/AppData/Local/UnrealEngine/Common/DerivedDataCache/Buckets/GlobalShaderMap/52/96/1ab4e8216dee0bfed969719b12a0a9bfec9f.udd" 3347
"C:/Users/Librake/AppData/Local/UnrealEngine/Common/DerivedDataCache/Buckets/GlobalShaderMap/80/7f/2aa0f8513c5801bb3a9e4ce9b2789e698ea1.udd" 3348
"C:/Users/Librake/AppData/Local/UnrealEngine/Common/DerivedDataCache/Buckets/GlobalShaderMap/3a/82/1a65cdff437df03bf3362e54db1c76b382d4.udd" 3349
"C:/Users/Librake/AppData/Local/UnrealEngine/Common/DerivedDataCache/Buckets/GlobalShaderMap/1d/3f/64aa6f5b1920b79f0eb1b914d5a1f42a767c.udd" 3350
"C:/Users/Librake/AppData/Local/UnrealEngine/Common/DerivedDataCache/Buckets/GlobalShaderMap/1a/56/0045cadf86e94de46c4a3507b5f046b44493.udd" 3351
"C:/Users/Librake/AppData/Local/UnrealEngine/Common/DerivedDataCache/Buckets/GlobalShaderMap/36/a1/4df72157deeb67734deba21338aca237cf70.udd" 3352
"C:/Users/Librake/AppData/Local/UnrealEngine/Common/DerivedDataCache/Buckets/GlobalShaderMap/2d/39/aa285721f899cf1e42786f4b9bb274196284.udd" 3353
"C:/Users/Librake/AppData/Local/UnrealEngine/Common/DerivedDataCache/Buckets/GlobalShaderMap/01/fb/a11b37d1d52fa70a516239100b7a387a3607.udd" 3354
"C:/Users/Librake/AppData/Local/UnrealEngine/Common/DerivedDataCache/Buckets/GlobalShaderMap/ff/9c/f1b19f98e63d12305f86820803e7ad9b5f2c.udd" 3355
"C:/Users/Librake/AppData/Local/UnrealEngine/Common/DerivedDataCache/Buckets/GlobalShaderMap/8c/b9/f24ef2201fe1c946cc85ae9b6749479656ac.udd" 3356
"C:/Users/Librake/AppData/Local/UnrealEngine/Common/DerivedDataCache/Buckets/GlobalShaderMap/d0/4d/e558de4390bd12e848911f3045fb5fae51be.udd" 3357
"C:/Users/Librake/AppData/Local/UnrealEngine/Common/DerivedDataCache/Buckets/GlobalShaderMap/9b/14/a972d5030da314958d45f3e35f9daa58e55c.udd" 3358
"C:/Users/Librake/AppData/Local/UnrealEngine/Common/DerivedDataCache/Buckets/GlobalShaderMap/fa/11/6d68172c8faee85f879fc15bd1f0f43fe471.udd" 3359
"C:/Users/Librake/AppData/Local/UnrealEngine/Common/DerivedDataCache/Buckets/GlobalShaderMap/e5/6f/59e1b0311a97b46f05fd284f30a2cec21375.udd" 3360
"C:/Users/Librake/AppData/Local/UnrealEngine/Common/DerivedDataCache/Buckets/GlobalShaderMap/3d/3b/b57d4acc28221053a3c2114bf01068ad84ec.udd" 3361
"C:/Users/Librake/AppData/Local/UnrealEngine/Common/DerivedDataCache/Buckets/GlobalShaderMap/14/b8/939bdbf0cb95121259323688760d8937409d.udd" 3362
"C:/Users/Librake/AppData/Local/UnrealEngine/Common/DerivedDataCache/Buckets/GlobalShaderMap/46/31/763fd037a2827081f21f260c30b1b4c6db48.udd" 3363
"C:/Users/Librake/AppData/Local/UnrealEngine/Common/DerivedDataCache/Buckets/GlobalShaderMap/dc/72/3d0044e9720a03da74b1c450a725f54e8ceb.udd" 3364
"C:/Users/Librake/AppData/Local/UnrealEngine/Common/DerivedDataCache/Buckets/GlobalShaderMap/f0/c9/c7a2a86604754d47e3d115eff3bb2627394f.udd" 3365
"C:/Users/Librake/AppData/Local/UnrealEngine/Common/DerivedDataCache/Buckets/GlobalShaderMap/f1/c1/80e3deef6e9519a65f091a9537442945a2ce.udd" 3366
"C:/Users/Librake/AppData/Local/UnrealEngine/Common/DerivedDataCache/Buckets/GlobalShaderMap/51/88/fbe2956b8d0a16038dd350ebe8251139e834.udd" 3367
"C:/Users/Librake/AppData/Local/UnrealEngine/Common/DerivedDataCache/Buckets/GlobalShaderMap/60/e9/1297f53fc9d90d9aeeaff9e7b7a5c53a0baa.udd" 3368
"C:/Users/Librake/AppData/Local/UnrealEngine/Common/DerivedDataCache/Buckets/GlobalShaderMap/64/cd/8390638ed60aebcc6e15a8c8b6bede617ed2.udd" 3369
"C:/Users/Librake/AppData/Local/UnrealEngine/Common/DerivedDataCache/Buckets/GlobalShaderMap/1c/3a/45a612b7f14892493a53661cc209dd698c6f.udd" 3370
"C:/Users/Librake/AppData/Local/UnrealEngine/Common/DerivedDataCache/Buckets/GlobalShaderMap/5b/68/4f446ec662d3c11d276eedf7ee699406b387.udd" 3371
"C:/Users/Librake/AppData/Local/UnrealEngine/Common/DerivedDataCache/Buckets/GlobalShaderMap/de/94/6743a8c6ee3ea565cb52fa1de4421ca01787.udd" 3372
"C:/Users/Librake/AppData/Local/UnrealEngine/Common/DerivedDataCache/Buckets/GlobalShaderMap/ce/d3/314da4b1925b0be32d8c2f4dcc715b7ca0c2.udd" 3373
"C:/Users/Librake/AppData/Local/UnrealEngine/Common/DerivedDataCache/Buckets/GlobalShaderMap/c9/17/b5f7c4c768f249889ddb695c42f3d4f80d35.udd" 3374
"C:/Users/Librake/AppData/Local/UnrealEngine/Common/DerivedDataCache/Buckets/GlobalShaderMap/63/8d/5ad5c419af34ac50d86ae30c8cdc2f00e192.udd" 3375
"C:/Users/Librake/AppData/Local/UnrealEngine/Common/DerivedDataCache/Buckets/GlobalShaderMap/de/cf/741057a95d54616f7344f0c3f7a63bcae27f.udd" 3376
"C:/Users/Librake/AppData/Local/UnrealEngine/Common/DerivedDataCache/Buckets/GlobalShaderMap/c2/1f/d016804113a9d3aec173421035d7e0f5d15f.udd" 3377
"C:/Users/Librake/AppData/Local/UnrealEngine/Common/DerivedDataCache/Buckets/GlobalShaderMap/1c/6d/dc04e8429dcf56b16422dcc51eaa5577d2b9.udd" 3378
"C:/Users/Librake/AppData/Local/UnrealEngine/Common/DerivedDataCache/Buckets/GlobalShaderMap/a9/b1/ddc867145f437f7a9eeca01578ba461b066e.udd" 3379
"C:/Users/Librake/AppData/Local/UnrealEngine/Common/DerivedDataCache/Buckets/GlobalShaderMap/b5/e3/2400c964ff57f662adb02b98010368625072.udd" 3380
"C:/Users/Librake/AppData/Local/UnrealEngine/Common/DerivedDataCache/Buckets/GlobalShaderMap/eb/81/1cacbc479f46d226d484e236f1a1ee5a7d49.udd" 3381
"C:/Users/Librake/AppData/Local/UnrealEngine/Common/DerivedDataCache/Buckets/GlobalShaderMap/da/a9/830999db26895ac73e403aa852bb16c6c093.udd" 3382
"C:/Users/Librake/AppData/Local/UnrealEngine/Common/DerivedDataCache/Buckets/GlobalShaderMap/a4/a0/ceac01fbf8e59f22291a0b2c0d8cfbaaf665.udd" 3383
"C:/Users/Librake/AppData/Local/UnrealEngine/Common/DerivedDataCache/Buckets/GlobalShaderMap/c3/97/b67efb950b01877b363194cd26e9b641285b.udd" 3384
"C:/Users/Librake/AppData/Local/UnrealEngine/Common/DerivedDataCache/Buckets/GlobalShaderMap/d5/7c/e4b7e90917c58c2e8533d941915a19e8ae21.udd" 3385
"C:/Users/Librake/AppData/Local/UnrealEngine/Common/DerivedDataCache/Buckets/GlobalShaderMap/7f/d9/a7e25635fd780a6c8420a353f4d3aaa47813.udd" 3386
"C:/Users/Librake/AppData/Local/UnrealEngine/Common/DerivedDataCache/Buckets/GlobalShaderMap/2f/68/e737e2c867dc91aeb2a20fc471a258b591ee.udd" 3387
"C:/Users/Librake/AppData/Local/UnrealEngine/Common/DerivedDataCache/Buckets/GlobalShaderMap/98/e8/3021294477c6926a40e3d8aed7812867c0c3.udd" 3388
"C:/Users/Librake/AppData/Local/UnrealEngine/Common/DerivedDataCache/Buckets/GlobalShaderMap/93/ef/a5295ca6b8c5796e3a6bf6fc33ea7e30f799.udd" 3389
"C:/Users/Librake/AppData/Local/UnrealEngine/Common/DerivedDataCache/Buckets/GlobalShaderMap/92/35/3cf21ce0ed3c16cd97b29a13a75514863253.udd" 3390
"C:/Users/Librake/AppData/Local/UnrealEngine/Common/DerivedDataCache/Buckets/GlobalShaderMap/93/01/883d910a62066056f54cbf784657d228b103.udd" 3391
"C:/Users/Librake/AppData/Local/UnrealEngine/Common/DerivedDataCache/Buckets/GlobalShaderMap/61/5d/a7b4044464c59700e4d1a54bcc022ff0a6c0.udd" 3392
"C:/Users/Librake/AppData/Local/UnrealEngine/Common/DerivedDataCache/Buckets/GlobalShaderMap/db/82/aa740f877797dc06f74fbe6ec4f121ac3d11.udd" 3393
"C:/Users/Librake/AppData/Local/UnrealEngine/Common/DerivedDataCache/Buckets/GlobalShaderMap/5f/3f/09f7aa2f96f8080d6f77323e765c8b7918c1.udd" 3394
"C:/Users/Librake/AppData/Local/UnrealEngine/Common/DerivedDataCache/Buckets/GlobalShaderMap/d0/d1/b74a9188ffbc7017496ee3a7edeee58e7e49.udd" 3395
"C:/Users/Librake/AppData/Local/UnrealEngine/Common/DerivedDataCache/Buckets/GlobalShaderMap/eb/7e/21bba047463fad3be5efad82e079244b26a9.udd" 3396
"C:/Users/Librake/AppData/Local/UnrealEngine/Common/DerivedDataCache/Buckets/GlobalShaderMap/ff/63/bb3c7c93ea47d63b67e99d3b56eded728e0c.udd" 3397
"C:/Users/Librake/AppData/Local/UnrealEngine/Common/DerivedDataCache/Buckets/GlobalShaderMap/f3/38/41ea6f7e0713c5974bd1f2ddab129d036ea3.udd" 3398
"C:/Users/Librake/AppData/Local/UnrealEngine/Common/DerivedDataCache/Buckets/GlobalShaderMap/af/31/3209c69cc9be6641ff4aba49fc8a145ac3b2.udd" 3399
"C:/Users/Librake/AppData/Local/UnrealEngine/Common/DerivedDataCache/Buckets/GlobalShaderMap/68/db/5e396c2607b4bb6e8c626828eb0dbb291898.udd" 3400
"C:/Users/Librake/AppData/Local/UnrealEngine/Common/DerivedDataCache/Buckets/GlobalShaderMap/79/2f/ef8f5e267348c809b8844bcb089b9a15ffc9.udd" 3401
"C:/Users/Librake/AppData/Local/UnrealEngine/Common/DerivedDataCache/Buckets/GlobalShaderMap/c3/cb/938abc5a2cf448960a923f53506abf9f2162.udd" 3402
"C:/Users/Librake/AppData/Local/UnrealEngine/Common/DerivedDataCache/Buckets/GlobalShaderMap/1e/1e/b55dac085949bcf31abd0357c5d034ad30f4.udd" 3403
"C:/Users/Librake/AppData/Local/UnrealEngine/Common/DerivedDataCache/Buckets/GlobalShaderMap/24/97/0b708372bafa2261007ad3ea6f82615e7f0c.udd" 3404
"C:/Users/Librake/AppData/Local/UnrealEngine/Common/DerivedDataCache/Buckets/GlobalShaderMap/f9/50/eff835cc8ed78e378616ecf920a03c7932cd.udd" 3405
"C:/Users/Librake/AppData/Local/UnrealEngine/Common/DerivedDataCache/Buckets/GlobalShaderMap/63/4e/3cfb7f7c669e3a6456e0dc163d45588b5114.udd" 3406
"C:/Users/Librake/AppData/Local/UnrealEngine/Common/DerivedDataCache/Buckets/GlobalShaderMap/ad/ff/5e602e094e6717e0b5aa9dbaf3648e801b67.udd" 3407
"C:/Users/Librake/AppData/Local/UnrealEngine/Common/DerivedDataCache/Buckets/GlobalShaderMap/f7/2d/b4bd385073e076b0b983608adb7aa647c851.udd" 3408
"C:/Users/Librake/AppData/Local/UnrealEngine/Common/DerivedDataCache/Buckets/GlobalShaderMap/f5/a8/d4a8c3dec5a0ce95a47998fbb3861aa0b2a0.udd" 3409
"C:/Users/Librake/AppData/Local/UnrealEngine/Common/DerivedDataCache/Buckets/GlobalShaderMap/05/36/cb8aa1644a19de94911ffadfae2cd2a1dc56.udd" 3410
"C:/Users/Librake/AppData/Local/UnrealEngine/Common/DerivedDataCache/Buckets/GlobalShaderMap/bb/70/3d8411ba5442f79d12befb111c58c5f4054d.udd" 3411
"C:/Users/Librake/AppData/Local/UnrealEngine/Common/DerivedDataCache/Buckets/GlobalShaderMap/d2/a2/54147433ae822b3583b35d2162f80a224fc9.udd" 3412
"C:/Users/Librake/AppData/Local/UnrealEngine/Common/DerivedDataCache/Buckets/GlobalShaderMap/03/f2/9fac7d0ee7c241ec111deb26e45d6b167466.udd" 3413
"C:/Users/Librake/AppData/Local/UnrealEngine/Common/DerivedDataCache/Buckets/GlobalShaderMap/6c/e5/b6c4f9f0bb245b85b5498830068206a8630d.udd" 3414
"C:/Users/Librake/AppData/Local/UnrealEngine/Common/DerivedDataCache/Buckets/GlobalShaderMap/80/fe/ced00644c8f9a757198ee0e8cc53c95ae266.udd" 3415
"C:/Users/Librake/AppData/Local/UnrealEngine/Common/DerivedDataCache/Buckets/GlobalShaderMap/af/7d/46cb2c9fe3824e137b0fc75adb160bb9b443.udd" 3416
"C:/Users/Librake/AppData/Local/UnrealEngine/Common/DerivedDataCache/Buckets/GlobalShaderMap/82/50/c61e6767d97c3bb1f6e4df5805e1e6e6248e.udd" 3417
"C:/Users/Librake/AppData/Local/UnrealEngine/Common/DerivedDataCache/Buckets/GlobalShaderMap/e6/2f/cc9df3c9dbf24181cf3ee04f0a3aa3c95820.udd" 3418
"C:/Users/Librake/AppData/Local/UnrealEngine/Common/DerivedDataCache/Buckets/GlobalShaderMap/5c/10/25eac0aa9cdf99ec43be173dd4831536f81a.udd" 3419
"C:/Users/Librake/AppData/Local/UnrealEngine/Common/DerivedDataCache/Buckets/GlobalShaderMap/a3/1d/7bbe57d308f40b004087ae8a7aee618bf15f.udd" 3420
"C:/Users/Librake/AppData/Local/UnrealEngine/Common/DerivedDataCache/Buckets/GlobalShaderMap/af/c2/e66c2e9d4360c0812b5be440ec6657a8bf22.udd" 3421
"C:/Users/Librake/AppData/Local/UnrealEngine/Common/DerivedDataCache/Buckets/GlobalShaderMap/cb/ce/c440c1e91923a01db5094684e0aa6ccb9416.udd" 3422
"C:/Users/Librake/AppData/Local/UnrealEngine/Common/DerivedDataCache/Buckets/GlobalShaderMap/30/40/1236063abb0946dc5b9e63e8594dff51554a.udd" 3423
"C:/Users/Librake/AppData/Local/UnrealEngine/Common/DerivedDataCache/Buckets/GlobalShaderMap/4d/40/0f1725fc5a18983e2d39cb0cd15b62728bbc.udd" 3424
"C:/Users/Librake/AppData/Local/UnrealEngine/Common/DerivedDataCache/Buckets/GlobalShaderMap/7b/cd/fb2eceb3436f5785ea95d8dafc863189af5d.udd" 3425
"C:/Users/Librake/AppData/Local/UnrealEngine/Common/DerivedDataCache/Buckets/GlobalShaderMap/54/7a/1ee5ef806daf1027f41f1be4a319650857a3.udd" 3426
"C:/Users/Librake/AppData/Local/UnrealEngine/Common/DerivedDataCache/Buckets/GlobalShaderMap/96/3e/0deaaff524f4753bb516138cdf41af6d51dc.udd" 3427
"C:/Users/Librake/AppData/Local/UnrealEngine/Common/DerivedDataCache/Buckets/GlobalShaderMap/52/31/e76b953a80137a00a726ebfa5c385e6e7557.udd" 3428
"C:/Users/Librake/AppData/Local/UnrealEngine/Common/DerivedDataCache/Buckets/GlobalShaderMap/d1/be/d232a7b64afc23f7dc60e97df9661856a3f9.udd" 3429
"C:/Users/Librake/AppData/Local/UnrealEngine/Common/DerivedDataCache/Buckets/GlobalShaderMap/91/0a/a221d401c91c5778c97dfc4addacc9f93335.udd" 3430
"C:/Users/Librake/AppData/Local/UnrealEngine/Common/DerivedDataCache/Buckets/GlobalShaderMap/c5/1d/79bb657c3dc628a5a6d77425c51387b7dc60.udd" 3431
"C:/Users/Librake/AppData/Local/UnrealEngine/Common/DerivedDataCache/Buckets/GlobalShaderMap/60/1d/415021fd068fb533ccebbc122ed1b4075974.udd" 3432
"C:/Users/Librake/AppData/Local/UnrealEngine/Common/DerivedDataCache/Buckets/GlobalShaderMap/80/ea/7d26d950d707ac50df29f9e83a0f485cfbe1.udd" 3433
"C:/Users/Librake/AppData/Local/UnrealEngine/Common/DerivedDataCache/Buckets/GlobalShaderMap/97/78/e45f7be5ccd52e0551d09afda9da800da761.udd" 3434
"../../../Engine/Plugins/Interchange/Runtime/Content/Pipelines/DefaultSceneLevelPipeline.uasset" 3435
"../../../Engine/Plugins/Interchange/Runtime/Content/Pipelines/DefaultTexturePipeline.uasset" 3436
"../../../Engine/Content/EngineDebugMaterials/DebugEditorMaterial.uasset" 3437
"../../../Engine/Content/EngineMaterials/STBlueNoise_vec2_128x128x64.uasset" 3438
"../../../Engine/Plugins/Interchange/Runtime/Content/Pipelines/DefaultSceneAssetsPipeline.uasset" 3439
"../../../Engine/Plugins/Interchange/Runtime/Content/Pipelines/DefaultAssetsPipeline.uasset" 3440
"../../../Engine/Content/EngineMaterials/STBlueNoise_scalar_128x128x64.uasset" 3441
"../../../Engine/Plugins/Animation/ControlRig/Content/Controls/ControlRigGizmoMaterial.uasset" 3442
"../../../Engine/Content/EngineSounds/Master.uasset" 3443
"../../../Engine/Plugins/Interchange/Runtime/Content/Pipelines/DefaultMaterialPipeline.uasset" 3444
"../../../Engine/Content/EngineMaterials/DefaultBloomKernel.uasset" 3445
"../../../Engine/Content/EditorResources/BSPVertex.uasset" 3446
"../../../Engine/Content/EngineMaterials/DefaultCalibrationColor.uasset" 3447
"../../../Engine/Content/EngineSounds/Submixes/MasterReverbEffectPreset.uasset" 3448
"../../../Engine/Content/EngineSounds/Submixes/MasterEQEffectPreset.uasset" 3449
"F:/Unreal Projects/DDay_bp/Content/Data/enums/Aim_Trace.uasset" 3450
"F:/Unreal Projects/DDay_bp/Content/UI/Resurses/main_menu/Cursor.uasset" 3451
"F:/Unreal Projects/DDay_bp/Content/UI/Resurses/aim/aim_1_4.uasset" 3452
"../../../Engine/Content/EditorMaterials/PreviewShadowIndicator.uasset" 3453
"../../../Engine/Content/EditorBlueprintResources/StandardMacros.uasset" 3454
"../../../Engine/Content/EngineResources/FilmGrains/Marcie_Grain_v3_128_M2_000.uasset" 3455
"F:/Unreal Projects/DDay_bp/Content/Blueprints/Menu/Graphic_Settings.uasset" 3456
"../../../Engine/Content/EngineMaterials/DefaultCalibrationGrayscale.uasset" 3457
"F:/Unreal Projects/DDay_bp/Content/Blueprints/System/Level_State.uasset" 3458
"F:/Unreal Projects/DDay_bp/Content/Blueprints/System/Instanse_Save.uasset" 3459
"F:/Unreal Projects/DDay_bp/Content/Blueprints/System/Save_Progress.uasset" 3460
"F:/Unreal Projects/DDay_bp/Content/Data/structs/Balance_State.uasset" 3461
"F:/Unreal Projects/DDay_bp/Content/Data/structs/Cartridge_Save.uasset" 3462
"F:/Unreal Projects/DDay_bp/Content/Data/enums/camera_options.uasset" 3463
"F:/Unreal Projects/DDay_bp/Content/Data/enums/Unit_Type.uasset" 3464
"F:/Unreal Projects/DDay_bp/Content/Data/enums/Team.uasset" 3465
"F:/Unreal Projects/DDay_bp/Content/Data/enums/Level.uasset" 3466
"F:/Unreal Projects/DDay_bp/Content/Data/structs/Checkpoint_reserv_data.uasset" 3467
"F:/Unreal Projects/DDay_bp/Content/Data/structs/Texture_State.uasset" 3468
"F:/Unreal Projects/DDay_bp/Content/Data/structs/Unit_Info.uasset" 3469
"F:/Unreal Projects/DDay_bp/Content/Sounds/Classes/MenuMusic.uasset" 3470
"F:/Unreal Projects/DDay_bp/Content/UI/Localization/Aim_Type.uasset" 3471
"../../../Engine/Content/Maps/Entry_BuiltData.uasset" 3472
"../../../Engine/Content/EngineDebugMaterials/BlackUnlitMaterial.uasset" 3473
"../../../Engine/Content/EngineVolumetrics/FalloffSphere/Materials/M_EV_FalloffSphere_Master_01.uasset" 3474
"C:/Users/Librake/AppData/Local/UnrealEngine/Common/DerivedDataCache/Buckets/BulkDataList/61/6c/347703bc1c6e7ecbe1e80a1b4a44c5ed49f9.udd" 3475
"../../../Engine/Content/MapTemplates/Materials/BasicAsset01.uasset" 3476
"C:/Users/Librake/AppData/Local/UnrealEngine/Common/DerivedDataCache/Buckets/BulkDataList/56/27/988ea0803681abf5726a7944441edbb63b7b.udd" 3477
"../../../Engine/Content/MapTemplates/Materials/BasicAsset03.uasset" 3478
"C:/Users/Librake/AppData/Local/UnrealEngine/Common/DerivedDataCache/Buckets/BulkDataList/32/d0/1ad46fa28c236962be3826095973aebf26fb.udd" 3479
"F:/Unreal Projects/DDay_bp/Content/Blueprints/Logics/Light/Light_FUnctions/Light_Flicker_3.uasset" 3480
"C:/Users/Librake/AppData/Local/UnrealEngine/Common/DerivedDataCache/Buckets/BulkDataList/5d/b0/f9e2dfa295eea3179e0a04a8be52aac497d8.udd" 3481
"F:/Unreal Projects/DDay_bp/Content/Blueprints/Navigation/Stuck_Shake.uasset" 3482
"C:/Users/Librake/AppData/Local/UnrealEngine/Common/DerivedDataCache/Buckets/BulkDataList/8e/f2/7b3fa852f87b2ec53ca3b86e3f26a3358cd7.udd" 3483
"F:/Unreal Projects/DDay_bp/Content/Blueprints/System/180_Rotator.uasset" 3484
"C:/Users/Librake/AppData/Local/UnrealEngine/Common/DerivedDataCache/Buckets/MaterialShaderMap/46/7a/345882a9dca59a8589955d4ae446ba868d8c.udd" 3485
"C:/Users/Librake/AppData/Local/UnrealEngine/Common/DerivedDataCache/Buckets/MaterialShaderMap/b3/39/df8743b73e4a8c05fa7256520c730de9fa94.udd" 3486
"F:/Unreal Projects/DDay_bp/Content/Cutscence/Level_2/Level_2_cutscene.uasset" 3487
"F:/Unreal Projects/DDay_bp/Content/Cutscence/Level_2/Level_2_trucks_cutscene.uasset" 3488
"F:/Unreal Projects/DDay_bp/Content/Cutscence/Level_2/Lvl_02_Win_cutscene.uasset" 3489
"F:/Unreal Projects/DDay_bp/Content/Data/dialogs/Dialogs_Level_3.uasset" 3490
"F:/Unreal Projects/DDay_bp/Content/Data/dialogs/Dialogs_Level_01.uasset" 3491
"F:/Unreal Projects/DDay_bp/Content/Data/dialogs/Dialogs_Lvl2.uasset" 3492
"F:/Unreal Projects/DDay_bp/Content/Data/dialogs/Dialogs_MAIN_LEVEL.uasset" 3493
"F:/Unreal Projects/DDay_bp/Content/Data/dialogs/Dialogs_study_Lvl.uasset" 3494
"C:/Users/Librake/AppData/Local/UnrealEngine/Common/DerivedDataCache/Buckets/BulkDataList/5e/92/4c542f553491c75c6f9b81ab2a340837bb39.udd" 3495
"C:/Users/Librake/AppData/Local/UnrealEngine/Common/DerivedDataCache/Buckets/BulkDataList/3e/ac/06af67ceac1bc7475fb1989acdf26d1dc332.udd" 3496
"C:/Users/Librake/AppData/Local/UnrealEngine/Common/DerivedDataCache/Buckets/BulkDataList/5a/b0/c69398fbba9cd6597a804f72b9fd04fefe0a.udd" 3497
"C:/Users/Librake/AppData/Local/UnrealEngine/Common/DerivedDataCache/Buckets/BulkDataList/dd/8f/c6ff84933d47679d77786930f876d8372b33.udd" 3498
"F:/Unreal Projects/DDay_bp/Content/Maps/MAIN_LEVEL_BuiltData.uasset" 3499
"../../../Engine/Content/BasicShapes/BasicShapeMaterial.uasset" 3500
"F:/Unreal Projects/DDay_bp/Content/Movies/Video/Cinematic_Player.uasset" 3501
"F:/Unreal Projects/DDay_bp/Content/Blueprints/Logics/Components/Camera_settings_component.uasset" 3502
"F:/Unreal Projects/DDay_bp/Content/Blueprints/Menu/Level_Result.uasset" 3503
"F:/Unreal Projects/DDay_bp/Content/Blueprints/System/Clone_Of_Type_Count.uasset" 3504
"F:/Unreal Projects/DDay_bp/Content/Data/enums/Unit_Variation.uasset" 3505
"F:/Unreal Projects/DDay_bp/Content/UI/Resurses/aim/line_hit.uasset" 3506
"F:/Unreal Projects/DDay_bp/Content/Blueprints/Arms/Trench_Spreads/Trench_spread.uasset" 3507
"F:/Unreal Projects/DDay_bp/Content/Blueprints/Vehicles/Components/GunOwner.uasset" 3508
"F:/Unreal Projects/DDay_bp/Content/Data/enums/Spread_Mode.uasset" 3509
"F:/Unreal Projects/DDay_bp/Content/Data/structs/Recoil_Angles.uasset" 3510
"F:/Unreal Projects/DDay_bp/Content/Data/structs/Shell_params.uasset" 3511
"F:/Unreal Projects/DDay_bp/Content/other/Phys_materials/Gun_Material.uasset" 3512
"F:/Unreal Projects/DDay_bp/Content/Sounds/Sound_Override.uasset" 3513
"F:/Unreal Projects/DDay_bp/Content/Blueprints/Chars/Components/Vehicle_Old.uasset" 3514
"F:/Unreal Projects/DDay_bp/Content/Blueprints/System/Serializable.uasset" 3515
"F:/Unreal Projects/DDay_bp/Content/Blueprints/Vehicles/Components/Seat_Mode.uasset" 3516
"F:/Unreal Projects/DDay_bp/Content/Data/enums/Dirrection.uasset" 3517
"F:/Unreal Projects/DDay_bp/Content/other/Phys_materials/BodyFall_PhysMat.uasset" 3518
"F:/Unreal Projects/DDay_bp/Content/Blueprints/Chars/Components/Camera_Shakes/Master_CameraShake.uasset" 3519
"F:/Unreal Projects/DDay_bp/Content/Blueprints/recording/Death_info.uasset" 3520
"F:/Unreal Projects/DDay_bp/Content/Blueprints/recording/Frame_Info.uasset" 3521
"F:/Unreal Projects/DDay_bp/Content/Blueprints/recording/Hit_Info.uasset" 3522
"F:/Unreal Projects/DDay_bp/Content/Sounds/Game_Events/coin-and-money-bag-3-185264.uasset" 3523
"F:/Unreal Projects/DDay_bp/Content/3D/flag/txtr/german/flag_flag_BaseColor.uasset" 3524
"F:/Unreal Projects/DDay_bp/Content/3D/flag/txtr/german/flag_flag_Normal.uasset" 3525
"C:/Users/Librake/AppData/Local/UnrealEngine/Common/DerivedDataCache/Buckets/BulkDataList/79/7b/31c612ecd6fd848656fda28758a419f7736e.udd" 3526
"F:/Unreal Projects/DDay_bp/Content/3D/flag/txtr/german/flag_flag_OcclusionRoughnessMetallic.uasset" 3527
"F:/Unreal Projects/DDay_bp/Content/3D/platforms/Navigatable.uasset" 3528
"C:/Users/Librake/AppData/Local/UnrealEngine/Common/DerivedDataCache/Buckets/MaterialShaderMap/5f/ca/25a11e1616ead921a3c2d9a5d18e6357cc90.udd" 3529
"C:/Users/Librake/AppData/Local/UnrealEngine/Common/DerivedDataCache/Buckets/MaterialShaderMap/8d/72/25433c9e5b99e0609f32e286f1b4e7649c14.udd" 3530
"C:/Users/Librake/AppData/Local/UnrealEngine/Common/DerivedDataCache/Buckets/LegacyTEXTURE/f6/6b/45d1f7913585622fef340c6354e184fd4310.udd" 3531
"C:/Users/Librake/AppData/Local/UnrealEngine/Common/DerivedDataCache/Buckets/LegacyTEXTURE/7a/8c/5265c1d7c97805dcbf36941da896864cc518.udd" 3532
"C:/Users/Librake/AppData/Local/UnrealEngine/Common/DerivedDataCache/Buckets/LegacyTEXTURE/46/1c/58189b0ec79ebbc8ad894bbf6d8fe375c2c7.udd" 3533
"C:/Users/Librake/AppData/Local/UnrealEngine/Common/DerivedDataCache/Buckets/LegacyTEXTURE/ed/7a/2b5e497377fb5672d3e36c05e34872225fa2.udd" 3534
"F:/Unreal Projects/DDay_bp/Content/3D/platforms/mater/Crater/crater_corner/dirt/Crater_corner_Crater_corner_BaseColor.uasset" 3535
"F:/Unreal Projects/DDay_bp/Content/3D/platforms/mater/Crater/crater_corner/dirt/Crater_corner_Crater_corner_Normal.uasset" 3536
"F:/Unreal Projects/DDay_bp/Content/3D/platforms/mater/Crater/crater_corner/dirt/Crater_corner_Crater_corner_OcclusionRoughnessMetallic.uasset" 3537
"C:/Users/Librake/AppData/Local/UnrealEngine/Common/DerivedDataCache/Buckets/BulkDataList/29/2b/b4677e3b61cc8331ee30749faccaa1c76c26.udd" 3538
"F:/Unreal Projects/DDay_bp/Content/3D/platforms/mater/Crater/crater_corner/Dirt_grass/Crater_corner_Crater_corner_BaseColor.uasset" 3539
"F:/Unreal Projects/DDay_bp/Content/3D/platforms/mater/Crater/crater_corner/Dirt_grass/Crater_corner_Crater_corner_Normal.uasset" 3540
"F:/Unreal Projects/DDay_bp/Content/3D/platforms/mater/Crater/crater_corner/Dirt_grass/Crater_corner_Crater_corner_OcclusionRoughnessMetallic.uasset" 3541
"F:/Unreal Projects/DDay_bp/Content/3D/platforms/mater/Crater/crater_corner/Grass/Crater_corner_Crater_corner_BaseColor.uasset" 3542
"F:/Unreal Projects/DDay_bp/Content/3D/platforms/mater/Crater/crater_corner/Grass/Crater_corner_Crater_corner_Normal.uasset" 3543
"F:/Unreal Projects/DDay_bp/Content/3D/platforms/mater/Crater/crater_corner/Grass/Crater_corner_Crater_corner_OcclusionRoughnessMetallic.uasset" 3544
"F:/Unreal Projects/DDay_bp/Content/3D/platforms/mater/Crater/crater_corner/gray_dirt/Crater_corner_Crater_corner_BaseColor.uasset" 3545
"C:/Users/Librake/AppData/Local/UnrealEngine/Common/DerivedDataCache/Buckets/BulkDataList/6f/92/fc27ac9180b89c522ca7876b3b8cdb135c06.udd" 3546
"F:/Unreal Projects/DDay_bp/Content/3D/platforms/mater/Crater/crater_corner/gray_dirt/Crater_corner_Crater_corner_Normal.uasset" 3547
"F:/Unreal Projects/DDay_bp/Content/3D/platforms/mater/Crater/crater_corner/gray_dirt/Crater_corner_Crater_corner_OcclusionRoughnessMetallic.uasset" 3548
"F:/Unreal Projects/DDay_bp/Content/3D/platforms/mater/Crater/Crater_updown/Dirt/Crater_updown_Crater_updown_BaseColor.uasset" 3549
"F:/Unreal Projects/DDay_bp/Content/3D/platforms/mater/Crater/Crater_updown/Dirt/Crater_updown_Crater_updown_Normal.uasset" 3550
"F:/Unreal Projects/DDay_bp/Content/3D/platforms/mater/Crater/Crater_updown/Dirt/Crater_updown_Crater_updown_OcclusionRoughnessMetallic.uasset" 3551
"F:/Unreal Projects/DDay_bp/Content/3D/platforms/mater/Crater/Crater_updown/Dirt_grass/Crater_updown_Crater_updown_BaseColor.uasset" 3552
"C:/Users/Librake/AppData/Local/UnrealEngine/Common/DerivedDataCache/Buckets/LegacyTEXTURE/cd/ed/e051eebe52d3cfaf4fe83be6923fb6f58715.udd" 3553
"C:/Users/Librake/AppData/Local/UnrealEngine/Common/DerivedDataCache/Buckets/LegacyTEXTURE/6b/50/3d7597ed8ca134e370fe71ba0255244c42b8.udd" 3554
"C:/Users/Librake/AppData/Local/UnrealEngine/Common/DerivedDataCache/Buckets/LegacyTEXTURE/14/34/ce2db5f6c216021969a46a0d6f09ffee7588.udd" 3555
"C:/Users/Librake/AppData/Local/UnrealEngine/Common/DerivedDataCache/Buckets/LegacyTEXTURE/26/c8/c396a1b7f77fbd00f5fb170e6e10161ff0a4.udd" 3556
"C:/Users/Librake/AppData/Local/UnrealEngine/Common/DerivedDataCache/Buckets/LegacyTEXTURE/47/cb/a782db36d3a5e71d0b4625344006ad92f2e1.udd" 3557
"C:/Users/Librake/AppData/Local/UnrealEngine/Common/DerivedDataCache/Buckets/LegacyTEXTURE/b0/0c/4283a32106b2b9709b59cc9d16661c942470.udd" 3558
"C:/Users/Librake/AppData/Local/UnrealEngine/Common/DerivedDataCache/Buckets/LegacyTEXTURE/78/f4/915451b9b78732998f4c01bc2c915787bc45.udd" 3559
"C:/Users/Librake/AppData/Local/UnrealEngine/Common/DerivedDataCache/Buckets/LegacyTEXTURE/fd/d3/8d15e90a0ec428845a0d88cb4d0f3b6fed95.udd" 3560
"C:/Users/Librake/AppData/Local/UnrealEngine/Common/DerivedDataCache/Buckets/LegacyTEXTURE/65/72/24d6a0be19ee85b7cbb4582055377a4c4a2a.udd" 3561
"C:/Users/Librake/AppData/Local/UnrealEngine/Common/DerivedDataCache/Buckets/LegacyTEXTURE/97/e8/60f6d16388692fc0b14aa29bba23d6dcd51f.udd" 3562
"C:/Users/Librake/AppData/Local/UnrealEngine/Common/DerivedDataCache/Buckets/LegacyTEXTURE/f7/d8/1247ad31126c2c9ccf086c916f8111d61b71.udd" 3563
"C:/Users/Librake/AppData/Local/UnrealEngine/Common/DerivedDataCache/Buckets/LegacyTEXTURE/d2/fc/74dc02ea46546b6d294480cd4784df20b4d1.udd" 3564
"C:/Users/Librake/AppData/Local/UnrealEngine/Common/DerivedDataCache/Buckets/LegacyTEXTURE/09/af/1c0d216e798afddb4d0954b0e126966a693c.udd" 3565
"C:/Users/Librake/AppData/Local/UnrealEngine/Common/DerivedDataCache/Buckets/LegacyTEXTURE/b9/6d/33ab937dcf945503137b0a8626c406801251.udd" 3566
"C:/Users/Librake/AppData/Local/UnrealEngine/Common/DerivedDataCache/Buckets/LegacyTEXTURE/07/6d/429af0cb4b183418d8fb60d5122b7bd3d4ed.udd" 3567
"C:/Users/Librake/AppData/Local/UnrealEngine/Common/DerivedDataCache/Buckets/LegacyTEXTURE/b9/30/a804f90825684b390b1eaf4893165961f269.udd" 3568
"C:/Users/Librake/AppData/Local/UnrealEngine/Common/DerivedDataCache/Buckets/LegacyTEXTURE/71/a3/87a35e6c5b6cbe9899ccf6471047ed5bdb4e.udd" 3569
"C:/Users/Librake/AppData/Local/UnrealEngine/Common/DerivedDataCache/Buckets/LegacyTEXTURE/21/a0/2cd075973736d454fa7e6a1572255f2a0f6f.udd" 3570
"C:/Users/Librake/AppData/Local/UnrealEngine/Common/DerivedDataCache/Buckets/LegacyTEXTURE/f3/e6/231ef9196b1e3522ed2e87292d71af087225.udd" 3571
"C:/Users/Librake/AppData/Local/UnrealEngine/Common/DerivedDataCache/Buckets/LegacyTEXTURE/3f/59/920d15cb9a2f6716a4682480d4f3c9705147.udd" 3572
"C:/Users/Librake/AppData/Local/UnrealEngine/Common/DerivedDataCache/Buckets/LegacyTEXTURE/89/a6/5d18def017dc4a5aabe0a601dc885c8ce184.udd" 3573
"C:/Users/Librake/AppData/Local/UnrealEngine/Common/DerivedDataCache/Buckets/LegacyTEXTURE/84/16/8cfb90a44a6efd778355a8cec9ebfcf3c1e8.udd" 3574
"C:/Users/Librake/AppData/Local/UnrealEngine/Common/DerivedDataCache/Buckets/LegacyTEXTURE/de/53/0487ddcf3cd70988c77613a6cb9072546ec8.udd" 3575
"C:/Users/Librake/AppData/Local/UnrealEngine/Common/DerivedDataCache/Buckets/LegacyTEXTURE/c8/e0/4b1b440d4ebe582c78d509c8a8786b1f3560.udd" 3576
"C:/Users/Librake/AppData/Local/UnrealEngine/Common/DerivedDataCache/Buckets/LegacyTEXTURE/cf/95/8bb38b3f571a4da9b4431e02897415595b61.udd" 3577
"C:/Users/Librake/AppData/Local/UnrealEngine/Common/DerivedDataCache/Buckets/LegacyTEXTURE/93/23/1ca4eb7c1045cb4f352173e724556ca86093.udd" 3578
"C:/Users/Librake/AppData/Local/UnrealEngine/Common/DerivedDataCache/Buckets/LegacyTEXTURE/2d/b9/ee41561492e812d889191e770de283b4b5ae.udd" 3579
"C:/Users/Librake/AppData/Local/UnrealEngine/Common/DerivedDataCache/Buckets/LegacyTEXTURE/dc/70/7f546d84bd93bd0fb459999ff70d969b836b.udd" 3580
"C:/Users/Librake/AppData/Local/UnrealEngine/Common/DerivedDataCache/Buckets/LegacyTEXTURE/f8/83/73bd7408ac350b757aef6ff4dbfcb4aa9aae.udd" 3581
"C:/Users/Librake/AppData/Local/UnrealEngine/Common/DerivedDataCache/Buckets/LegacyTEXTURE/dd/9f/5793c5330d274d01f8676a3ed9b1311c4949.udd" 3582
"C:/Users/Librake/AppData/Local/UnrealEngine/Common/DerivedDataCache/Buckets/LegacyTEXTURE/29/de/2a769b81fbc09896f15d1b345bc76e85a0c5.udd" 3583
"C:/Users/Librake/AppData/Local/UnrealEngine/Common/DerivedDataCache/Buckets/LegacyTEXTURE/df/02/f65b8cc87abf9570072e2f50de6ad339c6c5.udd" 3584
"C:/Users/Librake/AppData/Local/UnrealEngine/Common/DerivedDataCache/Buckets/LegacyTEXTURE/94/be/b234858ece8de715920b69f027453671af1b.udd" 3585
"C:/Users/Librake/AppData/Local/UnrealEngine/Common/DerivedDataCache/Buckets/LegacyTEXTURE/16/6f/6c62cab911f8df264194f701f6e5e79ff493.udd" 3586
"C:/Users/Librake/AppData/Local/UnrealEngine/Common/DerivedDataCache/Buckets/LegacyTEXTURE/c7/9f/9d89dde824ce5cfd698235f55bb88ff5f7ae.udd" 3587
"C:/Users/Librake/AppData/Local/UnrealEngine/Common/DerivedDataCache/Buckets/LegacyTEXTURE/82/e6/d859719655957def8bda145b3bd9f91abfb3.udd" 3588
"C:/Users/Librake/AppData/Local/UnrealEngine/Common/DerivedDataCache/Buckets/LegacyTEXTURE/6e/24/a35b8622c9a34f857e62279ac99f35341a19.udd" 3589
"C:/Users/Librake/AppData/Local/UnrealEngine/Common/DerivedDataCache/Buckets/LegacyTEXTURE/27/70/9c4dbc7217dda1f3bb27fb03192e4a107ae6.udd" 3590
"C:/Users/Librake/AppData/Local/UnrealEngine/Common/DerivedDataCache/Buckets/LegacyTEXTURE/a3/a7/cd695c593812649dd5d6c8f99c2f333438aa.udd" 3591
"C:/Users/Librake/AppData/Local/UnrealEngine/Common/DerivedDataCache/Buckets/LegacyTEXTURE/17/b8/c38e2972e19174bf3c33d6ef7cd27beab540.udd" 3592
"C:/Users/Librake/AppData/Local/UnrealEngine/Common/DerivedDataCache/Buckets/LegacyTEXTURE/fe/63/5bd6397ad6021c54fd1b74f80f8eda2ac6fd.udd" 3593
"C:/Users/Librake/AppData/Local/UnrealEngine/Common/DerivedDataCache/Buckets/LegacyTEXTURE/e1/9a/83f7d8521947d897c8607c9f1374851215a0.udd" 3594
"C:/Users/Librake/AppData/Local/UnrealEngine/Common/DerivedDataCache/Buckets/LegacyTEXTURE/04/fd/12c6a03657448bb88cbe4d09e5daf8bbd008.udd" 3595
"C:/Users/Librake/AppData/Local/UnrealEngine/Common/DerivedDataCache/Buckets/LegacyTEXTURE/cd/8f/1a51a8211b1832f7a59712c24d9f7eb4d077.udd" 3596
"C:/Users/Librake/AppData/Local/UnrealEngine/Common/DerivedDataCache/Buckets/LegacyTEXTURE/47/1e/62dd9c1565be38772f6c7816a06958aa4fbd.udd" 3597
"C:/Users/Librake/AppData/Local/UnrealEngine/Common/DerivedDataCache/Buckets/LegacyTEXTURE/e1/f2/f027199b3eefbea86c96e769ff90d38a548c.udd" 3598
"C:/Users/Librake/AppData/Local/UnrealEngine/Common/DerivedDataCache/Buckets/LegacyTEXTURE/a7/a8/bf3fb1ccaab0e823bde3fabcb0a7ed1aaecf.udd" 3599
"C:/Users/Librake/AppData/Local/UnrealEngine/Common/DerivedDataCache/Buckets/LegacyTEXTURE/3b/2f/3c26c01d11b8243d1b7024f2b23dc90b0f31.udd" 3600
"C:/Users/Librake/AppData/Local/UnrealEngine/Common/DerivedDataCache/Buckets/LegacyTEXTURE/d8/f0/8453211e6134e0402b6d40ed44f7a9c5b82f.udd" 3601
"C:/Users/Librake/AppData/Local/UnrealEngine/Common/DerivedDataCache/Buckets/LegacyTEXTURE/43/2d/a76dc0d827d81dd47e415e0835fea551769b.udd" 3602
"C:/Users/Librake/AppData/Local/UnrealEngine/Common/DerivedDataCache/Buckets/LegacyTEXTURE/1a/2d/a0308d1dd0d698d853971aa93070ff2b42fb.udd" 3603
"C:/Users/Librake/AppData/Local/UnrealEngine/Common/DerivedDataCache/Buckets/LegacyTEXTURE/fb/4f/77791a15b700f6416a38c7570ad87f3a4caa.udd" 3604
"C:/Users/Librake/AppData/Local/UnrealEngine/Common/DerivedDataCache/Buckets/LegacyTEXTURE/3e/c7/dc3d74ca3263a6966ed523584b03bb5a0a5b.udd" 3605
"C:/Users/Librake/AppData/Local/UnrealEngine/Common/DerivedDataCache/Buckets/LegacyTEXTURE/36/c9/cd0cbea099891f0063c2d77d24955a6241ca.udd" 3606
"C:/Users/Librake/AppData/Local/UnrealEngine/Common/DerivedDataCache/Buckets/LegacyTEXTURE/03/77/ce34898de89c7319ba0246607a3c8f29211b.udd" 3607
"C:/Users/Librake/AppData/Local/UnrealEngine/Common/DerivedDataCache/Buckets/LegacyTEXTURE/0b/5a/746079240030ef291fa368d73b4519ab73c2.udd" 3608
"C:/Users/Librake/AppData/Local/UnrealEngine/Common/DerivedDataCache/Buckets/LegacyTEXTURE/60/57/04ff4992cf1143a620da66e0a43c29394bbc.udd" 3609
"C:/Users/Librake/AppData/Local/UnrealEngine/Common/DerivedDataCache/Buckets/LegacyTEXTURE/ed/df/fcfe34f16786121e49b950047819e0417e5c.udd" 3610
"C:/Users/Librake/AppData/Local/UnrealEngine/Common/DerivedDataCache/Buckets/LegacyTEXTURE/70/55/3e3451cf0a300c952351cd32744d5ce861c5.udd" 3611
"C:/Users/Librake/AppData/Local/UnrealEngine/Common/DerivedDataCache/Buckets/LegacyTEXTURE/d2/c5/04632b02ddc8ad3b3cff17d07f051af45d5c.udd" 3612
"C:/Users/Librake/AppData/Local/UnrealEngine/Common/DerivedDataCache/Buckets/LegacyTEXTURE/f9/db/dc78e6eaf7f12ad31a97f99d6a2684eadc96.udd" 3613
"C:/Users/Librake/AppData/Local/UnrealEngine/Common/DerivedDataCache/Buckets/LegacyTEXTURE/9b/9d/42379ded4001ef120b660ad879d028d96027.udd" 3614
"C:/Users/Librake/AppData/Local/UnrealEngine/Common/DerivedDataCache/Buckets/LegacyTEXTURE/ab/77/984963affd573b2456cd877b431c42cc1981.udd" 3615
"C:/Users/Librake/AppData/Local/UnrealEngine/Common/DerivedDataCache/Buckets/LegacyTEXTURE/30/ef/ec85edd5705b01843ad81154018433b12da5.udd" 3616
"C:/Users/Librake/AppData/Local/UnrealEngine/Common/DerivedDataCache/Buckets/LegacyTEXTURE/27/9f/ad179a50e401ff4febe76aece5156131eb94.udd" 3617
"C:/Users/Librake/AppData/Local/UnrealEngine/Common/DerivedDataCache/Buckets/LegacyTEXTURE/8a/83/6f8db689d270abbd44ab9ca00c193988fb72.udd" 3618
"C:/Users/Librake/AppData/Local/UnrealEngine/Common/DerivedDataCache/Buckets/LegacyTEXTURE/0b/d0/01ffab2b955c148529feaef57099e73cafb9.udd" 3619
"C:/Users/Librake/AppData/Local/UnrealEngine/Common/DerivedDataCache/Buckets/LegacyTEXTURE/e9/e8/3370624bc06fbaba69877fee573ae1d06b22.udd" 3620
"C:/Users/Librake/AppData/Local/UnrealEngine/Common/DerivedDataCache/Buckets/LegacyTEXTURE/34/6a/85df11cfd847cf73a6828813cc87408d8017.udd" 3621
"C:/Users/Librake/AppData/Local/UnrealEngine/Common/DerivedDataCache/Buckets/LegacyTEXTURE/09/2f/729910056deadfb50738c27e474249baf3ea.udd" 3622
"C:/Users/Librake/AppData/Local/UnrealEngine/Common/DerivedDataCache/Buckets/LegacyTEXTURE/8c/09/990ce412938605ff76c1527e5164053acd9f.udd" 3623
"C:/Users/Librake/AppData/Local/UnrealEngine/Common/DerivedDataCache/Buckets/LegacyTEXTURE/39/22/9379b7718dccca21cda9042890a8a5eef444.udd" 3624
"C:/Users/Librake/AppData/Local/UnrealEngine/Common/DerivedDataCache/Buckets/LegacyTEXTURE/df/a9/b7111f6e44b9b1a0b51629856a58d53f457e.udd" 3625
"C:/Users/Librake/AppData/Local/UnrealEngine/Common/DerivedDataCache/Buckets/LegacyTEXTURE/85/d7/a52d999899d288965a88999e685a0168bb45.udd" 3626
"C:/Users/Librake/AppData/Local/UnrealEngine/Common/DerivedDataCache/Buckets/LegacyTEXTURE/51/24/83a9ed5cad7d2b004920c9f3f335291692c7.udd" 3627
"C:/Users/Librake/AppData/Local/UnrealEngine/Common/DerivedDataCache/Buckets/LegacyTEXTURE/3b/0f/91844238b1bd319d45095c458806f8273fc1.udd" 3628
"C:/Users/Librake/AppData/Local/UnrealEngine/Common/DerivedDataCache/Buckets/LegacyTEXTURE/b2/06/57fbb36f11c4ec06bd6e05d0a6c5d30b09e1.udd" 3629
"C:/Users/Librake/AppData/Local/UnrealEngine/Common/DerivedDataCache/Buckets/LegacyTEXTURE/4d/09/299e520c7d54390b69a75ac13d2585c0acf6.udd" 3630
"C:/Users/Librake/AppData/Local/UnrealEngine/Common/DerivedDataCache/Buckets/LegacyTEXTURE/29/06/e74289d6939c789b460ccd7dc457b14ceed5.udd" 3631
"C:/Users/Librake/AppData/Local/UnrealEngine/Common/DerivedDataCache/Buckets/LegacyTEXTURE/09/15/6564c36c10798cd5284f5075252ea31d75d9.udd" 3632
"C:/Users/Librake/AppData/Local/UnrealEngine/Common/DerivedDataCache/Buckets/LegacyTEXTURE/6b/ff/0f433661f090230252087b79f20cfc03616a.udd" 3633
"C:/Users/Librake/AppData/Local/UnrealEngine/Common/DerivedDataCache/Buckets/LegacyTEXTURE/ed/d8/2f7d2b6c95d307f687c7cc23f8339049582c.udd" 3634
"C:/Users/Librake/AppData/Local/UnrealEngine/Common/DerivedDataCache/Buckets/LegacyTEXTURE/45/20/89af4f0974dccb94f18a7eee119f7806670d.udd" 3635
"C:/Users/Librake/AppData/Local/UnrealEngine/Common/DerivedDataCache/Buckets/LegacyTEXTURE/7a/bc/805683a881606436ea0a6c4bc6fa95e97cd6.udd" 3636
"C:/Users/Librake/AppData/Local/UnrealEngine/Common/DerivedDataCache/Buckets/LegacyTEXTURE/08/63/a9df2706392c6777c676ca226f6b8b25ffcf.udd" 3637
"C:/Users/Librake/AppData/Local/UnrealEngine/Common/DerivedDataCache/Buckets/LegacyTEXTURE/81/7e/f24d646af2c23bf3f3ff2ac82d32e9c2d90c.udd" 3638
"C:/Users/Librake/AppData/Local/UnrealEngine/Common/DerivedDataCache/Buckets/LegacyTEXTURE/9b/49/e757a5dc90fc0fb34bec31d0fd5db88215b9.udd" 3639
"C:/Users/Librake/AppData/Local/UnrealEngine/Common/DerivedDataCache/Buckets/LegacyTEXTURE/d4/a7/27eb1ce5ae3de29e27757a1d3f096cec8f93.udd" 3640
"C:/Users/Librake/AppData/Local/UnrealEngine/Common/DerivedDataCache/Buckets/LegacyTEXTURE/3c/11/4787cb9927ffbafb241d534a5134064030b0.udd" 3641
"C:/Users/Librake/AppData/Local/UnrealEngine/Common/DerivedDataCache/Buckets/LegacyTEXTURE/b5/55/d0808e34c98ae1c5d8bc10b84e3f35efa97e.udd" 3642
"C:/Users/Librake/AppData/Local/UnrealEngine/Common/DerivedDataCache/Buckets/LegacyTEXTURE/10/fe/3a558a6da4d40bcd5aa180db81142a325a73.udd" 3643
"C:/Users/Librake/AppData/Local/UnrealEngine/Common/DerivedDataCache/Buckets/LegacyTEXTURE/c7/4b/552dc7de1518d0b6641f8b93edebc3549571.udd" 3644
"C:/Users/Librake/AppData/Local/UnrealEngine/Common/DerivedDataCache/Buckets/LegacyTEXTURE/2b/6d/989bde3b5a0604603e398465984205647403.udd" 3645
"C:/Users/Librake/AppData/Local/UnrealEngine/Common/DerivedDataCache/Buckets/LegacyTEXTURE/51/56/bbc6421fd8d8eb25bbd7c2a442f906c19604.udd" 3646
"C:/Users/Librake/AppData/Local/UnrealEngine/Common/DerivedDataCache/Buckets/LegacyTEXTURE/a3/f6/ac2bdef0f74502d9a2dab2f00bdf7e6bd200.udd" 3647
"C:/Users/Librake/AppData/Local/UnrealEngine/Common/DerivedDataCache/Buckets/LegacyTEXTURE/2b/72/494c44f9cedd2b70326a08a09014f81e7078.udd" 3648
"C:/Users/Librake/AppData/Local/UnrealEngine/Common/DerivedDataCache/Buckets/LegacyTEXTURE/85/ff/42c58b0052811f644496560968072ad811ed.udd" 3649
"C:/Users/Librake/AppData/Local/UnrealEngine/Common/DerivedDataCache/Buckets/LegacyTEXTURE/4d/18/e848ceacacabf629f5c2a36b278dd951f5f1.udd" 3650
"C:/Users/Librake/AppData/Local/UnrealEngine/Common/DerivedDataCache/Buckets/LegacyTEXTURE/93/fe/e9e0e3cc3874e86db9c5c2d28f02fd2c8277.udd" 3651
"C:/Users/Librake/AppData/Local/UnrealEngine/Common/DerivedDataCache/Buckets/LegacyTEXTURE/c7/e0/56fac45d335ff31747126d12af457f8f5605.udd" 3652
"C:/Users/Librake/AppData/Local/UnrealEngine/Common/DerivedDataCache/Buckets/LegacyTEXTURE/98/9e/8765df914ac6af821e2449a4eca28728925c.udd" 3653
"C:/Users/Librake/AppData/Local/UnrealEngine/Common/DerivedDataCache/Buckets/LegacyTEXTURE/46/94/27204b32fa51dd388926915ecf4ca9c2a40b.udd" 3654
"C:/Users/Librake/AppData/Local/UnrealEngine/Common/DerivedDataCache/Buckets/LegacyTEXTURE/9c/d0/160e70c79b79c174b15305ea9333fb96d464.udd" 3655
"C:/Users/Librake/AppData/Local/UnrealEngine/Common/DerivedDataCache/Buckets/LegacyTEXTURE/68/4e/7da654380f3b393beb143a42455ccf615e2c.udd" 3656
"C:/Users/Librake/AppData/Local/UnrealEngine/Common/DerivedDataCache/Buckets/LegacyTEXTURE/f7/9c/e290f9d14eacf9b0830f4d8e698ea6331f10.udd" 3657
"C:/Users/Librake/AppData/Local/UnrealEngine/Common/DerivedDataCache/Buckets/LegacyTEXTURE/5a/c9/72242dfc3d5cc8badcf676014409576ff2ee.udd" 3658
"C:/Users/Librake/AppData/Local/UnrealEngine/Common/DerivedDataCache/Buckets/LegacyTEXTURE/de/89/e40e043dd9de2ecb73074975a2ef58f48bfa.udd" 3659
"C:/Users/Librake/AppData/Local/UnrealEngine/Common/DerivedDataCache/Buckets/LegacyTEXTURE/0e/66/f91556be9aac92b4bcafdc9e182b887bf4d7.udd" 3660
"C:/Users/Librake/AppData/Local/UnrealEngine/Common/DerivedDataCache/Buckets/LegacyTEXTURE/f5/09/aa7dfe5127e386c76f27161872cdb45053df.udd" 3661
"C:/Users/Librake/AppData/Local/UnrealEngine/Common/DerivedDataCache/Buckets/LegacyTEXTURE/59/9e/fc5aadc8a8bd19c734622a49bb2614ba3937.udd" 3662
"C:/Users/Librake/AppData/Local/UnrealEngine/Common/DerivedDataCache/Buckets/LegacyTEXTURE/5f/81/fe1dbeff29ae66c6e615f1063fbcfc9ec5f3.udd" 3663
"C:/Users/Librake/AppData/Local/UnrealEngine/Common/DerivedDataCache/Buckets/LegacyTEXTURE/7b/ac/81378089bf4935ca5d8e0f5496159bdc8fba.udd" 3664
"C:/Users/Librake/AppData/Local/UnrealEngine/Common/DerivedDataCache/Buckets/LegacyTEXTURE/99/e7/cda08c5011309441a026c552f44d65fbf6fb.udd" 3665
"C:/Users/Librake/AppData/Local/UnrealEngine/Common/DerivedDataCache/Buckets/LegacyTEXTURE/2d/73/1c28d0b9c83cff85afafcf3d4d2e5d362306.udd" 3666
"C:/Users/Librake/AppData/Local/UnrealEngine/Common/DerivedDataCache/Buckets/LegacyTEXTURE/ff/f8/e0c3965354a2726fd5bfbd77ad8d1091d49b.udd" 3667
"C:/Users/Librake/AppData/Local/UnrealEngine/Common/DerivedDataCache/Buckets/LegacyTEXTURE/df/8f/da011a9c45a6ce1212dd89a4a670adc21802.udd" 3668
"C:/Users/Librake/AppData/Local/UnrealEngine/Common/DerivedDataCache/Buckets/LegacyTEXTURE/34/fb/8a7ae90e5a4f4ffdfca281f2b94c398082c7.udd" 3669
"C:/Users/Librake/AppData/Local/UnrealEngine/Common/DerivedDataCache/Buckets/LegacyTEXTURE/66/54/ce5e76e44bde572824cfd12c7cd05386c234.udd" 3670
"C:/Users/Librake/AppData/Local/UnrealEngine/Common/DerivedDataCache/Buckets/LegacyTEXTURE/11/7d/ea743256ae10b497f2e6a2cd384949026466.udd" 3671
"C:/Users/Librake/AppData/Local/UnrealEngine/Common/DerivedDataCache/Buckets/LegacyTEXTURE/34/f1/e3a82ef3a13ab56f7201f27da2a844046566.udd" 3672
"C:/Users/Librake/AppData/Local/UnrealEngine/Common/DerivedDataCache/Buckets/LegacyTEXTURE/6c/32/69d8e24c6aa9b4cff37df480fb1d73b62f94.udd" 3673
"C:/Users/Librake/AppData/Local/UnrealEngine/Common/DerivedDataCache/Buckets/LegacyTEXTURE/df/06/0b904201dd4bec119e60ecee4e2610a542bc.udd" 3674
"C:/Users/Librake/AppData/Local/UnrealEngine/Common/DerivedDataCache/Buckets/LegacyTEXTURE/31/c7/00a9b970f31b578cb2b4d96952b4c7bfd286.udd" 3675
"C:/Users/Librake/AppData/Local/UnrealEngine/Common/DerivedDataCache/Buckets/LegacyTEXTURE/fd/db/010421e9f538f1dde131d74be0a2034b9bcb.udd" 3676
"C:/Users/Librake/AppData/Local/UnrealEngine/Common/DerivedDataCache/Buckets/LegacyTEXTURE/ad/70/57fcbb2ce2699b0ee82cb4ca791e37e55874.udd" 3677
"C:/Users/Librake/AppData/Local/UnrealEngine/Common/DerivedDataCache/Buckets/LegacyTEXTURE/7e/a0/51c24165731c56b021ab59f5b9055550c7fb.udd" 3678
"C:/Users/Librake/AppData/Local/UnrealEngine/Common/DerivedDataCache/Buckets/LegacyTEXTURE/a2/65/8d376ca0543a7d1096c3bbd0c323f072f593.udd" 3679
"C:/Users/Librake/AppData/Local/UnrealEngine/Common/DerivedDataCache/Buckets/LegacyTEXTURE/00/2b/7d423cb24d1842dcdadd2f90eb8930792ecb.udd" 3680
"C:/Users/Librake/AppData/Local/UnrealEngine/Common/DerivedDataCache/Buckets/LegacyTEXTURE/83/59/f97aac1f3103344c885d1a9f094c2f805b21.udd" 3681
"C:/Users/Librake/AppData/Local/UnrealEngine/Common/DerivedDataCache/Buckets/LegacyTEXTURE/a7/ba/25026e7a0a1c993fcc3d1f60056081b0da68.udd" 3682
"C:/Users/Librake/AppData/Local/UnrealEngine/Common/DerivedDataCache/Buckets/LegacyTEXTURE/4d/16/88a803b96ee3249ef9d76c64cde7584a3114.udd" 3683
"C:/Users/Librake/AppData/Local/UnrealEngine/Common/DerivedDataCache/Buckets/LegacyTEXTURE/c9/dc/93baf91b8af2a565ccc6f78b6e69aa2dad85.udd" 3684
"C:/Users/Librake/AppData/Local/UnrealEngine/Common/DerivedDataCache/Buckets/LegacyTEXTURE/d9/62/bf57dabda817c83ad9069b491b75c356eb1b.udd" 3685
"C:/Users/Librake/AppData/Local/UnrealEngine/Common/DerivedDataCache/Buckets/LegacyTEXTURE/60/e1/1e7b0d697096b441851752d2d119ab79c902.udd" 3686
"C:/Users/Librake/AppData/Local/UnrealEngine/Common/DerivedDataCache/Buckets/LegacyTEXTURE/b7/d6/b9b3e6812f49731b1730f19a9b947a7b2d1c.udd" 3687
"C:/Users/Librake/AppData/Local/UnrealEngine/Common/DerivedDataCache/Buckets/LegacyTEXTURE/0c/18/01431495da80ecc022d69ccccaa1a92fa2fd.udd" 3688
"C:/Users/Librake/AppData/Local/UnrealEngine/Common/DerivedDataCache/Buckets/LegacyTEXTURE/b4/06/c77407f95d813de3d6628c9f57920e6434a9.udd" 3689
"C:/Users/Librake/AppData/Local/UnrealEngine/Common/DerivedDataCache/Buckets/LegacyTEXTURE/a2/7c/d0065861bae81dceb8fec49ad895c199197c.udd" 3690
"C:/Users/Librake/AppData/Local/UnrealEngine/Common/DerivedDataCache/Buckets/LegacyTEXTURE/3f/34/2d28cc019e51264501bb4c98ea387e8e464b.udd" 3691
"C:/Users/Librake/AppData/Local/UnrealEngine/Common/DerivedDataCache/Buckets/LegacyTEXTURE/42/17/8e4652d23780548a28411d7b5e97ba950e0d.udd" 3692
"C:/Users/Librake/AppData/Local/UnrealEngine/Common/DerivedDataCache/Buckets/LegacyTEXTURE/7d/8a/4cd96d04a5f927b170c42f7e8e0be0b6e5b6.udd" 3693
"C:/Users/Librake/AppData/Local/UnrealEngine/Common/DerivedDataCache/Buckets/LegacyTEXTURE/6c/06/64e7277e4b16108150ac79449594ed0b82b7.udd" 3694
"C:/Users/Librake/AppData/Local/UnrealEngine/Common/DerivedDataCache/Buckets/LegacyTEXTURE/35/e1/c87cd001c4db82cd4c6f32f5e4761b683e9d.udd" 3695
"C:/Users/Librake/AppData/Local/UnrealEngine/Common/DerivedDataCache/Buckets/LegacyTEXTURE/aa/58/a026b9ccefb5050855966ced9d0ba87563b8.udd" 3696
"C:/Users/Librake/AppData/Local/UnrealEngine/Common/DerivedDataCache/Buckets/LegacyTEXTURE/22/da/8c8b7b96db8b0c0af3f71d89fb3c2c7ec9d6.udd" 3697
"C:/Users/Librake/AppData/Local/UnrealEngine/Common/DerivedDataCache/Buckets/LegacyTEXTURE/a0/1f/5d6608daf3a68a5a11612bb85c1e7f3de448.udd" 3698
"C:/Users/Librake/AppData/Local/UnrealEngine/Common/DerivedDataCache/Buckets/LegacyTEXTURE/2c/92/1d996eb193d193a03237290f8ce63ccdc300.udd" 3699
"C:/Users/Librake/AppData/Local/UnrealEngine/Common/DerivedDataCache/Buckets/LegacyTEXTURE/47/fe/75678c7590eb19598150f368089bc7192616.udd" 3700
"C:/Users/Librake/AppData/Local/UnrealEngine/Common/DerivedDataCache/Buckets/LegacyTEXTURE/e2/19/8c8dbe15fd24a1645ff34dacde6c0fa93832.udd" 3701
"C:/Users/Librake/AppData/Local/UnrealEngine/Common/DerivedDataCache/Buckets/LegacyTEXTURE/7d/41/4baa36aa98b90daac5b415660faa4a582d49.udd" 3702
"C:/Users/Librake/AppData/Local/UnrealEngine/Common/DerivedDataCache/Buckets/LegacyTEXTURE/38/3a/2bbe953bebc6c5c4b07211c3b85d1498b3c5.udd" 3703
"C:/Users/Librake/AppData/Local/UnrealEngine/Common/DerivedDataCache/Buckets/LegacyTEXTURE/c4/2d/160b8b78d6aed7b412dbbaf8e500ccffcfa6.udd" 3704
"C:/Users/Librake/AppData/Local/UnrealEngine/Common/DerivedDataCache/Buckets/LegacyTEXTURE/53/60/f06900bb75b4268786cba85910d78315b53d.udd" 3705
"C:/Users/Librake/AppData/Local/UnrealEngine/Common/DerivedDataCache/Buckets/LegacyTEXTURE/6d/ec/e3ee22d2439c8b2ab25e694ce17919ea9684.udd" 3706
"C:/Users/Librake/AppData/Local/UnrealEngine/Common/DerivedDataCache/Buckets/LegacyTEXTURE/0f/9f/b8b2e6bfdf10b97153c19b0a3cb745645d50.udd" 3707
"C:/Users/Librake/AppData/Local/UnrealEngine/Common/DerivedDataCache/Buckets/LegacyTEXTURE/1a/fb/ecaf9ff11911f7e15520a8cdffae3410d2af.udd" 3708
"C:/Users/Librake/AppData/Local/UnrealEngine/Common/DerivedDataCache/Buckets/LegacyTEXTURE/c0/f9/796950604b4a4c065d26aa211552f3774fbc.udd" 3709
"C:/Users/Librake/AppData/Local/UnrealEngine/Common/DerivedDataCache/Buckets/LegacyTEXTURE/7d/7d/c4c5e36946a82bf4d082d569fb2f6f713927.udd" 3710
"C:/Users/Librake/AppData/Local/UnrealEngine/Common/DerivedDataCache/Buckets/LegacyTEXTURE/a7/4d/7ba99cbd9715f77ba6ee15589cd56d096f5d.udd" 3711
"C:/Users/Librake/AppData/Local/UnrealEngine/Common/DerivedDataCache/Buckets/LegacyTEXTURE/6a/e9/9c504fa93da092e948a84961d94515ee2b2c.udd" 3712
"C:/Users/Librake/AppData/Local/UnrealEngine/Common/DerivedDataCache/Buckets/LegacyTEXTURE/5b/0c/b63e329fd52d7247d146d16c36d76a73c018.udd" 3713
"C:/Users/Librake/AppData/Local/UnrealEngine/Common/DerivedDataCache/Buckets/LegacyTEXTURE/20/0b/8dfb87e6a751acf173fd7921c93b68b9d3ce.udd" 3714
"C:/Users/Librake/AppData/Local/UnrealEngine/Common/DerivedDataCache/Buckets/LegacyTEXTURE/78/4c/b6d4050c82ffcb07538e921a3fddc7e14475.udd" 3715
"C:/Users/Librake/AppData/Local/UnrealEngine/Common/DerivedDataCache/Buckets/LegacyTEXTURE/68/dc/f465560fa3342e229087d8f8dbb1b9564af1.udd" 3716
"C:/Users/Librake/AppData/Local/UnrealEngine/Common/DerivedDataCache/Buckets/LegacyTEXTURE/ba/f0/1b64f0cf2f7031adbe643840531d8f3efd5e.udd" 3717
"C:/Users/Librake/AppData/Local/UnrealEngine/Common/DerivedDataCache/Buckets/LegacyTEXTURE/06/77/7f74a44661d5ab055c589ddeab4e48022743.udd" 3718
"F:/Unreal Projects/DDay_bp/Content/3D/platforms/mater/Crater/Crater_updown/Dirt_grass/Crater_updown_Crater_updown_Normal.uasset" 3719
"C:/Users/Librake/AppData/Local/UnrealEngine/Common/DerivedDataCache/Buckets/LegacyTEXTURE/d9/e3/045c7ddde36d34c9f12750571ce0be511e43.udd" 3720
"C:/Users/Librake/AppData/Local/UnrealEngine/Common/DerivedDataCache/Buckets/LegacyTEXTURE/56/26/ef696b2ef61e44a18ba714f9248956c2588c.udd" 3721
"C:/Users/Librake/AppData/Local/UnrealEngine/Common/DerivedDataCache/Buckets/LegacyTEXTURE/30/de/0b3efb04e53a30cf2a041cbaa78bb033049a.udd" 3722
"C:/Users/Librake/AppData/Local/UnrealEngine/Common/DerivedDataCache/Buckets/LegacyTEXTURE/64/55/4bd12ba34e56fb99a41949c0e9f37ccfd124.udd" 3723
"C:/Users/Librake/AppData/Local/UnrealEngine/Common/DerivedDataCache/Buckets/LegacyTEXTURE/83/11/41be524eed4641fc79220f767efd19e6cc3f.udd" 3724
"F:/Unreal Projects/DDay_bp/Content/3D/platforms/mater/Crater/Crater_updown/Dirt_grass/Crater_updown_Crater_updown_OcclusionRoughnessMetallic.uasset" 3725
"C:/Users/Librake/AppData/Local/UnrealEngine/Common/DerivedDataCache/Buckets/LegacyTEXTURE/82/ce/3e4ce7f68e28ba9ece623acc05663d13af5a.udd" 3726
"C:/Users/Librake/AppData/Local/UnrealEngine/Common/DerivedDataCache/Buckets/LegacyTEXTURE/15/1e/603901fb01f3b1a1955b36946e8bca352491.udd" 3727
"C:/Users/Librake/AppData/Local/UnrealEngine/Common/DerivedDataCache/Buckets/LegacyTEXTURE/13/0a/7821b02b2de1a6661968e2c555c7dd33b69c.udd" 3728
"C:/Users/Librake/AppData/Local/UnrealEngine/Common/DerivedDataCache/Buckets/LegacyTEXTURE/22/8b/847b7d56d73ac3a7b854dc06e0664eb2681c.udd" 3729
"C:/Users/Librake/AppData/Local/UnrealEngine/Common/DerivedDataCache/Buckets/LegacyTEXTURE/d1/fa/9c142c2db323e6ef0c91faee37f4a6c39b8b.udd" 3730
"C:/Users/Librake/AppData/Local/UnrealEngine/Common/DerivedDataCache/Buckets/LegacyTEXTURE/e7/d5/264e8b20e9c8f3c4cfc19cc078fbc54dc3b8.udd" 3731
"C:/Users/Librake/AppData/Local/UnrealEngine/Common/DerivedDataCache/Buckets/LegacyTEXTURE/09/e4/bb1f1e819db245b0920added1cb8e97594ed.udd" 3732
"C:/Users/Librake/AppData/Local/UnrealEngine/Common/DerivedDataCache/Buckets/LegacyTEXTURE/97/cf/fc3e4609facf19ebc7bad2532025b0730ec9.udd" 3733
"C:/Users/Librake/AppData/Local/UnrealEngine/Common/DerivedDataCache/Buckets/LegacyTEXTURE/27/45/d300a20a73e180dee9936e8989ccf59d302d.udd" 3734
"C:/Users/Librake/AppData/Local/UnrealEngine/Common/DerivedDataCache/Buckets/LegacyTEXTURE/16/88/0d1515c09d7a2f83cb3f5fbbaa38b37ae6a7.udd" 3735
"C:/Users/Librake/AppData/Local/UnrealEngine/Common/DerivedDataCache/Buckets/LegacyTEXTURE/a7/00/39b3f9fa015de4f36a193017222cee9e238f.udd" 3736
"C:/Users/Librake/AppData/Local/UnrealEngine/Common/DerivedDataCache/Buckets/LegacyTEXTURE/39/0c/def1aa1c717a8beeb083446053405810eb48.udd" 3737
"C:/Users/Librake/AppData/Local/UnrealEngine/Common/DerivedDataCache/Buckets/LegacyTEXTURE/51/27/cd9ae16f8f8ba183c5a4add0d9849975d552.udd" 3738
"C:/Users/Librake/AppData/Local/UnrealEngine/Common/DerivedDataCache/Buckets/LegacyTEXTURE/25/cb/f7a16e129517e09c8d06fb0820a4da40ecf2.udd" 3739
"C:/Users/Librake/AppData/Local/UnrealEngine/Common/DerivedDataCache/Buckets/LegacyTEXTURE/73/a6/2911fa26815eccdbcb344737fe8207ad6a5b.udd" 3740
"C:/Users/Librake/AppData/Local/UnrealEngine/Common/DerivedDataCache/Buckets/LegacyTEXTURE/65/fc/f6136ba42eea364a11c9a577a62eca7d94bd.udd" 3741
"C:/Users/Librake/AppData/Local/UnrealEngine/Common/DerivedDataCache/Buckets/LegacyTEXTURE/e1/39/a31d889efc5d8b8824d904401fb8a61eab27.udd" 3742
"C:/Users/Librake/AppData/Local/UnrealEngine/Common/DerivedDataCache/Buckets/LegacyTEXTURE/63/fb/5c52212e1a0a80912590fecf3b30297cd0a0.udd" 3743
"C:/Users/Librake/AppData/Local/UnrealEngine/Common/DerivedDataCache/Buckets/LegacyTEXTURE/fe/90/0553a5114f233e903b1919b7a12ff6df00e9.udd" 3744
"C:/Users/Librake/AppData/Local/UnrealEngine/Common/DerivedDataCache/Buckets/LegacyTEXTURE/12/fc/6b5a918a387a8e118d24e351924fcb552381.udd" 3745
"C:/Users/Librake/AppData/Local/UnrealEngine/Common/DerivedDataCache/Buckets/LegacyTEXTURE/7d/a6/c4843ce03b7862d9e33456b6dbe0019dd003.udd" 3746
"F:/Unreal Projects/DDay_bp/Content/3D/platforms/mater/Crater/Crater_updown/Grass/Crater_updown_Crater_updown_BaseColor.uasset" 3747
"C:/Users/Librake/AppData/Local/UnrealEngine/Common/DerivedDataCache/Buckets/LegacyTEXTURE/8c/05/1c113dfe0dfb46a70e26efb11500d0dbf839.udd" 3748
"C:/Users/Librake/AppData/Local/UnrealEngine/Common/DerivedDataCache/Buckets/LegacyTEXTURE/48/08/5f2a1e45d41ccafe28d0938b26e89aa0e8b1.udd" 3749
"C:/Users/Librake/AppData/Local/UnrealEngine/Common/DerivedDataCache/Buckets/LegacyTEXTURE/32/f4/7b4b26864a4099ee12498825c7ceee16e9d0.udd" 3750
"C:/Users/Librake/AppData/Local/UnrealEngine/Common/DerivedDataCache/Buckets/LegacyTEXTURE/19/f3/df4a359cee787a37dddb78e65d9d82610ca2.udd" 3751
"C:/Users/Librake/AppData/Local/UnrealEngine/Common/DerivedDataCache/Buckets/LegacyTEXTURE/4b/51/48dd077e3eb6ac2f4611526adcae41f51425.udd" 3752
"C:/Users/Librake/AppData/Local/UnrealEngine/Common/DerivedDataCache/Buckets/LegacyTEXTURE/d9/9d/977c8b48a5667c5af95d60bcd84ef9a5f6ae.udd" 3753
"C:/Users/Librake/AppData/Local/UnrealEngine/Common/DerivedDataCache/Buckets/LegacyTEXTURE/20/2e/bf2018d63c0f6e0a956d03c35009935ab6a0.udd" 3754
"C:/Users/Librake/AppData/Local/UnrealEngine/Common/DerivedDataCache/Buckets/LegacyTEXTURE/c8/67/9526516ed7f1e87a0b70cc2ef5c2b1c9d1b5.udd" 3755
"C:/Users/Librake/AppData/Local/UnrealEngine/Common/DerivedDataCache/Buckets/LegacyTEXTURE/35/58/82928f785875e146bdc06aca635deab0f751.udd" 3756
"C:/Users/Librake/AppData/Local/UnrealEngine/Common/DerivedDataCache/Buckets/LegacyTEXTURE/34/2e/401a9cd0d07aa830df0ada41017f679e0ac7.udd" 3757
"C:/Users/Librake/AppData/Local/UnrealEngine/Common/DerivedDataCache/Buckets/LegacyTEXTURE/8c/c2/efa3b82d366a2d36c05927028e25da53016e.udd" 3758
"C:/Users/Librake/AppData/Local/UnrealEngine/Common/DerivedDataCache/Buckets/LegacyTEXTURE/0e/1e/7b96ab2bc47b00b5903efccaf551cc9e82cc.udd" 3759
"C:/Users/Librake/AppData/Local/UnrealEngine/Common/DerivedDataCache/Buckets/LegacyTEXTURE/20/5f/afee0821389dd0df35b33cbc7ff1832112c4.udd" 3760
"C:/Users/Librake/AppData/Local/UnrealEngine/Common/DerivedDataCache/Buckets/LegacyTEXTURE/b6/d6/38b001e3423d5974edacea2bd990a731977b.udd" 3761
"C:/Users/Librake/AppData/Local/UnrealEngine/Common/DerivedDataCache/Buckets/LegacyTEXTURE/a9/26/0a882215301197c20091d3be67af351acdd2.udd" 3762
"C:/Users/Librake/AppData/Local/UnrealEngine/Common/DerivedDataCache/Buckets/LegacyTEXTURE/49/ad/1e28b9579579b5a58739d0c8bf620f43c484.udd" 3763
"C:/Users/Librake/AppData/Local/UnrealEngine/Common/DerivedDataCache/Buckets/LegacyTEXTURE/cf/f8/9b5521b36a550190ae83abcd52ce4ab2fc6b.udd" 3764
"C:/Users/Librake/AppData/Local/UnrealEngine/Common/DerivedDataCache/Buckets/LegacyTEXTURE/a7/b0/0c9190aa6023ef1c9b9451a4667f5ce3f1ce.udd" 3765
"C:/Users/Librake/AppData/Local/UnrealEngine/Common/DerivedDataCache/Buckets/LegacyTEXTURE/92/4c/423eff3e867deabab4cdef95215d092904f2.udd" 3766
"C:/Users/Librake/AppData/Local/UnrealEngine/Common/DerivedDataCache/Buckets/LegacyTEXTURE/b4/d3/8bb200db6473cf0cd80c171336edd65f0022.udd" 3767
"C:/Users/Librake/AppData/Local/UnrealEngine/Common/DerivedDataCache/Buckets/LegacyTEXTURE/d9/fb/9fc4ac3a23d4ecb4b0ee7ab94d8a45f9dd29.udd" 3768
"C:/Users/Librake/AppData/Local/UnrealEngine/Common/DerivedDataCache/Buckets/LegacyTEXTURE/40/73/033b871e856fb64682cd413a8ce39b942385.udd" 3769
"C:/Users/Librake/AppData/Local/UnrealEngine/Common/DerivedDataCache/Buckets/LegacyTEXTURE/0e/26/9c3d9c5acf731670475313e0e827c3123593.udd" 3770
"C:/Users/Librake/AppData/Local/UnrealEngine/Common/DerivedDataCache/Buckets/LegacyTEXTURE/54/7d/8039e57cc558f264356a276e041c5cbb4d0c.udd" 3771
"C:/Users/Librake/AppData/Local/UnrealEngine/Common/DerivedDataCache/Buckets/LegacyTEXTURE/fe/81/7e3a4d25c6fa8acbfbc8810293776a47b790.udd" 3772
"F:/Unreal Projects/DDay_bp/Content/3D/platforms/mater/Crater/Crater_updown/Grass/Crater_updown_Crater_updown_Normal.uasset" 3773
"C:/Users/Librake/AppData/Local/UnrealEngine/Common/DerivedDataCache/Buckets/LegacyTEXTURE/c2/2a/5a8835e25e8d0479a96ca9a2a06352425a6a.udd" 3774
"C:/Users/Librake/AppData/Local/UnrealEngine/Common/DerivedDataCache/Buckets/LegacyTEXTURE/56/f2/dcc55955ae0fa83901516e4682451ef1fa7f.udd" 3775
"C:/Users/Librake/AppData/Local/UnrealEngine/Common/DerivedDataCache/Buckets/LegacyTEXTURE/14/02/0be037628cf17d75e7b5d5bddb77dd3fba5e.udd" 3776
"C:/Users/Librake/AppData/Local/UnrealEngine/Common/DerivedDataCache/Buckets/LegacyTEXTURE/f0/2c/41b17560aad5046d1441722a6abb58c7f573.udd" 3777
"C:/Users/Librake/AppData/Local/UnrealEngine/Common/DerivedDataCache/Buckets/LegacyTEXTURE/9e/e2/6605b1fb42e49219758b0ac9ab1097d8699d.udd" 3778
"C:/Users/Librake/AppData/Local/UnrealEngine/Common/DerivedDataCache/Buckets/LegacyTEXTURE/ae/0c/66dcc65d1ae183e8bfdf96e4581dc78720b3.udd" 3779
"C:/Users/Librake/AppData/Local/UnrealEngine/Common/DerivedDataCache/Buckets/LegacyTEXTURE/de/e8/044ea55e97b7a6cd6e6ee4fa5e1e810f9f83.udd" 3780
"C:/Users/Librake/AppData/Local/UnrealEngine/Common/DerivedDataCache/Buckets/LegacyTEXTURE/7e/c5/07642ff81543c87ae9b7446ccc2418f47ea0.udd" 3781
"C:/Users/Librake/AppData/Local/UnrealEngine/Common/DerivedDataCache/Buckets/LegacyTEXTURE/b2/e8/d76ff156b96b15c05ec3db624f8327fe0c67.udd" 3782
"F:/Unreal Projects/DDay_bp/Content/3D/platforms/mater/Crater/Crater_updown/Grass/Crater_updown_Crater_updown_OcclusionRoughnessMetallic.uasset" 3783
"C:/Users/Librake/AppData/Local/UnrealEngine/Common/DerivedDataCache/Buckets/LegacyTEXTURE/22/65/2d85d6a56d62b51d771d90590a232c381c18.udd" 3784
"C:/Users/Librake/AppData/Local/UnrealEngine/Common/DerivedDataCache/Buckets/LegacyTEXTURE/3d/df/4c4edd08671661d2014abd94a325d16a686a.udd" 3785
"C:/Users/Librake/AppData/Local/UnrealEngine/Common/DerivedDataCache/Buckets/LegacyTEXTURE/f3/ff/521279f4b4a005765c4cda6bed21d4c98b86.udd" 3786
"C:/Users/Librake/AppData/Local/UnrealEngine/Common/DerivedDataCache/Buckets/LegacyTEXTURE/0c/33/e08e8ab05d1d26808b2b9e2ece5f2e21b4b6.udd" 3787
"C:/Users/Librake/AppData/Local/UnrealEngine/Common/DerivedDataCache/Buckets/LegacyTEXTURE/44/d6/979d1c4b9c532be0d2b8fd511d746ed4f3ae.udd" 3788
"C:/Users/Librake/AppData/Local/UnrealEngine/Common/DerivedDataCache/Buckets/LegacyTEXTURE/8e/09/4ca933b9b0c16de973c14c863f270c9e234c.udd" 3789
"F:/Unreal Projects/DDay_bp/Content/3D/platforms/mater/Crater/Crater_updown/Gray_dirt/Crater_updown_Crater_updown_BaseColor.uasset" 3790
"C:/Users/Librake/AppData/Local/UnrealEngine/Common/DerivedDataCache/Buckets/LegacyTEXTURE/96/89/96f76619d225baa1323adcf92db79ff56711.udd" 3791
"C:/Users/Librake/AppData/Local/UnrealEngine/Common/DerivedDataCache/Buckets/LegacyTEXTURE/c6/d5/08fa84f68724672cd72938332955e3390852.udd" 3792
"C:/Users/Librake/AppData/Local/UnrealEngine/Common/DerivedDataCache/Buckets/LegacyTEXTURE/09/ed/a7e86e5e67f164cc337d910076e50dac5db8.udd" 3793
"F:/Unreal Projects/DDay_bp/Content/3D/platforms/mater/Crater/Crater_updown/Gray_dirt/Crater_updown_Crater_updown_Normal.uasset" 3794
"C:/Users/Librake/AppData/Local/UnrealEngine/Common/DerivedDataCache/Buckets/LegacyTEXTURE/3c/c2/d927788d542d490916e9149ea034e063a915.udd" 3795
"C:/Users/Librake/AppData/Local/UnrealEngine/Common/DerivedDataCache/Buckets/LegacyTEXTURE/4a/74/dda41d1e1a62b931b458a99b099a3427cf4f.udd" 3796
"C:/Users/Librake/AppData/Local/UnrealEngine/Common/DerivedDataCache/Buckets/LegacyTEXTURE/7e/4e/520be7181281662021356974bda6a99e963f.udd" 3797
"C:/Users/Librake/AppData/Local/UnrealEngine/Common/DerivedDataCache/Buckets/LegacyTEXTURE/8e/4e/6c589de95376b0b74a6de59b865d46871859.udd" 3798
"C:/Users/Librake/AppData/Local/UnrealEngine/Common/DerivedDataCache/Buckets/LegacyTEXTURE/e1/e0/319cb5a9b6caf7921ab6d75ebdb8197ba182.udd" 3799
"C:/Users/Librake/AppData/Local/UnrealEngine/Common/DerivedDataCache/Buckets/LegacyTEXTURE/6d/24/fd59248620a819b62a7d6d53b8ccc6d0b864.udd" 3800
"C:/Users/Librake/AppData/Local/UnrealEngine/Common/DerivedDataCache/Buckets/LegacyTEXTURE/e0/1a/b0b912e851cc4f2c795265571534f600dfac.udd" 3801
"C:/Users/Librake/AppData/Local/UnrealEngine/Common/DerivedDataCache/Buckets/LegacyTEXTURE/9d/72/f7a22f3a4312fd4d1f5bbd7f0a19e8029ad3.udd" 3802
"C:/Users/Librake/AppData/Local/UnrealEngine/Common/DerivedDataCache/Buckets/LegacyTEXTURE/b3/2b/778efa57f6f9b6801542733a30f5c58239d9.udd" 3803
"C:/Users/Librake/AppData/Local/UnrealEngine/Common/DerivedDataCache/Buckets/LegacyTEXTURE/b7/86/9ceed9320993bb03e7c2130d8e31b663033a.udd" 3804
"C:/Users/Librake/AppData/Local/UnrealEngine/Common/DerivedDataCache/Buckets/LegacyTEXTURE/43/97/ab97b5108d7f15166d51c32660269ff6bb49.udd" 3805
"C:/Users/Librake/AppData/Local/UnrealEngine/Common/DerivedDataCache/Buckets/LegacyTEXTURE/23/3e/1baaa070935a61592ffa8b3310aea7482f48.udd" 3806
"C:/Users/Librake/AppData/Local/UnrealEngine/Common/DerivedDataCache/Buckets/LegacyTEXTURE/a1/a8/b4ad2f50e2c32ac76494f5ae43b57e8a3fbf.udd" 3807
"C:/Users/Librake/AppData/Local/UnrealEngine/Common/DerivedDataCache/Buckets/LegacyTEXTURE/32/95/a275138ca5e3cd103a098d0363eb610df673.udd" 3808
"C:/Users/Librake/AppData/Local/UnrealEngine/Common/DerivedDataCache/Buckets/LegacyTEXTURE/7c/a9/067919271da5f0cd7605b62608580b192150.udd" 3809
"C:/Users/Librake/AppData/Local/UnrealEngine/Common/DerivedDataCache/Buckets/LegacyTEXTURE/f0/7f/92ce9ffe3c4960624e88b911b65cf1553e8a.udd" 3810
"C:/Users/Librake/AppData/Local/UnrealEngine/Common/DerivedDataCache/Buckets/LegacyTEXTURE/4f/3f/b74c35ffde824635bcc7e259433c0d4fad9e.udd" 3811
"F:/Unreal Projects/DDay_bp/Content/3D/platforms/mater/Crater/Crater_updown/Gray_dirt/Crater_updown_Crater_updown_OcclusionRoughnessMetallic.uasset" 3812
"C:/Users/Librake/AppData/Local/UnrealEngine/Common/DerivedDataCache/Buckets/LegacyTEXTURE/34/12/419a8cb2d3b600a5240c5c7334e05047e61e.udd" 3813
"C:/Users/Librake/AppData/Local/UnrealEngine/Common/DerivedDataCache/Buckets/LegacyTEXTURE/a9/b3/98b57c664d2a68fcc6ef5978acc795a3bf87.udd" 3814
"C:/Users/Librake/AppData/Local/UnrealEngine/Common/DerivedDataCache/Buckets/LegacyTEXTURE/23/e8/edcd5b9c97a1a58f8db2a704d0ee39520891.udd" 3815
"C:/Users/Librake/AppData/Local/UnrealEngine/Common/DerivedDataCache/Buckets/LegacyTEXTURE/fa/4f/0b15683f74362cee4245546b9d845297e107.udd" 3816
"C:/Users/Librake/AppData/Local/UnrealEngine/Common/DerivedDataCache/Buckets/LegacyTEXTURE/6a/9a/d14edf87e7568f29a28cb8cfe6466b74db78.udd" 3817
"C:/Users/Librake/AppData/Local/UnrealEngine/Common/DerivedDataCache/Buckets/LegacyTEXTURE/81/fd/f8408c1e8e976d34d574db2f78c6742794e1.udd" 3818
"C:/Users/Librake/AppData/Local/UnrealEngine/Common/DerivedDataCache/Buckets/LegacyTEXTURE/3a/f7/65172631e5cab7a9529b90847680ec0358f8.udd" 3819
"C:/Users/Librake/AppData/Local/UnrealEngine/Common/DerivedDataCache/Buckets/LegacyTEXTURE/f0/7e/ead27596605ef49208d8fdbf71f914a133a2.udd" 3820
"C:/Users/Librake/AppData/Local/UnrealEngine/Common/DerivedDataCache/Buckets/LegacyTEXTURE/eb/8d/b5e0e2e6f6b56b23aea9aa7b4ce133c4e904.udd" 3821
"C:/Users/Librake/AppData/Local/UnrealEngine/Common/DerivedDataCache/Buckets/LegacyTEXTURE/cc/0b/ff6d0fca96be725060e2743c9738797dbc6c.udd" 3822
"C:/Users/Librake/AppData/Local/UnrealEngine/Common/DerivedDataCache/Buckets/LegacyTEXTURE/ec/53/46c7d746c22baf37e351cae236825556d59d.udd" 3823
"C:/Users/Librake/AppData/Local/UnrealEngine/Common/DerivedDataCache/Buckets/LegacyTEXTURE/46/78/b36b9dcadf3f8e97b9097ef9cec16f7c9a76.udd" 3824
"C:/Users/Librake/AppData/Local/UnrealEngine/Common/DerivedDataCache/Buckets/LegacyTEXTURE/cd/f7/78348b72b25c49ebb952a856c9d2a3926804.udd" 3825
"C:/Users/Librake/AppData/Local/UnrealEngine/Common/DerivedDataCache/Buckets/LegacyTEXTURE/ac/b6/16bf9bba92dd44086706d69df96433fb0471.udd" 3826
"C:/Users/Librake/AppData/Local/UnrealEngine/Common/DerivedDataCache/Buckets/LegacyTEXTURE/e0/b6/0aaaa66ae79955bcabb4753bc939754f6aac.udd" 3827
"C:/Users/Librake/AppData/Local/UnrealEngine/Common/DerivedDataCache/Buckets/LegacyTEXTURE/fb/d0/d6a114f86b62bf7b439517aeced2d95f2ee9.udd" 3828
"C:/Users/Librake/AppData/Local/UnrealEngine/Common/DerivedDataCache/Buckets/LegacyTEXTURE/bd/b2/f432be495eff82f14d2c2637d4439ed38b0b.udd" 3829
"C:/Users/Librake/AppData/Local/UnrealEngine/Common/DerivedDataCache/Buckets/LegacyTEXTURE/10/c0/6988f78fd78b1033e92ac8d8668c371777de.udd" 3830
"C:/Users/Librake/AppData/Local/UnrealEngine/Common/DerivedDataCache/Buckets/LegacyTEXTURE/44/b6/b017ba8e1596ac32908a9b17d63f037c9998.udd" 3831
"C:/Users/Librake/AppData/Local/UnrealEngine/Common/DerivedDataCache/Buckets/LegacyTEXTURE/80/b2/e36da104f98ba1a8c3ffe685767ebcdc6bb5.udd" 3832
"C:/Users/Librake/AppData/Local/UnrealEngine/Common/DerivedDataCache/Buckets/LegacyTEXTURE/8f/0d/3e01caf949ee26b400fcbfc0ce220d5de05c.udd" 3833
"C:/Users/Librake/AppData/Local/UnrealEngine/Common/DerivedDataCache/Buckets/LegacyTEXTURE/ea/3a/9ddce9c3712be0b939addad1b1356343dedb.udd" 3834
"C:/Users/Librake/AppData/Local/UnrealEngine/Common/DerivedDataCache/Buckets/LegacyTEXTURE/7a/6e/affdc32a5179ff305a5d156d3aeb414f58a5.udd" 3835
"C:/Users/Librake/AppData/Local/UnrealEngine/Common/DerivedDataCache/Buckets/LegacyTEXTURE/d5/89/2d4bebc0b81702468479ab1fdba178021335.udd" 3836
"C:/Users/Librake/AppData/Local/UnrealEngine/Common/DerivedDataCache/Buckets/LegacyTEXTURE/8e/4a/2a5a00ee27451b49c7af273246015c11c4ae.udd" 3837
"C:/Users/Librake/AppData/Local/UnrealEngine/Common/DerivedDataCache/Buckets/LegacyTEXTURE/b9/8a/50b7f06b2cc373bf84d147c19125e68a0750.udd" 3838
"C:/Users/Librake/AppData/Local/UnrealEngine/Common/DerivedDataCache/Buckets/LegacyTEXTURE/1c/d1/e10cefcc20dc2464100c4f74400ce2507295.udd" 3839
"C:/Users/Librake/AppData/Local/UnrealEngine/Common/DerivedDataCache/Buckets/LegacyTEXTURE/df/50/f8ba92275c14d7c918c51cf80780a2f526d9.udd" 3840
"C:/Users/Librake/AppData/Local/UnrealEngine/Common/DerivedDataCache/Buckets/LegacyTEXTURE/e2/ed/e3f1594f064a366b6c421e142f78143a5a27.udd" 3841
"C:/Users/Librake/AppData/Local/UnrealEngine/Common/DerivedDataCache/Buckets/LegacyTEXTURE/2d/2e/1804a327470a53d6020d4283adfc89b8ace0.udd" 3842
"F:/Unreal Projects/DDay_bp/Content/3D/platforms/mater/Crater/Crater_updown/Water/Crater_updown_Crater_updown_BaseColor.uasset" 3843
"C:/Users/Librake/AppData/Local/UnrealEngine/Common/DerivedDataCache/Buckets/LegacyTEXTURE/bb/3b/64d913031a3ca040863d6f00b4d476d8bb31.udd" 3844
"C:/Users/Librake/AppData/Local/UnrealEngine/Common/DerivedDataCache/Buckets/LegacyTEXTURE/75/f1/4f9153815b4fa3cf193678d6bbfbff214559.udd" 3845
"C:/Users/Librake/AppData/Local/UnrealEngine/Common/DerivedDataCache/Buckets/LegacyTEXTURE/05/2d/7c0c13992c4bc6a5c2c99c45e2e0acf60bdd.udd" 3846
"C:/Users/Librake/AppData/Local/UnrealEngine/Common/DerivedDataCache/Buckets/LegacyTEXTURE/8a/e3/4708f4bebdd86cd19ab671c68c40179631dc.udd" 3847
"C:/Users/Librake/AppData/Local/UnrealEngine/Common/DerivedDataCache/Buckets/LegacyTEXTURE/a9/ee/854736c68fad238fd46f1c5625383f06cb2f.udd" 3848
"C:/Users/Librake/AppData/Local/UnrealEngine/Common/DerivedDataCache/Buckets/LegacyTEXTURE/1b/50/50a3535ebf0455d56d9d775699898562b271.udd" 3849
"F:/Unreal Projects/DDay_bp/Content/3D/platforms/mater/Crater/Crater_updown/Water/Crater_updown_Crater_updown_Normal.uasset" 3850
"C:/Users/Librake/AppData/Local/UnrealEngine/Common/DerivedDataCache/Buckets/LegacyTEXTURE/08/3a/6b52dfaa7596c13e95c77b62b0fb3069da8c.udd" 3851
"C:/Users/Librake/AppData/Local/UnrealEngine/Common/DerivedDataCache/Buckets/LegacyTEXTURE/85/2c/86ea6b1c25a0344bb37d1120c27d593903f7.udd" 3852
"C:/Users/Librake/AppData/Local/UnrealEngine/Common/DerivedDataCache/Buckets/LegacyTEXTURE/b0/9d/7079946e2c86fc4b887b69190515e426b42a.udd" 3853
"C:/Users/Librake/AppData/Local/UnrealEngine/Common/DerivedDataCache/Buckets/LegacyTEXTURE/cf/42/548ec41e47df0618d769cc91fc477a854b44.udd" 3854
"C:/Users/Librake/AppData/Local/UnrealEngine/Common/DerivedDataCache/Buckets/LegacyTEXTURE/72/7a/33edc821032ae4ed72f3aa5f0547386d9a84.udd" 3855
"F:/Unreal Projects/DDay_bp/Content/3D/platforms/mater/Crater/Crater_updown/Water/Crater_updown_Crater_updown_OcclusionRoughnessMetallic.uasset" 3856
"C:/Users/Librake/AppData/Local/UnrealEngine/Common/DerivedDataCache/Buckets/LegacyTEXTURE/4a/be/5e1b85edf6b583501fadebb8cd2b6ba0ca05.udd" 3857
"C:/Users/Librake/AppData/Local/UnrealEngine/Common/DerivedDataCache/Buckets/LegacyTEXTURE/ef/06/76f008a257acbc918d32d8a8b7f4c1ad6edc.udd" 3858
"C:/Users/Librake/AppData/Local/UnrealEngine/Common/DerivedDataCache/Buckets/LegacyTEXTURE/1f/4d/a361b039ec0afc98c4f61e6d66a899a99b6f.udd" 3859
"C:/Users/Librake/AppData/Local/UnrealEngine/Common/DerivedDataCache/Buckets/LegacyTEXTURE/8a/f6/ea6c048ad7f0a212ce128c46eb5f226da2ee.udd" 3860
"C:/Users/Librake/AppData/Local/UnrealEngine/Common/DerivedDataCache/Buckets/LegacyTEXTURE/14/42/46b79a7ba98b9556a03ae992166ece655ac9.udd" 3861
"C:/Users/Librake/AppData/Local/UnrealEngine/Common/DerivedDataCache/Buckets/LegacyTEXTURE/13/27/732602c92955b56414ee74b52aac36775ac2.udd" 3862
"C:/Users/Librake/AppData/Local/UnrealEngine/Common/DerivedDataCache/Buckets/BulkDataList/55/a1/0f8ea1f97f456e53b9ede55cbbeee832006c.udd" 3863
"C:/Users/Librake/AppData/Local/UnrealEngine/Common/DerivedDataCache/Buckets/LegacyTEXTURE/f2/37/5c30ae0eb303ab742be8516ff61ffc4c4fe2.udd" 3864
"F:/Unreal Projects/DDay_bp/Content/3D/platforms/mater/explosion/explosion_explosion_BaseColor.uasset" 3865
"C:/Users/Librake/AppData/Local/UnrealEngine/Common/DerivedDataCache/Buckets/LegacyTEXTURE/84/41/9fc98f2c0f56eb61ad7844c405e679efa516.udd" 3866
"C:/Users/Librake/AppData/Local/UnrealEngine/Common/DerivedDataCache/Buckets/LegacyTEXTURE/b5/bf/d363a70f2744671876acbdacb779d0368333.udd" 3867
"C:/Users/Librake/AppData/Local/UnrealEngine/Common/DerivedDataCache/Buckets/LegacyTEXTURE/81/b4/0a6705bbf17c83e00b2fb894edd4400d1db6.udd" 3868
"C:/Users/Librake/AppData/Local/UnrealEngine/Common/DerivedDataCache/Buckets/LegacyTEXTURE/3e/12/17f5ddd4dcadb125df23951859cde7b64ada.udd" 3869
"C:/Users/Librake/AppData/Local/UnrealEngine/Common/DerivedDataCache/Buckets/LegacyTEXTURE/66/80/9a4646a5c16cf5c3634df2b37cb6629b87ce.udd" 3870
"C:/Users/Librake/AppData/Local/UnrealEngine/Common/DerivedDataCache/Buckets/LegacyTEXTURE/f0/c1/a38aad50669375e5d8818a5cb9207eece2cb.udd" 3871
"C:/Users/Librake/AppData/Local/UnrealEngine/Common/DerivedDataCache/Buckets/LegacyTEXTURE/9a/d1/afc6663e4749dfad9098729e12b14df16c78.udd" 3872
"C:/Users/Librake/AppData/Local/UnrealEngine/Common/DerivedDataCache/Buckets/LegacyTEXTURE/52/cb/222d1f106bd269d5dc30a26b27ba2f87ef8e.udd" 3873
"C:/Users/Librake/AppData/Local/UnrealEngine/Common/DerivedDataCache/Buckets/LegacyTEXTURE/5c/e4/f82e6956054ad661aba173861eeddf2793c0.udd" 3874
"C:/Users/Librake/AppData/Local/UnrealEngine/Common/DerivedDataCache/Buckets/LegacyTEXTURE/97/00/869f23d32583f87a1d47489bbc6c326791a7.udd" 3875
"C:/Users/Librake/AppData/Local/UnrealEngine/Common/DerivedDataCache/Buckets/LegacyTEXTURE/23/1b/6409ae510548cdce0f71e8932f8a7929a837.udd" 3876
"C:/Users/Librake/AppData/Local/UnrealEngine/Common/DerivedDataCache/Buckets/LegacyTEXTURE/18/b1/cfc84a6e7d1d0d391aa0064853a3a7a2575f.udd" 3877
"C:/Users/Librake/AppData/Local/UnrealEngine/Common/DerivedDataCache/Buckets/LegacyTEXTURE/88/a9/ce06d7974fe79bf535a4fef64ee5561b3ab8.udd" 3878
"C:/Users/Librake/AppData/Local/UnrealEngine/Common/DerivedDataCache/Buckets/LegacyTEXTURE/e3/aa/db50bb615d20dd7217b385b1e0f76147bd5a.udd" 3879
"C:/Users/Librake/AppData/Local/UnrealEngine/Common/DerivedDataCache/Buckets/LegacyTEXTURE/1a/ab/346be1f27d02668b5dea2dc8282bb7e4f77b.udd" 3880
"C:/Users/Librake/AppData/Local/UnrealEngine/Common/DerivedDataCache/Buckets/BulkDataList/ff/7d/f9f911ecf11f0d102e1bb18cb871d3aad694.udd" 3881
"F:/Unreal Projects/DDay_bp/Content/3D/platforms/mater/explosion/explosion_explosion_Normal.uasset" 3882
"C:/Users/Librake/AppData/Local/UnrealEngine/Common/DerivedDataCache/Buckets/LegacyTEXTURE/21/5e/aaba47e1572b729a34b6302dbb601db05af2.udd" 3883
"C:/Users/Librake/AppData/Local/UnrealEngine/Common/DerivedDataCache/Buckets/LegacyTEXTURE/51/3d/204afd36068b20bd69568c584d1a0d996e67.udd" 3884
"C:/Users/Librake/AppData/Local/UnrealEngine/Common/DerivedDataCache/Buckets/LegacyTEXTURE/7e/f7/04c579cfb24455d4c9b01fea0bc5f24331f4.udd" 3885
"C:/Users/Librake/AppData/Local/UnrealEngine/Common/DerivedDataCache/Buckets/LegacyTEXTURE/5c/1d/d2456c917be8526d435231abdf5d086aaced.udd" 3886
"C:/Users/Librake/AppData/Local/UnrealEngine/Common/DerivedDataCache/Buckets/LegacyTEXTURE/9b/74/8d8b80d44b25090b42caee4acffb5ef297ad.udd" 3887
"C:/Users/Librake/AppData/Local/UnrealEngine/Common/DerivedDataCache/Buckets/LegacyTEXTURE/b8/20/179c32d04ba8948c20787378efca02712fa2.udd" 3888
"C:/Users/Librake/AppData/Local/UnrealEngine/Common/DerivedDataCache/Buckets/BulkDataList/a2/48/909da7942ca9971e9044e00ddedc4e2b4b0b.udd" 3889
"F:/Unreal Projects/DDay_bp/Content/3D/platforms/mater/explosion/explosion_explosion_OcclusionRoughnessMetallic.uasset" 3890
"C:/Users/Librake/AppData/Local/UnrealEngine/Common/DerivedDataCache/Buckets/LegacyTEXTURE/97/3d/7cea9e841de81ca7db55236c942287bcb414.udd" 3891
"C:/Users/Librake/AppData/Local/UnrealEngine/Common/DerivedDataCache/Buckets/LegacyTEXTURE/24/2b/f6c825ade3d6fbafa3632836acd790e8d2ba.udd" 3892
"C:/Users/Librake/AppData/Local/UnrealEngine/Common/DerivedDataCache/Buckets/LegacyTEXTURE/6c/6d/02400acc6ce81e7885525979d570af3309bb.udd" 3893
"C:/Users/Librake/AppData/Local/UnrealEngine/Common/DerivedDataCache/Buckets/LegacyTEXTURE/8e/75/d4db2031d5cbcb47478f14d4cf94b98405ab.udd" 3894
"C:/Users/Librake/AppData/Local/UnrealEngine/Common/DerivedDataCache/Buckets/LegacyTEXTURE/99/71/fe3b624f6ca3019dc9f5dd99e8e5b09e2610.udd" 3895
"C:/Users/Librake/AppData/Local/UnrealEngine/Common/DerivedDataCache/Buckets/LegacyTEXTURE/f0/6a/8502d5d684e24afd266b27d387a167d0da85.udd" 3896
"C:/Users/Librake/AppData/Local/UnrealEngine/Common/DerivedDataCache/Buckets/LegacyTEXTURE/81/e5/2f82a6141e9009f8219db13c08ffa472699e.udd" 3897
"C:/Users/Librake/AppData/Local/UnrealEngine/Common/DerivedDataCache/Buckets/LegacyTEXTURE/3f/d5/73e6475a8e8f106cabd3c6160622906138fe.udd" 3898
"C:/Users/Librake/AppData/Local/UnrealEngine/Common/DerivedDataCache/Buckets/BulkDataList/ed/69/da997dac74b88cee3216664db3778b61626e.udd" 3899
"C:/Users/Librake/AppData/Local/UnrealEngine/Common/DerivedDataCache/Buckets/LegacyTEXTURE/c2/55/bdc413d005a6049f0623d8bbece46b65eef3.udd" 3900
"C:/Users/Librake/AppData/Local/UnrealEngine/Common/DerivedDataCache/Buckets/LegacyTEXTURE/55/c9/6b5cbd1a915e703337dc9f9bd3f52eedf52a.udd" 3901
"F:/Unreal Projects/DDay_bp/Content/3D/platforms/mater/Platform/dirt/box_DefaultMaterial_BaseColor.uasset" 3902
"C:/Users/Librake/AppData/Local/UnrealEngine/Common/DerivedDataCache/Buckets/LegacyTEXTURE/1a/43/49c860908640c86ea11a905985b824d2a78c.udd" 3903
"C:/Users/Librake/AppData/Local/UnrealEngine/Common/DerivedDataCache/Buckets/LegacyTEXTURE/5f/44/5ec5207b2dbc0700259c20d140f6fdb59957.udd" 3904
"C:/Users/Librake/AppData/Local/UnrealEngine/Common/DerivedDataCache/Buckets/LegacyTEXTURE/c6/78/756cfc7b25ab445c0636eed6bf335adaac65.udd" 3905
"C:/Users/Librake/AppData/Local/UnrealEngine/Common/DerivedDataCache/Buckets/LegacyTEXTURE/aa/da/863d83f094c2540918db235c917f2fccab0b.udd" 3906
"C:/Users/Librake/AppData/Local/UnrealEngine/Common/DerivedDataCache/Buckets/LegacyTEXTURE/2e/1b/ed145af6794d989c1fbbdaa0cd34b16b02ef.udd" 3907
"C:/Users/Librake/AppData/Local/UnrealEngine/Common/DerivedDataCache/Buckets/LegacyTEXTURE/09/e7/2230a67fa66b6cf14df7cfc756ecd75527cd.udd" 3908
"C:/Users/Librake/AppData/Local/UnrealEngine/Common/DerivedDataCache/Buckets/LegacyTEXTURE/aa/99/c55ca568e1d0349c2e9c65fed5dc6cf127bd.udd" 3909
"C:/Users/Librake/AppData/Local/UnrealEngine/Common/DerivedDataCache/Buckets/LegacyTEXTURE/d4/c5/d1c093a4fe2338fd60a2d71ff2cb5f3d0430.udd" 3910
"C:/Users/Librake/AppData/Local/UnrealEngine/Common/DerivedDataCache/Buckets/LegacyTEXTURE/4f/6e/9c7e21381360b919c657e5f8069ff31bd960.udd" 3911
"C:/Users/Librake/AppData/Local/UnrealEngine/Common/DerivedDataCache/Buckets/LegacyTEXTURE/a2/41/8fb050adc5211773ceed76c08e46733cf61a.udd" 3912
"C:/Users/Librake/AppData/Local/UnrealEngine/Common/DerivedDataCache/Buckets/LegacyTEXTURE/6a/4f/d301b1c933262de785c03e4708b0a58d61bb.udd" 3913
"C:/Users/Librake/AppData/Local/UnrealEngine/Common/DerivedDataCache/Buckets/LegacyTEXTURE/d5/e9/814044a69cf633cb837c80a3117f0e245231.udd" 3914
"C:/Users/Librake/AppData/Local/UnrealEngine/Common/DerivedDataCache/Buckets/LegacyTEXTURE/26/cf/476a0b2505e743252efb8540868019529e61.udd" 3915
"C:/Users/Librake/AppData/Local/UnrealEngine/Common/DerivedDataCache/Buckets/LegacyTEXTURE/37/d1/ac808cb4ddc97070bf77c277979193dc35bf.udd" 3916
"C:/Users/Librake/AppData/Local/UnrealEngine/Common/DerivedDataCache/Buckets/LegacyTEXTURE/63/09/59b343850e78f54635525501a130a4d75b83.udd" 3917
"C:/Users/Librake/AppData/Local/UnrealEngine/Common/DerivedDataCache/Buckets/LegacyTEXTURE/4d/4a/e3fe8dfd287ffc3c4485f7ce84d4e50d5f33.udd" 3918
"C:/Users/Librake/AppData/Local/UnrealEngine/Common/DerivedDataCache/Buckets/LegacyTEXTURE/ce/d8/094e15b2697690d02159f1962e9f51a687d8.udd" 3919
"F:/Unreal Projects/DDay_bp/Content/3D/platforms/mater/Platform/dirt/box_DefaultMaterial_Normal.uasset" 3920
"C:/Users/Librake/AppData/Local/UnrealEngine/Common/DerivedDataCache/Buckets/LegacyTEXTURE/f5/09/50f9cbc351501ec9f0801c77dcef08ad8d51.udd" 3921
"C:/Users/Librake/AppData/Local/UnrealEngine/Common/DerivedDataCache/Buckets/LegacyTEXTURE/21/bc/f296f4126bb60f8d9cba806f186c91fa0db6.udd" 3922
"C:/Users/Librake/AppData/Local/UnrealEngine/Common/DerivedDataCache/Buckets/LegacyTEXTURE/44/d3/d8da614d39bfb9ee03485c17452c82f4567e.udd" 3923
"C:/Users/Librake/AppData/Local/UnrealEngine/Common/DerivedDataCache/Buckets/LegacyTEXTURE/2a/98/f11b86593df667a754d340e988dacac82b1d.udd" 3924
"C:/Users/Librake/AppData/Local/UnrealEngine/Common/DerivedDataCache/Buckets/LegacyTEXTURE/78/98/8e8c17f31363ae0750229a36591460fee5da.udd" 3925
"C:/Users/Librake/AppData/Local/UnrealEngine/Common/DerivedDataCache/Buckets/LegacyTEXTURE/a4/85/eb8cd547f2a35b522ba2f71f0582f40e3f9c.udd" 3926
"C:/Users/Librake/AppData/Local/UnrealEngine/Common/DerivedDataCache/Buckets/LegacyTEXTURE/21/d5/bdbd625c198c091fd3b6206ae9cd3b31a067.udd" 3927
"C:/Users/Librake/AppData/Local/UnrealEngine/Common/DerivedDataCache/Buckets/BulkDataList/dc/e8/612e5861055ae96153a13e5ed96fe4774f96.udd" 3928
"C:/Users/Librake/AppData/Local/UnrealEngine/Common/DerivedDataCache/Buckets/LegacyTEXTURE/96/22/c0119f8a618ff9a37502d942cb175a1a793b.udd" 3929
"C:/Users/Librake/AppData/Local/UnrealEngine/Common/DerivedDataCache/Buckets/LegacyTEXTURE/6a/b0/0cd36c18a42bc4259fc6bf57e99e4f82a2da.udd" 3930
"C:/Users/Librake/AppData/Local/UnrealEngine/Common/DerivedDataCache/Buckets/LegacyTEXTURE/12/8c/fe615353bc8fb13d56a92816c0123cb1b147.udd" 3931
"C:/Users/Librake/AppData/Local/UnrealEngine/Common/DerivedDataCache/Buckets/LegacyTEXTURE/da/a5/d8bb07afec398d7394afa34c8a7e41c0e61f.udd" 3932
"C:/Users/Librake/AppData/Local/UnrealEngine/Common/DerivedDataCache/Buckets/LegacyTEXTURE/fb/cc/d3516510a1665baa5fc55bb630f6e1740fc6.udd" 3933
"C:/Users/Librake/AppData/Local/UnrealEngine/Common/DerivedDataCache/Buckets/LegacyTEXTURE/69/75/daf75177adf5a2b142618caa82e712687764.udd" 3934
"C:/Users/Librake/AppData/Local/UnrealEngine/Common/DerivedDataCache/Buckets/LegacyTEXTURE/38/c6/9d5fdfe5c3bac8ed6fdc34dc1457724feb92.udd" 3935
"C:/Users/Librake/AppData/Local/UnrealEngine/Common/DerivedDataCache/Buckets/LegacyTEXTURE/36/58/6a801640e766a5235a652df55db32b219081.udd" 3936
"C:/Users/Librake/AppData/Local/UnrealEngine/Common/DerivedDataCache/Buckets/LegacyTEXTURE/f3/51/235b0d8d94f3a93609b2c13cdb3c846e7281.udd" 3937
"C:/Users/Librake/AppData/Local/UnrealEngine/Common/DerivedDataCache/Buckets/LegacyTEXTURE/92/17/3ffe18fffb68c351f6774782f88902074075.udd" 3938
"C:/Users/Librake/AppData/Local/UnrealEngine/Common/DerivedDataCache/Buckets/LegacyTEXTURE/7f/01/4e0a6d246a20911a07dbc1e49b5f953d54c3.udd" 3939
"C:/Users/Librake/AppData/Local/UnrealEngine/Common/DerivedDataCache/Buckets/LegacyTEXTURE/e8/1a/74a9f7ee0be4375a59d33e72a14b0b0f9fa9.udd" 3940
"C:/Users/Librake/AppData/Local/UnrealEngine/Common/DerivedDataCache/Buckets/LegacyTEXTURE/4a/b5/461b01ad02823999c938eba02ec5534ff3cf.udd" 3941
"C:/Users/Librake/AppData/Local/UnrealEngine/Common/DerivedDataCache/Buckets/LegacyTEXTURE/09/9e/67f781aa2173cd570a9eae355c55666bd920.udd" 3942
"C:/Users/Librake/AppData/Local/UnrealEngine/Common/DerivedDataCache/Buckets/LegacyTEXTURE/9e/f9/9d27d5cf795bb601547a9bf257e3336f8e36.udd" 3943
"C:/Users/Librake/AppData/Local/UnrealEngine/Common/DerivedDataCache/Buckets/LegacyTEXTURE/74/94/4793e9e66dbd91d09cb9dedd766b2676d67d.udd" 3944
"C:/Users/Librake/AppData/Local/UnrealEngine/Common/DerivedDataCache/Buckets/LegacyTEXTURE/aa/13/e0a7755d830e51e9e011e9d7939418a3c0b2.udd" 3945
"C:/Users/Librake/AppData/Local/UnrealEngine/Common/DerivedDataCache/Buckets/LegacyTEXTURE/a1/a4/8ff82dc8f2b81a468cddde0ddef7cfdb384a.udd" 3946
"C:/Users/Librake/AppData/Local/UnrealEngine/Common/DerivedDataCache/Buckets/LegacyTEXTURE/eb/01/203bfb3673510420c74abaa1b9bca57160ba.udd" 3947
"C:/Users/Librake/AppData/Local/UnrealEngine/Common/DerivedDataCache/Buckets/LegacyTEXTURE/7c/b9/d2d700528178c295aa33305eda5eb87b46a5.udd" 3948
"C:/Users/Librake/AppData/Local/UnrealEngine/Common/DerivedDataCache/Buckets/LegacyTEXTURE/6b/93/83267f118a1ec08b5ce05fb41600b7032459.udd" 3949
"C:/Users/Librake/AppData/Local/UnrealEngine/Common/DerivedDataCache/Buckets/LegacyTEXTURE/45/a2/92f754619ed1d342adba8c5fdb846c7553fb.udd" 3950
"C:/Users/Librake/AppData/Local/UnrealEngine/Common/DerivedDataCache/Buckets/LegacyTEXTURE/64/c5/093c25e649cf1e95aab50b9a0500c68e2d06.udd" 3951
"C:/Users/Librake/AppData/Local/UnrealEngine/Common/DerivedDataCache/Buckets/LegacyTEXTURE/3c/5f/49114f1899e4fbc1357d8a0c04fc20a91207.udd" 3952
"C:/Users/Librake/AppData/Local/UnrealEngine/Common/DerivedDataCache/Buckets/LegacyTEXTURE/2d/70/2b4ef4f265bfc2567de21db4db7177b14cfa.udd" 3953
"C:/Users/Librake/AppData/Local/UnrealEngine/Common/DerivedDataCache/Buckets/LegacyTEXTURE/a1/e3/e2ee3c9f3ee1bc1418b6e2efed3f5f3ce3ff.udd" 3954
"C:/Users/Librake/AppData/Local/UnrealEngine/Common/DerivedDataCache/Buckets/LegacyTEXTURE/65/d7/3f6b2f2c0cbf43d48480dc977f56ec05f421.udd" 3955
"C:/Users/Librake/AppData/Local/UnrealEngine/Common/DerivedDataCache/Buckets/LegacyTEXTURE/87/64/4526bb04a0f9a37bc0d6fa890681e17852c0.udd" 3956
"C:/Users/Librake/AppData/Local/UnrealEngine/Common/DerivedDataCache/Buckets/LegacyTEXTURE/27/69/ef0a46cd853d613da855a1361f6de216114b.udd" 3957
"C:/Users/Librake/AppData/Local/UnrealEngine/Common/DerivedDataCache/Buckets/LegacyTEXTURE/8f/8e/182e5a16676fa52ac002e6bca5e108e5cb3f.udd" 3958
"C:/Users/Librake/AppData/Local/UnrealEngine/Common/DerivedDataCache/Buckets/LegacyTEXTURE/c9/9d/b209a666bf8bf2245fd283874762fe12013f.udd" 3959
"C:/Users/Librake/AppData/Local/UnrealEngine/Common/DerivedDataCache/Buckets/LegacyTEXTURE/3b/01/8967c989208f4d8ac9cfb16a2c58e59a2ef4.udd" 3960
"C:/Users/Librake/AppData/Local/UnrealEngine/Common/DerivedDataCache/Buckets/LegacyTEXTURE/c2/fc/1b1d5bee8649c474c743c7d8d5b51df5c15d.udd" 3961
"C:/Users/Librake/AppData/Local/UnrealEngine/Common/DerivedDataCache/Buckets/LegacyTEXTURE/7c/7b/dcbe8543f1e6d861f1d61c90a30b67650815.udd" 3962
"C:/Users/Librake/AppData/Local/UnrealEngine/Common/DerivedDataCache/Buckets/LegacyTEXTURE/c6/5f/5453399abeedd26e193b256442204ef0d364.udd" 3963
"C:/Users/Librake/AppData/Local/UnrealEngine/Common/DerivedDataCache/Buckets/LegacyTEXTURE/b2/96/3561828fec6adeaf745a013f867f2fb7625b.udd" 3964
"C:/Users/Librake/AppData/Local/UnrealEngine/Common/DerivedDataCache/Buckets/LegacyTEXTURE/1a/21/ca1f59f898e484a822c33fca94f9a06c89ac.udd" 3965
"C:/Users/Librake/AppData/Local/UnrealEngine/Common/DerivedDataCache/Buckets/LegacyTEXTURE/ad/e2/89a3394bcd026adc0cc4198f3b1c474b8ca0.udd" 3966
"C:/Users/Librake/AppData/Local/UnrealEngine/Common/DerivedDataCache/Buckets/LegacyTEXTURE/53/a2/46829ec0a9eebb707e4ac9d22c9ac927deae.udd" 3967
"C:/Users/Librake/AppData/Local/UnrealEngine/Common/DerivedDataCache/Buckets/LegacyTEXTURE/db/53/521bc7c9dc1aab54023fd0b6a430df7474b0.udd" 3968
"C:/Users/Librake/AppData/Local/UnrealEngine/Common/DerivedDataCache/Buckets/LegacyTEXTURE/e9/d2/831fa3acd9b901fefa9640985a4fbbce3851.udd" 3969
"C:/Users/Librake/AppData/Local/UnrealEngine/Common/DerivedDataCache/Buckets/LegacyTEXTURE/f8/e6/2ac1b732d3e122fe607a1732f7c6b2cdea8b.udd" 3970
"C:/Users/Librake/AppData/Local/UnrealEngine/Common/DerivedDataCache/Buckets/LegacyTEXTURE/a7/d9/de56cb8bf52d8895f8d81b31d3e45a6c0bc4.udd" 3971
"C:/Users/Librake/AppData/Local/UnrealEngine/Common/DerivedDataCache/Buckets/LegacyTEXTURE/f4/22/4c836ccbaf8015427c037e49f9a1e76eec2f.udd" 3972
"C:/Users/Librake/AppData/Local/UnrealEngine/Common/DerivedDataCache/Buckets/LegacyTEXTURE/83/bc/d3680782cb79615f708f51352d0adfc13eb8.udd" 3973
"C:/Users/Librake/AppData/Local/UnrealEngine/Common/DerivedDataCache/Buckets/LegacyTEXTURE/46/18/82cb9244428c503785a90adb07757e272fd9.udd" 3974
"C:/Users/Librake/AppData/Local/UnrealEngine/Common/DerivedDataCache/Buckets/LegacyTEXTURE/78/b0/27a44a5c7d39ec48cf8eb9ad53c6579f3f8a.udd" 3975
"C:/Users/Librake/AppData/Local/UnrealEngine/Common/DerivedDataCache/Buckets/LegacyTEXTURE/ec/fe/362a1233ce4ac8125990ab614ebdb6d50401.udd" 3976
"C:/Users/Librake/AppData/Local/UnrealEngine/Common/DerivedDataCache/Buckets/LegacyTEXTURE/b3/a0/96d2ac67558790f87da2879c9ca21fc92918.udd" 3977
"C:/Users/Librake/AppData/Local/UnrealEngine/Common/DerivedDataCache/Buckets/LegacyTEXTURE/5c/da/145a28427a64cdcd942483b09e8a6cbeaa6a.udd" 3978
"C:/Users/Librake/AppData/Local/UnrealEngine/Common/DerivedDataCache/Buckets/LegacyTEXTURE/0a/7a/f5c82489a6565682a2c5fe6f76ecc9418e8e.udd" 3979
"C:/Users/Librake/AppData/Local/UnrealEngine/Common/DerivedDataCache/Buckets/LegacyTEXTURE/01/17/e0ed8a4bc8d2ee341346e5b289898ae53998.udd" 3980
"C:/Users/Librake/AppData/Local/UnrealEngine/Common/DerivedDataCache/Buckets/LegacyTEXTURE/60/70/bbf44f4b68113ae292e1604665473e5f0ab7.udd" 3981
"C:/Users/Librake/AppData/Local/UnrealEngine/Common/DerivedDataCache/Buckets/LegacyTEXTURE/26/87/c2cdaa599172a7ca78365aa2ec085895ea75.udd" 3982
"C:/Users/Librake/AppData/Local/UnrealEngine/Common/DerivedDataCache/Buckets/LegacyTEXTURE/2f/05/b79f5e18480fe22493f113a45c37804b8100.udd" 3983
"C:/Users/Librake/AppData/Local/UnrealEngine/Common/DerivedDataCache/Buckets/LegacyTEXTURE/1e/ec/4d391c4551a173203d1c9c5033ea6b4bcab2.udd" 3984
"C:/Users/Librake/AppData/Local/UnrealEngine/Common/DerivedDataCache/Buckets/LegacyTEXTURE/c2/fb/ca090812d76908f1273952f61c0c5c104b0e.udd" 3985
"C:/Users/Librake/AppData/Local/UnrealEngine/Common/DerivedDataCache/Buckets/LegacyTEXTURE/8e/c1/0c06ac0832252597f8b9d12e68389041c539.udd" 3986
"C:/Users/Librake/AppData/Local/UnrealEngine/Common/DerivedDataCache/Buckets/LegacyTEXTURE/7a/34/59f64a41b1c1c8d342489021e4cb178a9cfb.udd" 3987
"C:/Users/Librake/AppData/Local/UnrealEngine/Common/DerivedDataCache/Buckets/LegacyTEXTURE/6d/3d/7e9a31905bdc5bacae732392afeee8020981.udd" 3988
"C:/Users/Librake/AppData/Local/UnrealEngine/Common/DerivedDataCache/Buckets/LegacyTEXTURE/80/f3/62b7acb1d8e51c123f3fdf5d3d81b64b47bb.udd" 3989
"C:/Users/Librake/AppData/Local/UnrealEngine/Common/DerivedDataCache/Buckets/LegacyTEXTURE/98/bf/519f1fd899a475b62535346cb92a81cd5a60.udd" 3990
"C:/Users/Librake/AppData/Local/UnrealEngine/Common/DerivedDataCache/Buckets/LegacyTEXTURE/5c/01/11c308af3cf6dccf541cc29ea4539165122d.udd" 3991
"C:/Users/Librake/AppData/Local/UnrealEngine/Common/DerivedDataCache/Buckets/LegacyTEXTURE/54/4c/d860815f471476f0aef4df6c01c1457a2c0b.udd" 3992
"C:/Users/Librake/AppData/Local/UnrealEngine/Common/DerivedDataCache/Buckets/LegacyTEXTURE/c7/68/c18d7ef31ac214453c1119b2581f423a2149.udd" 3993
"C:/Users/Librake/AppData/Local/UnrealEngine/Common/DerivedDataCache/Buckets/LegacyTEXTURE/a1/05/6a7e0b2a66c60b5c6f4609f0abb296d7033b.udd" 3994
"C:/Users/Librake/AppData/Local/UnrealEngine/Common/DerivedDataCache/Buckets/LegacyTEXTURE/4b/a1/cc13d68e64281f09850d406a8061d876f6aa.udd" 3995
"C:/Users/Librake/AppData/Local/UnrealEngine/Common/DerivedDataCache/Buckets/LegacyTEXTURE/e1/c3/3b8225991b822d1710a3a84c61edec1703c2.udd" 3996
"C:/Users/Librake/AppData/Local/UnrealEngine/Common/DerivedDataCache/Buckets/LegacyTEXTURE/72/8e/9782c56b16eab36ac9a8d53e463324246f21.udd" 3997
"C:/Users/Librake/AppData/Local/UnrealEngine/Common/DerivedDataCache/Buckets/LegacyTEXTURE/e0/3f/767809afb09f947326fe9175c8b3bb4e6572.udd" 3998
"C:/Users/Librake/AppData/Local/UnrealEngine/Common/DerivedDataCache/Buckets/LegacyTEXTURE/3f/da/4c2415452eef305ec0a5cac2cfe3e9714595.udd" 3999
"C:/Users/Librake/AppData/Local/UnrealEngine/Common/DerivedDataCache/Buckets/LegacyTEXTURE/ed/38/711f5675538a683c182b400f47e787507f90.udd" 4000
"C:/Users/Librake/AppData/Local/UnrealEngine/Common/DerivedDataCache/Buckets/LegacyTEXTURE/b0/39/46a5a807ad2a56aad702e570f92ce9ec1c77.udd" 4001
"C:/Users/Librake/AppData/Local/UnrealEngine/Common/DerivedDataCache/Buckets/LegacyTEXTURE/a9/70/936c2a2e615cf9b5cccd0c3bbafe6ef6c25c.udd" 4002
"C:/Users/Librake/AppData/Local/UnrealEngine/Common/DerivedDataCache/Buckets/LegacyTEXTURE/0b/01/45faff694368eed3a5a4d2adf949ef7c8fe2.udd" 4003
"C:/Users/Librake/AppData/Local/UnrealEngine/Common/DerivedDataCache/Buckets/LegacyTEXTURE/ff/87/c4b779420466894ede03e352888b50d782f6.udd" 4004
"C:/Users/Librake/AppData/Local/UnrealEngine/Common/DerivedDataCache/Buckets/LegacyTEXTURE/41/b7/a56acf7e97ba69933edbeeeefb94b2b11a7d.udd" 4005
"C:/Users/Librake/AppData/Local/UnrealEngine/Common/DerivedDataCache/Buckets/LegacyTEXTURE/ba/a4/9e58b0ef0f087ce1b1fbf839fef32405b4cc.udd" 4006
"C:/Users/Librake/AppData/Local/UnrealEngine/Common/DerivedDataCache/Buckets/LegacyTEXTURE/17/30/ad8ebf4a7c5e0eb161ce72bc0691d70c3bda.udd" 4007
"C:/Users/Librake/AppData/Local/UnrealEngine/Common/DerivedDataCache/Buckets/LegacyTEXTURE/9d/cc/c51565651598293097a1e24687fbdb66862c.udd" 4008
"C:/Users/Librake/AppData/Local/UnrealEngine/Common/DerivedDataCache/Buckets/LegacyTEXTURE/24/a0/36e595f83a332f0d52c51c7cc6cf41bbf7d1.udd" 4009
"C:/Users/Librake/AppData/Local/UnrealEngine/Common/DerivedDataCache/Buckets/LegacyTEXTURE/7e/83/d7f12eb96c2f7c6bf29e62b36a912a0687bc.udd" 4010
"C:/Users/Librake/AppData/Local/UnrealEngine/Common/DerivedDataCache/Buckets/LegacyTEXTURE/2d/24/ccad22e8bcd4a7477b4eb492f7962cfd3b72.udd" 4011
"C:/Users/Librake/AppData/Local/UnrealEngine/Common/DerivedDataCache/Buckets/LegacyTEXTURE/4a/73/798298769d1ab1a5c59b373cb1a47334d71f.udd" 4012
"C:/Users/Librake/AppData/Local/UnrealEngine/Common/DerivedDataCache/Buckets/LegacyTEXTURE/e8/ae/481855f0429ed160004326d966a74f107eed.udd" 4013
"C:/Users/Librake/AppData/Local/UnrealEngine/Common/DerivedDataCache/Buckets/LegacyTEXTURE/cc/11/f36141041afa34fe11dbdba7c8ebcc5219ff.udd" 4014
"C:/Users/Librake/AppData/Local/UnrealEngine/Common/DerivedDataCache/Buckets/LegacyTEXTURE/1b/d8/8d1aa4f2d62203ec93b27a125496d20072de.udd" 4015
"C:/Users/Librake/AppData/Local/UnrealEngine/Common/DerivedDataCache/Buckets/LegacyTEXTURE/73/90/912eecb4a2ec229125d8bf6f6b6d989230dd.udd" 4016
"C:/Users/Librake/AppData/Local/UnrealEngine/Common/DerivedDataCache/Buckets/LegacyTEXTURE/bb/32/968ce293aad986a149d7ecdffc94252b8dcd.udd" 4017
"C:/Users/Librake/AppData/Local/UnrealEngine/Common/DerivedDataCache/Buckets/LegacyTEXTURE/c5/a4/aefccad44130203c94361c37716a26f8f523.udd" 4018
"C:/Users/Librake/AppData/Local/UnrealEngine/Common/DerivedDataCache/Buckets/LegacyTEXTURE/3a/41/b60e7c92a35abb54ac01248cc4f28a86c344.udd" 4019
"C:/Users/Librake/AppData/Local/UnrealEngine/Common/DerivedDataCache/Buckets/LegacyTEXTURE/51/32/66d15db3a921daf95feccc16dad57d88945d.udd" 4020
"C:/Users/Librake/AppData/Local/UnrealEngine/Common/DerivedDataCache/Buckets/LegacyTEXTURE/dc/7f/e83f7e7b9ff826be30ca3d78513ebae2f465.udd" 4021
"C:/Users/Librake/AppData/Local/UnrealEngine/Common/DerivedDataCache/Buckets/LegacyTEXTURE/8f/13/9e688b624fe04834d2dcf9bdfba81beab94a.udd" 4022
"C:/Users/Librake/AppData/Local/UnrealEngine/Common/DerivedDataCache/Buckets/LegacyTEXTURE/e8/c7/739bb7abb561d2f114bdc16936a158d4c231.udd" 4023
"C:/Users/Librake/AppData/Local/UnrealEngine/Common/DerivedDataCache/Buckets/LegacyTEXTURE/bf/35/26dbfb4e6b651b1e6a5a037a714426f722fe.udd" 4024
"C:/Users/Librake/AppData/Local/UnrealEngine/Common/DerivedDataCache/Buckets/LegacyTEXTURE/23/87/57cd35fcd9e36873ab93ea31a1635789434c.udd" 4025
"C:/Users/Librake/AppData/Local/UnrealEngine/Common/DerivedDataCache/Buckets/LegacyTEXTURE/9e/0b/e2825340293c24f0894da5f16a83b4b1af61.udd" 4026
"C:/Users/Librake/AppData/Local/UnrealEngine/Common/DerivedDataCache/Buckets/LegacyTEXTURE/3d/d3/1292726640f602f30b58f63b2e8ce62394d5.udd" 4027
"C:/Users/Librake/AppData/Local/UnrealEngine/Common/DerivedDataCache/Buckets/LegacyTEXTURE/e8/d0/cd6e4b7bbc47d359f2ea0fa2d14d7fd22aed.udd" 4028
"C:/Users/Librake/AppData/Local/UnrealEngine/Common/DerivedDataCache/Buckets/LegacyTEXTURE/b0/ca/a0d05578957da981f86f180c9bbe6c4be2b7.udd" 4029
"C:/Users/Librake/AppData/Local/UnrealEngine/Common/DerivedDataCache/Buckets/LegacyTEXTURE/00/d6/21663e60ce4d9d7378ce9dc9c3edd6b84575.udd" 4030
"C:/Users/Librake/AppData/Local/UnrealEngine/Common/DerivedDataCache/Buckets/LegacyTEXTURE/a0/da/74145ab8f452c6e828e0ed58e5de882b6ec8.udd" 4031
"C:/Users/Librake/AppData/Local/UnrealEngine/Common/DerivedDataCache/Buckets/LegacyTEXTURE/42/7c/0e9c7bf7a0506d22828031ef8639587d074c.udd" 4032
"C:/Users/Librake/AppData/Local/UnrealEngine/Common/DerivedDataCache/Buckets/LegacyTEXTURE/c7/06/24d2a7644926c4f39dbb8a72e16bc2c03237.udd" 4033
"C:/Users/Librake/AppData/Local/UnrealEngine/Common/DerivedDataCache/Buckets/LegacyTEXTURE/10/7d/4f4892ec966273f4d09d839161781bc504f3.udd" 4034
"C:/Users/Librake/AppData/Local/UnrealEngine/Common/DerivedDataCache/Buckets/LegacyTEXTURE/88/49/16f4f7745864784893c7989c44d12b5ae34a.udd" 4035
"C:/Users/Librake/AppData/Local/UnrealEngine/Common/DerivedDataCache/Buckets/LegacyTEXTURE/94/8a/18edff8e2fe60d07fff86a7dd4f2dbb82d56.udd" 4036
"C:/Users/Librake/AppData/Local/UnrealEngine/Common/DerivedDataCache/Buckets/LegacyTEXTURE/0a/ab/9691dc24b5ffc5039e9fccb36ab443b8aafd.udd" 4037
"C:/Users/Librake/AppData/Local/UnrealEngine/Common/DerivedDataCache/Buckets/LegacyTEXTURE/ae/98/8b069dcaa8bf37cbbab630e461772b344766.udd" 4038
"C:/Users/Librake/AppData/Local/UnrealEngine/Common/DerivedDataCache/Buckets/LegacyTEXTURE/8a/ed/58e3aebd007c7abcca704c58499d6bba0443.udd" 4039
"C:/Users/Librake/AppData/Local/UnrealEngine/Common/DerivedDataCache/Buckets/LegacyTEXTURE/9e/69/3c22b7418aeece7a681513e39323e8e3b814.udd" 4040
"C:/Users/Librake/AppData/Local/UnrealEngine/Common/DerivedDataCache/Buckets/LegacyTEXTURE/d0/63/ecc40da1fa17c0e0442802e9126458a66e1f.udd" 4041
"C:/Users/Librake/AppData/Local/UnrealEngine/Common/DerivedDataCache/Buckets/LegacyTEXTURE/27/50/09579e5a4de008ede93039b7665ca9982349.udd" 4042
"C:/Users/Librake/AppData/Local/UnrealEngine/Common/DerivedDataCache/Buckets/LegacyTEXTURE/32/1d/339de9a08b7b9e213d3a3118e1e65f0bf9e2.udd" 4043
"C:/Users/Librake/AppData/Local/UnrealEngine/Common/DerivedDataCache/Buckets/LegacyTEXTURE/df/4c/fff4d14ef52e59d3e3a3df00c16d7c033642.udd" 4044
"C:/Users/Librake/AppData/Local/UnrealEngine/Common/DerivedDataCache/Buckets/LegacyTEXTURE/82/1f/f1b908cfe9ac0f237b3c4588478c47288275.udd" 4045
"C:/Users/Librake/AppData/Local/UnrealEngine/Common/DerivedDataCache/Buckets/LegacyTEXTURE/a9/f2/c3c8e7b2e1cb0f7c032e3846aad8a49aab21.udd" 4046
"C:/Users/Librake/AppData/Local/UnrealEngine/Common/DerivedDataCache/Buckets/LegacyTEXTURE/32/6d/ad1185c87edd967ccdc55ba35ea3c992f0cd.udd" 4047
"C:/Users/Librake/AppData/Local/UnrealEngine/Common/DerivedDataCache/Buckets/LegacyTEXTURE/98/29/054cb434e2c6ab798640db6282f852dd5e61.udd" 4048
"C:/Users/Librake/AppData/Local/UnrealEngine/Common/DerivedDataCache/Buckets/LegacyTEXTURE/29/38/3da2d288ca30aeec04cb5aa39f073e0a511f.udd" 4049
"C:/Users/Librake/AppData/Local/UnrealEngine/Common/DerivedDataCache/Buckets/LegacyTEXTURE/1b/5b/c337cd2bb5d0d7c4518fd0dce11a725a4256.udd" 4050
"C:/Users/Librake/AppData/Local/UnrealEngine/Common/DerivedDataCache/Buckets/LegacyAudio/ac/93/6fb6609f5556c4d593a5b7f092b170ac298d.udd" 4051
"C:/Users/Librake/AppData/Local/UnrealEngine/Common/DerivedDataCache/Buckets/LegacyTEXTURE/70/f7/9be17dada031c92707017db0932427bf0d96.udd" 4052
"C:/Users/Librake/AppData/Local/UnrealEngine/Common/DerivedDataCache/Buckets/LegacyTEXTURE/7c/67/a43294028f2d6bd796429410e30337cd225f.udd" 4053
"C:/Users/Librake/AppData/Local/UnrealEngine/Common/DerivedDataCache/Buckets/LegacyTEXTURE/00/a2/d3c7e464e85558ce073960bdbaf0d6773383.udd" 4054
"C:/Users/Librake/AppData/Local/UnrealEngine/Common/DerivedDataCache/Buckets/LegacyTEXTURE/e5/15/61609c1f938349f9611da61db1651915a60e.udd" 4055
"C:/Users/Librake/AppData/Local/UnrealEngine/Common/DerivedDataCache/Buckets/LegacyTEXTURE/0d/aa/ceededf76c54e747140fd25dd986eaa96589.udd" 4056
"C:/Users/Librake/AppData/Local/UnrealEngine/Common/DerivedDataCache/Buckets/LegacyTEXTURE/4c/fc/38eded5b46be87cc543b95cb87548ed1c609.udd" 4057
"C:/Users/Librake/AppData/Local/UnrealEngine/Common/DerivedDataCache/Buckets/LegacyTEXTURE/af/48/d27dc29e3f79dd1235c14e155479524fc928.udd" 4058
"C:/Users/Librake/AppData/Local/UnrealEngine/Common/DerivedDataCache/Buckets/LegacyTEXTURE/1b/e4/b79d9c5a860dc3179386f6d56ff49e231a6f.udd" 4059
"C:/Users/Librake/AppData/Local/UnrealEngine/Common/DerivedDataCache/Buckets/LegacyTEXTURE/5f/2b/79bd182cfe4792e10a119218e8ff6bb7125c.udd" 4060
"C:/Users/Librake/AppData/Local/UnrealEngine/Common/DerivedDataCache/Buckets/LegacyTEXTURE/c5/ac/16bbb6b85eaf488af8939d3cb8e4f014ed3b.udd" 4061
"C:/Users/Librake/AppData/Local/UnrealEngine/Common/DerivedDataCache/Buckets/LegacyTEXTURE/9b/84/622744a9471bf4d02bc896d39671aa421101.udd" 4062
"C:/Users/Librake/AppData/Local/UnrealEngine/Common/DerivedDataCache/Buckets/LegacyTEXTURE/9a/3c/89859020f713adfd00e9d3715acf5e56ae54.udd" 4063
"C:/Users/Librake/AppData/Local/UnrealEngine/Common/DerivedDataCache/Buckets/LegacyTEXTURE/3c/e3/73b4660fc0d69f4c93fd113bc9ea38115511.udd" 4064
"C:/Users/Librake/AppData/Local/UnrealEngine/Common/DerivedDataCache/Buckets/LegacyTEXTURE/dd/8d/f8b5ede914b60c4228b4124922f3a01c3951.udd" 4065
"C:/Users/Librake/AppData/Local/UnrealEngine/Common/DerivedDataCache/Buckets/LegacyTEXTURE/44/e1/d98e9c2f0dd74c44bf1eaf32d3af02d9a938.udd" 4066
"C:/Users/Librake/AppData/Local/UnrealEngine/Common/DerivedDataCache/Buckets/LegacyTEXTURE/1c/9f/813a459a8153a993846492a3742ff857d7bc.udd" 4067
"C:/Users/Librake/AppData/Local/UnrealEngine/Common/DerivedDataCache/Buckets/LegacyTEXTURE/e7/d8/df1ed0c051a2093b57973477e2948848484b.udd" 4068
"C:/Users/Librake/AppData/Local/UnrealEngine/Common/DerivedDataCache/Buckets/LegacyTEXTURE/38/20/919228239c4d7cf2bb6a190733a799da03b1.udd" 4069
"C:/Users/Librake/AppData/Local/UnrealEngine/Common/DerivedDataCache/Buckets/LegacyTEXTURE/cc/5b/9f7a799da1d41b47e0cebabb8a2c99c19b3d.udd" 4070
"C:/Users/Librake/AppData/Local/UnrealEngine/Common/DerivedDataCache/Buckets/LegacyTEXTURE/5b/90/b64b38314c8c179b703a941600086cf9b2ac.udd" 4071
"C:/Users/Librake/AppData/Local/UnrealEngine/Common/DerivedDataCache/Buckets/LegacyTEXTURE/b2/e4/dca7798ee9240831da454bc71914d4715284.udd" 4072
"C:/Users/Librake/AppData/Local/UnrealEngine/Common/DerivedDataCache/Buckets/LegacyTEXTURE/52/2b/3e2ea1a9de4df5693fdd1e2b75af022eb9c6.udd" 4073
"C:/Users/Librake/AppData/Local/UnrealEngine/Common/DerivedDataCache/Buckets/LegacyTEXTURE/7f/fb/7b150d5e0e94b15a22a85f89f78129b40745.udd" 4074
"C:/Users/Librake/AppData/Local/UnrealEngine/Common/DerivedDataCache/Buckets/LegacyTEXTURE/33/b0/f6f5fa1067337f292693bec294fc046a614a.udd" 4075
"C:/Users/Librake/AppData/Local/UnrealEngine/Common/DerivedDataCache/Buckets/LegacyTEXTURE/6c/34/e70ad0ea7216b4ddf4c3fd0461802c4a3d2e.udd" 4076
"C:/Users/Librake/AppData/Local/UnrealEngine/Common/DerivedDataCache/Buckets/LegacyTEXTURE/0a/a3/222cf02261268c48436c1c7c02e455cb57f4.udd" 4077
"C:/Users/Librake/AppData/Local/UnrealEngine/Common/DerivedDataCache/Buckets/LegacyTEXTURE/10/18/d0bad9df9dea2605f3b0e24f220ff0303f09.udd" 4078
"C:/Users/Librake/AppData/Local/UnrealEngine/Common/DerivedDataCache/Buckets/LegacyTEXTURE/77/b8/0f209c88e80e7056721dd16300d980dd0178.udd" 4079
"C:/Users/Librake/AppData/Local/UnrealEngine/Common/DerivedDataCache/Buckets/LegacyTEXTURE/47/ce/0235d53ff80a6781613e4d1f0a115f9d3c49.udd" 4080
"C:/Users/Librake/AppData/Local/UnrealEngine/Common/DerivedDataCache/Buckets/LegacyTEXTURE/33/2f/00d0c1c2f609b12dcc38e7010401d389bf9f.udd" 4081
"C:/Users/Librake/AppData/Local/UnrealEngine/Common/DerivedDataCache/Buckets/LegacyTEXTURE/30/19/5ca911980fb651c36ced7334c9b616d53ae0.udd" 4082
"C:/Users/Librake/AppData/Local/UnrealEngine/Common/DerivedDataCache/Buckets/LegacyTEXTURE/36/f6/9c4fd1a3a61a2bc3a35a46cf8ed7658cd320.udd" 4083
"C:/Users/Librake/AppData/Local/UnrealEngine/Common/DerivedDataCache/Buckets/LegacyTEXTURE/55/a0/5c2d3c9f61a7142e2b2399d94fa78ece957d.udd" 4084
"C:/Users/Librake/AppData/Local/UnrealEngine/Common/DerivedDataCache/Buckets/LegacyTEXTURE/5b/e5/7b70c24fd9cd38f47ecf33bd25aa444beead.udd" 4085
"C:/Users/Librake/AppData/Local/UnrealEngine/Common/DerivedDataCache/Buckets/LegacyTEXTURE/29/b7/7054c8f1bbf793a9dbe1c52a5a12ff25bbb6.udd" 4086
"C:/Users/Librake/AppData/Local/UnrealEngine/Common/DerivedDataCache/Buckets/LegacyTEXTURE/c2/0c/ae2393be5f295f44ad1410ff44bc0752ff65.udd" 4087
"C:/Users/Librake/AppData/Local/UnrealEngine/Common/DerivedDataCache/Buckets/LegacyTEXTURE/a4/e1/8271b4765b740f5a39d9d234c5a12dfddd31.udd" 4088
"C:/Users/Librake/AppData/Local/UnrealEngine/Common/DerivedDataCache/Buckets/LegacyTEXTURE/c5/71/0398b80953fdde55902ccb55d98171723e20.udd" 4089
"C:/Users/Librake/AppData/Local/UnrealEngine/Common/DerivedDataCache/Buckets/LegacySTREAMEDAUDIO/2d/6c/4140d57a9169fbe9b878a73f610b1d697b2b.udd" 4090
"C:/Users/Librake/AppData/Local/UnrealEngine/Common/DerivedDataCache/Buckets/LegacyTEXTURE/70/a7/2a336bda9bc58524fa3458d242661b73bee6.udd" 4091
"C:/Users/Librake/AppData/Local/UnrealEngine/Common/DerivedDataCache/Buckets/LegacySTREAMEDAUDIO/43/5c/cb7c29fb952bd69062955f237a35297237f3.udd" 4092
"C:/Users/Librake/AppData/Local/UnrealEngine/Common/DerivedDataCache/Buckets/LegacySTREAMEDAUDIO/08/64/a1a0488765c57164ea0795112b705e25d72f.udd" 4093
"C:/Users/Librake/AppData/Local/UnrealEngine/Common/DerivedDataCache/Buckets/LegacyTEXTURE/3a/1b/35de7f7ffcac6a3aba45e6bb687cd96a78c8.udd" 4094
"C:/Users/Librake/AppData/Local/UnrealEngine/Common/DerivedDataCache/Buckets/LegacyTEXTURE/f9/42/982ece1f564a4608dcb088fa8c285209906c.udd" 4095
"F:/Unreal Projects/DDay_bp/Content/3D/platforms/mater/Platform/dirt/box_DefaultMaterial_OcclusionRoughnessMetallic.uasset" 4096
"C:/Users/Librake/AppData/Local/UnrealEngine/Common/DerivedDataCache/Buckets/LegacyTEXTURE/40/ad/2fd72fd7d5b1e03cf74e67b69508f4c065b2.udd" 4097
"C:/Users/Librake/AppData/Local/UnrealEngine/Common/DerivedDataCache/Buckets/LegacyTEXTURE/ca/34/60f203ba4ad172215c4e7a09f3cdc83bc5cc.udd" 4098
"C:/Users/Librake/AppData/Local/UnrealEngine/Common/DerivedDataCache/Buckets/LegacyTEXTURE/1f/46/58d94c8e64810c833a890e08469460cd20c5.udd" 4099
"C:/Users/Librake/AppData/Local/UnrealEngine/Common/DerivedDataCache/Buckets/LegacyTEXTURE/61/cd/3764e87e676823a1d61eca1448fb4fec218e.udd" 4100
"C:/Users/Librake/AppData/Local/UnrealEngine/Common/DerivedDataCache/Buckets/LegacyTEXTURE/b1/ee/cda4a82ca585370e7ea6fa770c9d3cd00aaf.udd" 4101
"C:/Users/Librake/AppData/Local/UnrealEngine/Common/DerivedDataCache/Buckets/LegacyTEXTURE/2a/23/ddd46fd5b20156fd4a9e65cb6ae2e580477b.udd" 4102
"C:/Users/Librake/AppData/Local/UnrealEngine/Common/DerivedDataCache/Buckets/LegacyTEXTURE/fd/ca/873ee99a50790a40718178d9a727d8e3d79e.udd" 4103
"C:/Users/Librake/AppData/Local/UnrealEngine/Common/DerivedDataCache/Buckets/LegacyTEXTURE/1d/1e/7db9bfa1a04394ae82290bc84c5329e8fada.udd" 4104
"C:/Users/Librake/AppData/Local/UnrealEngine/Common/DerivedDataCache/Buckets/LegacyTEXTURE/33/d2/cf51e5c8b2eaebbab689ac3fa51be1e83582.udd" 4105
"C:/Users/Librake/AppData/Local/UnrealEngine/Common/DerivedDataCache/Buckets/LegacyTEXTURE/bb/cf/afaeaf26f23504aeaef25b877dab088da3cd.udd" 4106
"C:/Users/Librake/AppData/Local/UnrealEngine/Common/DerivedDataCache/Buckets/LegacyTEXTURE/a7/74/12de5c501b9b0dc3ad2ae14cd01c1c70c5bf.udd" 4107
"C:/Users/Librake/AppData/Local/UnrealEngine/Common/DerivedDataCache/Buckets/BulkDataList/9c/bd/1dc0d8db16c2e90b1e947221a0d9f9e640a2.udd" 4108
"C:/Users/Librake/AppData/Local/UnrealEngine/Common/DerivedDataCache/Buckets/LegacyTEXTURE/b6/78/6302d524a1c4f84a2d0d6e2fb98698fade9f.udd" 4109
"F:/Unreal Projects/DDay_bp/Content/3D/platforms/mater/Platform/dirt_wth_grass/box_DefaultMaterial_BaseColor.uasset" 4110
"C:/Users/Librake/AppData/Local/UnrealEngine/Common/DerivedDataCache/Buckets/LegacyTEXTURE/4e/33/1bfd877164fdb49a95fc6b0eec986c5c6a2a.udd" 4111
"C:/Users/Librake/AppData/Local/UnrealEngine/Common/DerivedDataCache/Buckets/LegacyTEXTURE/81/b4/20d67fe3c43ed52f6a5025e380506ce20b32.udd" 4112
"C:/Users/Librake/AppData/Local/UnrealEngine/Common/DerivedDataCache/Buckets/LegacyTEXTURE/51/08/15aadf476cc2eeb6b2bc28d049201e8312ee.udd" 4113
"C:/Users/Librake/AppData/Local/UnrealEngine/Common/DerivedDataCache/Buckets/LegacyTEXTURE/a6/72/b033a78fc1e554a2e76e9c7a848365024fb5.udd" 4114
"C:/Users/Librake/AppData/Local/UnrealEngine/Common/DerivedDataCache/Buckets/BulkDataList/bb/d3/55b265fbf7a358ee3d23e89e68afaaa5adf2.udd" 4115
"C:/Users/Librake/AppData/Local/UnrealEngine/Common/DerivedDataCache/Buckets/LegacyTEXTURE/3c/92/05bf8ab314c54dc1ff9b515eec9090594d6a.udd" 4116
"C:/Users/Librake/AppData/Local/UnrealEngine/Common/DerivedDataCache/Buckets/LegacyTEXTURE/8b/91/dad12772494342110f4e92660f3a36bee1db.udd" 4117
"C:/Users/Librake/AppData/Local/UnrealEngine/Common/DerivedDataCache/Buckets/LegacyTEXTURE/8a/1a/bc82192e01c00e944bac68d3a13bb9b9baa3.udd" 4118
"C:/Users/Librake/AppData/Local/UnrealEngine/Common/DerivedDataCache/Buckets/LegacyTEXTURE/6c/cd/0574b91995236c7845afd2d2151d5ef4a19b.udd" 4119
"F:/Unreal Projects/DDay_bp/Content/3D/platforms/mater/Platform/dirt_wth_grass/box_DefaultMaterial_Normal.uasset" 4120
"C:/Users/Librake/AppData/Local/UnrealEngine/Common/DerivedDataCache/Buckets/LegacyTEXTURE/ae/2c/7b1105cade8d7893d1e23531b3d22850dc27.udd" 4121
"C:/Users/Librake/AppData/Local/UnrealEngine/Common/DerivedDataCache/Buckets/LegacyTEXTURE/b5/75/b823cb4b2f5d8affb923f1d84f4cc96d55ac.udd" 4122
"C:/Users/Librake/AppData/Local/UnrealEngine/Common/DerivedDataCache/Buckets/LegacyTEXTURE/7f/0c/88b4b8619c6fb1a7f5edff4b9a602b8159e1.udd" 4123
"C:/Users/Librake/AppData/Local/UnrealEngine/Common/DerivedDataCache/Buckets/LegacyTEXTURE/41/83/0e3ed0a9eef9f0181f4a0256c0d0c8752519.udd" 4124
"C:/Users/Librake/AppData/Local/UnrealEngine/Common/DerivedDataCache/Buckets/LegacyTEXTURE/c0/92/c3a6bb5ac2eeaad9ee4d59c5e60bf3dce6e0.udd" 4125
"C:/Users/Librake/AppData/Local/UnrealEngine/Common/DerivedDataCache/Buckets/LegacyTEXTURE/00/a3/6f237e49c23f69ab8280178e82c31d2736a0.udd" 4126
"C:/Users/Librake/AppData/Local/UnrealEngine/Common/DerivedDataCache/Buckets/LegacyTEXTURE/22/a1/981e973ed1c1bb95bd7cc58e90c1814c2f30.udd" 4127
"C:/Users/Librake/AppData/Local/UnrealEngine/Common/DerivedDataCache/Buckets/LegacyTEXTURE/e8/cf/2dfebb072e1e816c902bc2bf05dc8f858c8e.udd" 4128
"C:/Users/Librake/AppData/Local/UnrealEngine/Common/DerivedDataCache/Buckets/LegacyTEXTURE/bd/b5/508d2bb3f9f78415f9dd54e55ea240e93a9c.udd" 4129
"C:/Users/Librake/AppData/Local/UnrealEngine/Common/DerivedDataCache/Buckets/LegacyTEXTURE/1d/c1/2b66bd9a95277ab4d33879ae86cd3c044cc6.udd" 4130
"C:/Users/Librake/AppData/Local/UnrealEngine/Common/DerivedDataCache/Buckets/LegacyTEXTURE/60/2b/1869971e01fd2e6f6f66453745cbfefc8fcf.udd" 4131
"C:/Users/Librake/AppData/Local/UnrealEngine/Common/DerivedDataCache/Buckets/LegacyTEXTURE/d0/2f/45ad686d952b3fc18a2f603679dd46889874.udd" 4132
"C:/Users/Librake/AppData/Local/UnrealEngine/Common/DerivedDataCache/Buckets/LegacyTEXTURE/f5/ba/7c422cdd83505375e2cac1a759f3aac38888.udd" 4133
"C:/Users/Librake/AppData/Local/UnrealEngine/Common/DerivedDataCache/Buckets/BulkDataList/09/1f/ef326c74d06e6ba89f6ab2c1c2dc0d7be5a7.udd" 4134
"C:/Users/Librake/AppData/Local/UnrealEngine/Common/DerivedDataCache/Buckets/LegacyTEXTURE/ad/7b/bb41ed4e10bd19a3fb7511c3017cba9cab6f.udd" 4135
"C:/Users/Librake/AppData/Local/UnrealEngine/Common/DerivedDataCache/Buckets/LegacyTEXTURE/55/5e/128fba8ad55cb2c7787b9c13853886fa4c83.udd" 4136
"C:/Users/Librake/AppData/Local/UnrealEngine/Common/DerivedDataCache/Buckets/LegacyTEXTURE/0e/0e/ddc2a9cff727b15f189a262fa0925becc03d.udd" 4137
"C:/Users/Librake/AppData/Local/UnrealEngine/Common/DerivedDataCache/Buckets/LegacyTEXTURE/11/d9/5021cf56688338811321c00256a729356c1f.udd" 4138
"C:/Users/Librake/AppData/Local/UnrealEngine/Common/DerivedDataCache/Buckets/LegacyTEXTURE/45/be/ca50b4a4cc325698492d0151989efd436794.udd" 4139
"F:/Unreal Projects/DDay_bp/Content/3D/platforms/mater/Platform/dirt_wth_grass/box_DefaultMaterial_OcclusionRoughnessMetallic.uasset" 4140
"C:/Users/Librake/AppData/Local/UnrealEngine/Common/DerivedDataCache/Buckets/LegacyTEXTURE/68/85/dea45a80d17b0647ac25bed53862d4ac2b6c.udd" 4141
"C:/Users/Librake/AppData/Local/UnrealEngine/Common/DerivedDataCache/Buckets/LegacyTEXTURE/46/b2/d03057215040ce46405ab89ccb10157a25f6.udd" 4142
"C:/Users/Librake/AppData/Local/UnrealEngine/Common/DerivedDataCache/Buckets/LegacyTEXTURE/78/ae/3d55f56a43575d22c84c2175ee6e2dcd47aa.udd" 4143
"C:/Users/Librake/AppData/Local/UnrealEngine/Common/DerivedDataCache/Buckets/LegacyTEXTURE/eb/07/f049dde6b01449390ef77517376e10570336.udd" 4144
"C:/Users/Librake/AppData/Local/UnrealEngine/Common/DerivedDataCache/Buckets/LegacyTEXTURE/9c/38/42bc8a04d1a4cdf3e8183bcdd97daafd22d2.udd" 4145
"C:/Users/Librake/AppData/Local/UnrealEngine/Common/DerivedDataCache/Buckets/BulkDataList/56/1c/92ff675432fbd8e0e647285041e4fb0c0c4e.udd" 4146
"C:/Users/Librake/AppData/Local/UnrealEngine/Common/DerivedDataCache/Buckets/LegacyTEXTURE/2d/7c/c344a1dbd05f882256ecc405d88e8519ec5c.udd" 4147
"F:/Unreal Projects/DDay_bp/Content/3D/platforms/mater/Platform/grass/box_DefaultMaterial_BaseColor.uasset" 4148
"C:/Users/Librake/AppData/Local/UnrealEngine/Common/DerivedDataCache/Buckets/LegacyTEXTURE/b2/c3/b5cfd5f977167bee442e33f6bcb60299fd56.udd" 4149
"C:/Users/Librake/AppData/Local/UnrealEngine/Common/DerivedDataCache/Buckets/LegacyTEXTURE/8c/d7/fb76c37ca33dbc68db85cd2d92788c7d0c6d.udd" 4150
"C:/Users/Librake/AppData/Local/UnrealEngine/Common/DerivedDataCache/Buckets/LegacyTEXTURE/45/fb/efdaf04ac16d0574dd27966013306feebd2c.udd" 4151
"C:/Users/Librake/AppData/Local/UnrealEngine/Common/DerivedDataCache/Buckets/LegacyTEXTURE/53/5a/f5a934cdd781f2ca7ba5c1066a6ae7504cea.udd" 4152
"C:/Users/Librake/AppData/Local/UnrealEngine/Common/DerivedDataCache/Buckets/LegacyTEXTURE/36/40/ebf70e1375694ff812b38cf88e0aca7ad3a8.udd" 4153
"C:/Users/Librake/AppData/Local/UnrealEngine/Common/DerivedDataCache/Buckets/LegacyTEXTURE/a9/90/541179de95b87822642f1993270510ba7692.udd" 4154
"C:/Users/Librake/AppData/Local/UnrealEngine/Common/DerivedDataCache/Buckets/LegacyTEXTURE/7a/ef/1be83945010aecab6a2e57cbfddee574203d.udd" 4155
"C:/Users/Librake/AppData/Local/UnrealEngine/Common/DerivedDataCache/Buckets/LegacyTEXTURE/10/70/84801873cffaade733e26f5d3001e76af978.udd" 4156
"C:/Users/Librake/AppData/Local/UnrealEngine/Common/DerivedDataCache/Buckets/LegacyTEXTURE/6c/7f/f25c16377af51eda71e246ad8b568866a8b8.udd" 4157
"C:/Users/Librake/AppData/Local/UnrealEngine/Common/DerivedDataCache/Buckets/BulkDataList/37/02/d0abbddd4af786f2a1e21160d93dee98bcf0.udd" 4158
"C:/Users/Librake/AppData/Local/UnrealEngine/Common/DerivedDataCache/Buckets/LegacyTEXTURE/bc/4a/64a60481a31fd2cb20a305bb97d4f4dd1e2b.udd" 4159
"C:/Users/Librake/AppData/Local/UnrealEngine/Common/DerivedDataCache/Buckets/LegacyTEXTURE/1a/28/87e98fe4136f122cd4ee42a83586f486b060.udd" 4160
"C:/Users/Librake/AppData/Local/UnrealEngine/Common/DerivedDataCache/Buckets/LegacyTEXTURE/21/64/e1704c3768cc24563c4ef906bb84f01374b9.udd" 4161
"C:/Users/Librake/AppData/Local/UnrealEngine/Common/DerivedDataCache/Buckets/LegacyTEXTURE/cc/9a/c427caef1bf255b7cec3e80cc251775f8492.udd" 4162
"C:/Users/Librake/AppData/Local/UnrealEngine/Common/DerivedDataCache/Buckets/LegacyTEXTURE/4e/61/6cad68c3e5f501d3381a16d4f866da59841d.udd" 4163
"F:/Unreal Projects/DDay_bp/Content/3D/platforms/mater/Platform/grass/box_DefaultMaterial_Normal.uasset" 4164
"C:/Users/Librake/AppData/Local/UnrealEngine/Common/DerivedDataCache/Buckets/LegacyTEXTURE/40/d3/228b24032ffdb880994595b1b2e28cd87d6a.udd" 4165
"C:/Users/Librake/AppData/Local/UnrealEngine/Common/DerivedDataCache/Buckets/LegacyTEXTURE/6c/f3/f571373a8efd12394517cc646797adc09a57.udd" 4166
"C:/Users/Librake/AppData/Local/UnrealEngine/Common/DerivedDataCache/Buckets/LegacyTEXTURE/0c/5c/1f3d944fa53843980d95df32c33932304ee0.udd" 4167
"C:/Users/Librake/AppData/Local/UnrealEngine/Common/DerivedDataCache/Buckets/LegacyTEXTURE/75/f5/96691eb3766481af82a5ead5719fa427b0ba.udd" 4168
"C:/Users/Librake/AppData/Local/UnrealEngine/Common/DerivedDataCache/Buckets/LegacyTEXTURE/1e/c3/ed9523bb9e46a623d33fa2ca6542c62fa3cd.udd" 4169
"C:/Users/Librake/AppData/Local/UnrealEngine/Common/DerivedDataCache/Buckets/LegacyTEXTURE/26/2c/f824499b4cdfeedf350b9674aaed444813bb.udd" 4170
"C:/Users/Librake/AppData/Local/UnrealEngine/Common/DerivedDataCache/Buckets/LegacyTEXTURE/27/4f/b961de6bfee9f00f60c2a598c55022213f7e.udd" 4171
"C:/Users/Librake/AppData/Local/UnrealEngine/Common/DerivedDataCache/Buckets/LegacyTEXTURE/db/bd/23f325e4fdec2e73ac45895f591b5565653a.udd" 4172
"C:/Users/Librake/AppData/Local/UnrealEngine/Common/DerivedDataCache/Buckets/LegacyTEXTURE/6a/35/efb7cff0fcef57896646ad4e55290c1baff3.udd" 4173
"C:/Users/Librake/AppData/Local/UnrealEngine/Common/DerivedDataCache/Buckets/LegacyTEXTURE/3b/ad/5fde1e79c0754cee53d791feacd0e5b9aa84.udd" 4174
"C:/Users/Librake/AppData/Local/UnrealEngine/Common/DerivedDataCache/Buckets/LegacyTEXTURE/55/2b/12a2048d19fa233680c90be7538449a948ab.udd" 4175
"C:/Users/Librake/AppData/Local/UnrealEngine/Common/DerivedDataCache/Buckets/LegacyTEXTURE/f7/4a/820c581a7cbc5610b658bd7eb9fa3247f0d3.udd" 4176
"C:/Users/Librake/AppData/Local/UnrealEngine/Common/DerivedDataCache/Buckets/BulkDataList/36/a9/7598e19ed53d3e1fcf782ae9f20806e3a23d.udd" 4177
"C:/Users/Librake/AppData/Local/UnrealEngine/Common/DerivedDataCache/Buckets/LegacyTEXTURE/dd/10/c15b6af77f5a63e1261d8b13a42f6d6d2919.udd" 4178
"C:/Users/Librake/AppData/Local/UnrealEngine/Common/DerivedDataCache/Buckets/LegacyTEXTURE/2e/51/b851c2e62b6805a42ca2e6553d0878582885.udd" 4179
"F:/Unreal Projects/DDay_bp/Content/3D/platforms/mater/Platform/grass/box_DefaultMaterial_OcclusionRoughnessMetallic.uasset" 4180
"C:/Users/Librake/AppData/Local/UnrealEngine/Common/DerivedDataCache/Buckets/LegacyTEXTURE/2d/1e/539a040cf990550cdc3cc3e2da3b3d18661f.udd" 4181
"C:/Users/Librake/AppData/Local/UnrealEngine/Common/DerivedDataCache/Buckets/LegacyTEXTURE/49/93/317e0971ac963b841d8dec45cbbdf355cdaa.udd" 4182
"C:/Users/Librake/AppData/Local/UnrealEngine/Common/DerivedDataCache/Buckets/LegacyTEXTURE/e3/af/99c82e0fed1c0bcb57363d78e534db658c8a.udd" 4183
"C:/Users/Librake/AppData/Local/UnrealEngine/Common/DerivedDataCache/Buckets/LegacyTEXTURE/f8/fa/d8d573eda04fb78b9a90162ec04078610415.udd" 4184
"C:/Users/Librake/AppData/Local/UnrealEngine/Common/DerivedDataCache/Buckets/LegacyTEXTURE/85/ce/5129bc0c004cb12066b7882c6f6605752683.udd" 4185
"C:/Users/Librake/AppData/Local/UnrealEngine/Common/DerivedDataCache/Buckets/LegacyTEXTURE/6c/a3/83ae10247c013411b1c75d6c5ba9a772a374.udd" 4186
"C:/Users/Librake/AppData/Local/UnrealEngine/Common/DerivedDataCache/Buckets/LegacyTEXTURE/55/9f/6ff352495758c8b9cdfdba685257be3c3a01.udd" 4187
"C:/Users/Librake/AppData/Local/UnrealEngine/Common/DerivedDataCache/Buckets/LegacyTEXTURE/16/f3/991b8ed9f1d5672429601e0231d2cf5616f5.udd" 4188
"C:/Users/Librake/AppData/Local/UnrealEngine/Common/DerivedDataCache/Buckets/LegacyTEXTURE/c7/ea/c218a3cc41def7e71049a5933f86b4006be7.udd" 4189
"C:/Users/Librake/AppData/Local/UnrealEngine/Common/DerivedDataCache/Buckets/LegacyTEXTURE/c7/28/3eebd926ef73d39b50292bfa68dcc0bd7227.udd" 4190
"C:/Users/Librake/AppData/Local/UnrealEngine/Common/DerivedDataCache/Buckets/LegacyTEXTURE/35/05/c8e93a31253cc9ed92c62d5a30f57ccfe005.udd" 4191
"C:/Users/Librake/AppData/Local/UnrealEngine/Common/DerivedDataCache/Buckets/LegacyTEXTURE/30/b3/68d12defa191e1c1f0eabdd3847f722a3709.udd" 4192
"C:/Users/Librake/AppData/Local/UnrealEngine/Common/DerivedDataCache/Buckets/BulkDataList/db/92/34c6d82556220ba545cf3eeabe8517e6ad4d.udd" 4193
"C:/Users/Librake/AppData/Local/UnrealEngine/Common/DerivedDataCache/Buckets/LegacyTEXTURE/c5/14/720385b48b520afd7dbbd935ab42a50b4efd.udd" 4194
"C:/Users/Librake/AppData/Local/UnrealEngine/Common/DerivedDataCache/Buckets/LegacyTEXTURE/e1/46/eb70321c6b0210f173602b320fe0085fdc98.udd" 4195
"C:/Users/Librake/AppData/Local/UnrealEngine/Common/DerivedDataCache/Buckets/LegacyTEXTURE/a0/ff/5f5a9a22f2bef58ee0c1fcbff9ff94f152cc.udd" 4196
"C:/Users/Librake/AppData/Local/UnrealEngine/Common/DerivedDataCache/Buckets/LegacyTEXTURE/5f/69/dd8eac8f8ac0a56533fa8adbb4a2e8f6faa2.udd" 4197
"F:/Unreal Projects/DDay_bp/Content/3D/platforms/mater/Platform/Gray_dirt/box_DefaultMaterial_BaseColor.uasset" 4198
"C:/Users/Librake/AppData/Local/UnrealEngine/Common/DerivedDataCache/Buckets/LegacyTEXTURE/a2/64/e5ebc3379fae7c4702a2372b80019d7df7f0.udd" 4199
"C:/Users/Librake/AppData/Local/UnrealEngine/Common/DerivedDataCache/Buckets/LegacyTEXTURE/4c/fa/719d72c4ebbd1b29d549091fa6a5288e69e3.udd" 4200
"C:/Users/Librake/AppData/Local/UnrealEngine/Common/DerivedDataCache/Buckets/LegacyTEXTURE/5b/23/7dd12f3bdb52c4e47aa6f4b461acf397c065.udd" 4201
"C:/Users/Librake/AppData/Local/UnrealEngine/Common/DerivedDataCache/Buckets/LegacyTEXTURE/75/70/df720878696c3f15e0260f4e3c298ad9666a.udd" 4202
"C:/Users/Librake/AppData/Local/UnrealEngine/Common/DerivedDataCache/Buckets/LegacyTEXTURE/2e/5d/4026ef2f23964512613ca8b49283e032a0e1.udd" 4203
"C:/Users/Librake/AppData/Local/UnrealEngine/Common/DerivedDataCache/Buckets/LegacyTEXTURE/48/ad/706f54f0d60ef119e80d18adcabb2e71da49.udd" 4204
"C:/Users/Librake/AppData/Local/UnrealEngine/Common/DerivedDataCache/Buckets/LegacyTEXTURE/99/5a/7e097c4e460c7fbef1b9354ae6ff7379b1fa.udd" 4205
"C:/Users/Librake/AppData/Local/UnrealEngine/Common/DerivedDataCache/Buckets/LegacyTEXTURE/9b/e2/577482fff8e30c42f1d2871abbdab3516291.udd" 4206
"C:/Users/Librake/AppData/Local/UnrealEngine/Common/DerivedDataCache/Buckets/LegacyTEXTURE/f3/89/97d620ae155550950cb2e8e15d819f2b6159.udd" 4207
"C:/Users/Librake/AppData/Local/UnrealEngine/Common/DerivedDataCache/Buckets/LegacyTEXTURE/4f/43/5fdaec20a03e6c8263b4ac4fa9f757cb22e4.udd" 4208
"C:/Users/Librake/AppData/Local/UnrealEngine/Common/DerivedDataCache/Buckets/LegacyTEXTURE/4a/cf/a98888fdddcac2c0ecaa7e286e99748ac029.udd" 4209
"C:/Users/Librake/AppData/Local/UnrealEngine/Common/DerivedDataCache/Buckets/LegacyTEXTURE/fe/03/10b81327685fb43a5e796b17640baf0d3fb8.udd" 4210
"C:/Users/Librake/AppData/Local/UnrealEngine/Common/DerivedDataCache/Buckets/LegacyTEXTURE/25/58/d84749869132a385a082ee7746188c80d2fb.udd" 4211
"C:/Users/Librake/AppData/Local/UnrealEngine/Common/DerivedDataCache/Buckets/LegacyTEXTURE/ab/da/a1fdd5e662928e741235073ae905f3808ef2.udd" 4212
"C:/Users/Librake/AppData/Local/UnrealEngine/Common/DerivedDataCache/Buckets/BulkDataList/e5/30/eeb279b34f975f331d8e790f5cdf19cfc5ad.udd" 4213
"C:/Users/Librake/AppData/Local/UnrealEngine/Common/DerivedDataCache/Buckets/LegacyTEXTURE/f4/d6/8beebaea29e0580cd1377036465c9d448a9e.udd" 4214
"F:/Unreal Projects/DDay_bp/Content/3D/platforms/mater/Platform/Gray_dirt/box_DefaultMaterial_Normal.uasset" 4215
"C:/Users/Librake/AppData/Local/UnrealEngine/Common/DerivedDataCache/Buckets/LegacyTEXTURE/24/d7/60556939ac7fac5ba232267b1101d40a1bdd.udd" 4216
"C:/Users/Librake/AppData/Local/UnrealEngine/Common/DerivedDataCache/Buckets/LegacyTEXTURE/93/d0/4829a1ea93699cee9524ebf35d4db84d2b9b.udd" 4217
"C:/Users/Librake/AppData/Local/UnrealEngine/Common/DerivedDataCache/Buckets/LegacyTEXTURE/f9/40/3edaf149a0b907d214532b2d7a8fff531893.udd" 4218
"C:/Users/Librake/AppData/Local/UnrealEngine/Common/DerivedDataCache/Buckets/LegacyTEXTURE/73/79/8f1ca1badba80fbab64e4402d3dab73ca785.udd" 4219
"C:/Users/Librake/AppData/Local/UnrealEngine/Common/DerivedDataCache/Buckets/LegacyTEXTURE/a8/3f/bf331a28e9a262ca34e7700c5127f254661a.udd" 4220
"C:/Users/Librake/AppData/Local/UnrealEngine/Common/DerivedDataCache/Buckets/LegacyTEXTURE/0b/5f/0ec0f34bf8a4d676009aec0ecec137db18a8.udd" 4221
"C:/Users/Librake/AppData/Local/UnrealEngine/Common/DerivedDataCache/Buckets/LegacyTEXTURE/23/6c/8c11eb8ddb955e4e09edd3b70f4ffc1721f2.udd" 4222
"C:/Users/Librake/AppData/Local/UnrealEngine/Common/DerivedDataCache/Buckets/LegacyTEXTURE/79/0d/71968824548415432d8c83f88c47f0dc9bc6.udd" 4223
"C:/Users/Librake/AppData/Local/UnrealEngine/Common/DerivedDataCache/Buckets/LegacyTEXTURE/50/56/098d5b2a24566dba437f3efb9c7f19396e2d.udd" 4224
"C:/Users/Librake/AppData/Local/UnrealEngine/Common/DerivedDataCache/Buckets/LegacyTEXTURE/df/41/6b3fda2963bea6dd9e53a2d8a65fbfc1caa2.udd" 4225
"C:/Users/Librake/AppData/Local/UnrealEngine/Common/DerivedDataCache/Buckets/LegacyTEXTURE/af/20/473ef64f42d3b0e2354fa94f4dd927104cd8.udd" 4226
"C:/Users/Librake/AppData/Local/UnrealEngine/Common/DerivedDataCache/Buckets/LegacyTEXTURE/ba/5d/0e47c897ee267f55f4d1a782ccd2528c8f43.udd" 4227
"C:/Users/Librake/AppData/Local/UnrealEngine/Common/DerivedDataCache/Buckets/LegacyTEXTURE/d5/ba/483f53e8203cbcde03676a685dbcb772300a.udd" 4228
"C:/Users/Librake/AppData/Local/UnrealEngine/Common/DerivedDataCache/Buckets/BulkDataList/19/7e/09d5c973b8871bf6a2df101094fc61a92b1c.udd" 4229
"C:/Users/Librake/AppData/Local/UnrealEngine/Common/DerivedDataCache/Buckets/LegacyTEXTURE/c1/ff/10bb2d02b5b90f7d03f2817555c9fb835ede.udd" 4230
"F:/Unreal Projects/DDay_bp/Content/3D/platforms/mater/Platform/Gray_dirt/box_DefaultMaterial_OcclusionRoughnessMetallic.uasset" 4231
"C:/Users/Librake/AppData/Local/UnrealEngine/Common/DerivedDataCache/Buckets/LegacyTEXTURE/53/46/7dbca54ab4759facf0335be82326953b1a61.udd" 4232
"C:/Users/Librake/AppData/Local/UnrealEngine/Common/DerivedDataCache/Buckets/LegacyTEXTURE/cb/af/a9573908707722cf5272015d02603e37d5cb.udd" 4233
"C:/Users/Librake/AppData/Local/UnrealEngine/Common/DerivedDataCache/Buckets/LegacyTEXTURE/30/b7/0a969d40d9b2d943e5d71e1c8da7c5018d20.udd" 4234
"C:/Users/Librake/AppData/Local/UnrealEngine/Common/DerivedDataCache/Buckets/LegacyTEXTURE/a8/e7/0115aa9c1b8c12d52ff8c8fbb01d90ead496.udd" 4235
"C:/Users/Librake/AppData/Local/UnrealEngine/Common/DerivedDataCache/Buckets/LegacyTEXTURE/75/40/0e4ed291b9237ba54d74ba758000b2faf4da.udd" 4236
"C:/Users/Librake/AppData/Local/UnrealEngine/Common/DerivedDataCache/Buckets/LegacyTEXTURE/3b/49/0a88f7f859b3dd88cecefb0c2adcf0849846.udd" 4237
"C:/Users/Librake/AppData/Local/UnrealEngine/Common/DerivedDataCache/Buckets/LegacyTEXTURE/ee/e8/0ed2c1b46f6ba5ccd8c67fb90d49eb6be708.udd" 4238
"C:/Users/Librake/AppData/Local/UnrealEngine/Common/DerivedDataCache/Buckets/LegacyTEXTURE/29/db/8975a8904b38219ea40e37170247770cc80c.udd" 4239
"C:/Users/Librake/AppData/Local/UnrealEngine/Common/DerivedDataCache/Buckets/LegacyTEXTURE/34/d4/416e10391be8eb6ef44e62cb3d71c94cd0df.udd" 4240
"C:/Users/Librake/AppData/Local/UnrealEngine/Common/DerivedDataCache/Buckets/LegacyTEXTURE/94/7d/58c28cbe988d132706d184e559cf7beab5f4.udd" 4241
"C:/Users/Librake/AppData/Local/UnrealEngine/Common/DerivedDataCache/Buckets/LegacyTEXTURE/e0/19/41ac511a7b32f33b8bf819a133e8e24a9e70.udd" 4242
"C:/Users/Librake/AppData/Local/UnrealEngine/Common/DerivedDataCache/Buckets/BulkDataList/27/02/178c1ebeed73c5182a24ee590c2599b2a7ce.udd" 4243
"C:/Users/Librake/AppData/Local/UnrealEngine/Common/DerivedDataCache/Buckets/LegacyTEXTURE/5c/62/0ac09e285adb98a97c0b8aab9c27fdc6670f.udd" 4244
"C:/Users/Librake/AppData/Local/UnrealEngine/Common/DerivedDataCache/Buckets/LegacyTEXTURE/12/53/354cc872fc2c17518156213a8e7887f2d95b.udd" 4245
"F:/Unreal Projects/DDay_bp/Content/3D/platforms/mater/Platform/Gray_water/box_DefaultMaterial_BaseColor.uasset" 4246
"C:/Users/Librake/AppData/Local/UnrealEngine/Common/DerivedDataCache/Buckets/LegacyTEXTURE/f5/cc/eae2e1c430e86e6c3b3d192a95bf1f41b2dc.udd" 4247
"C:/Users/Librake/AppData/Local/UnrealEngine/Common/DerivedDataCache/Buckets/LegacyTEXTURE/f3/15/93d7a5cde54ea71a1c983504f422afafc0db.udd" 4248
"C:/Users/Librake/AppData/Local/UnrealEngine/Common/DerivedDataCache/Buckets/LegacyTEXTURE/0a/4e/8d0830ea5706abffabeb0db62ec2ccb15f09.udd" 4249
"C:/Users/Librake/AppData/Local/UnrealEngine/Common/DerivedDataCache/Buckets/LegacyTEXTURE/e0/63/848683a68ed305954e3b15203b24046e90dc.udd" 4250
"C:/Users/Librake/AppData/Local/UnrealEngine/Common/DerivedDataCache/Buckets/LegacyTEXTURE/cc/39/13125d719ff34d561d773208e3e9cff6e569.udd" 4251
"C:/Users/Librake/AppData/Local/UnrealEngine/Common/DerivedDataCache/Buckets/LegacyTEXTURE/be/1e/9abdf4b55ee3d904eea9af4d3e4198ed96ed.udd" 4252
"C:/Users/Librake/AppData/Local/UnrealEngine/Common/DerivedDataCache/Buckets/LegacyTEXTURE/87/53/eeb6f7a9963bdf34ece6b6ba842127a381e9.udd" 4253
"C:/Users/Librake/AppData/Local/UnrealEngine/Common/DerivedDataCache/Buckets/LegacyTEXTURE/49/c6/ad7948851d0ad6cf391d5f4dded4bede57b2.udd" 4254
"C:/Users/Librake/AppData/Local/UnrealEngine/Common/DerivedDataCache/Buckets/LegacyTEXTURE/54/79/69b229b1bf230c95797ed95794e453d4a774.udd" 4255
"C:/Users/Librake/AppData/Local/UnrealEngine/Common/DerivedDataCache/Buckets/LegacyTEXTURE/e6/c9/de71d3de43e00a3db04391ace8b1986388d8.udd" 4256
"C:/Users/Librake/AppData/Local/UnrealEngine/Common/DerivedDataCache/Buckets/BulkDataList/f7/91/2347ff2df4b3ae26ece6015ef8d5ff276d71.udd" 4257
"C:/Users/Librake/AppData/Local/UnrealEngine/Common/DerivedDataCache/Buckets/LegacyTEXTURE/4c/ed/d2e9aeece9f2443fe344730899ad6e5df9d6.udd" 4258
"C:/Users/Librake/AppData/Local/UnrealEngine/Common/DerivedDataCache/Buckets/LegacyTEXTURE/57/f4/42c4f5f624113cb6001ec94d847e746b3479.udd" 4259
"C:/Users/Librake/AppData/Local/UnrealEngine/Common/DerivedDataCache/Buckets/LegacyTEXTURE/ae/af/0ac93c4eb12896503d00e7e1929a8d5bff8e.udd" 4260
"C:/Users/Librake/AppData/Local/UnrealEngine/Common/DerivedDataCache/Buckets/LegacyTEXTURE/29/df/cb3533eb6932d5b03ed5ba3d2220b5d02d70.udd" 4261
"F:/Unreal Projects/DDay_bp/Content/3D/platforms/mater/Platform/Gray_water/box_DefaultMaterial_Normal.uasset" 4262
"C:/Users/Librake/AppData/Local/UnrealEngine/Common/DerivedDataCache/Buckets/LegacyTEXTURE/60/28/bd21d6fa579f1a778e343146988cdfa22ee3.udd" 4263
"C:/Users/Librake/AppData/Local/UnrealEngine/Common/DerivedDataCache/Buckets/LegacyTEXTURE/7b/17/d50a5ee955adeed9b94bf2a53ec45fa7469b.udd" 4264
"C:/Users/Librake/AppData/Local/UnrealEngine/Common/DerivedDataCache/Buckets/LegacyTEXTURE/30/9c/c3b2f3930482fda56a4a1091c27fe53fab39.udd" 4265
"C:/Users/Librake/AppData/Local/UnrealEngine/Common/DerivedDataCache/Buckets/LegacyTEXTURE/86/89/518b8eebad3ec2a7674098a5b5e87b48380f.udd" 4266
"C:/Users/Librake/AppData/Local/UnrealEngine/Common/DerivedDataCache/Buckets/LegacyTEXTURE/f0/97/425bb2ed02731436d47118c8e78f790e35d0.udd" 4267
"C:/Users/Librake/AppData/Local/UnrealEngine/Common/DerivedDataCache/Buckets/LegacyTEXTURE/28/62/57b99ddc02eb71b48ddcea39ec67a26c7ee0.udd" 4268
"C:/Users/Librake/AppData/Local/UnrealEngine/Common/DerivedDataCache/Buckets/LegacyTEXTURE/8b/2e/90d329b2b7f289fded01ecb06573daaa4323.udd" 4269
"C:/Users/Librake/AppData/Local/UnrealEngine/Common/DerivedDataCache/Buckets/LegacyTEXTURE/b4/e7/59592952789c17a2c912acd13fb90c876e5b.udd" 4270
"C:/Users/Librake/AppData/Local/UnrealEngine/Common/DerivedDataCache/Buckets/LegacyTEXTURE/c2/32/3d43a4e144eb32f0b6afa8fd4eed02bfd5c4.udd" 4271
"C:/Users/Librake/AppData/Local/UnrealEngine/Common/DerivedDataCache/Buckets/BulkDataList/37/95/9c58fe7a3fd6e048ce4dd8cabcb13e2bd537.udd" 4272
"C:/Users/Librake/AppData/Local/UnrealEngine/Common/DerivedDataCache/Buckets/LegacyTEXTURE/8c/81/7d47c87a42a4fb7bf57d06eb55fae83e2783.udd" 4273
"C:/Users/Librake/AppData/Local/UnrealEngine/Common/DerivedDataCache/Buckets/LegacyTEXTURE/46/a0/59d7845e4ef222ef9dc98c8c62ab2f766a63.udd" 4274
"C:/Users/Librake/AppData/Local/UnrealEngine/Common/DerivedDataCache/Buckets/LegacyTEXTURE/5f/aa/d8ed0133d7c826aa817134006d95c916b96e.udd" 4275
"C:/Users/Librake/AppData/Local/UnrealEngine/Common/DerivedDataCache/Buckets/LegacyTEXTURE/c2/d0/d2d0bdb947caa00d41908b3bdb1b32ad8772.udd" 4276
"C:/Users/Librake/AppData/Local/UnrealEngine/Common/DerivedDataCache/Buckets/LegacyTEXTURE/47/2f/4bcc19cb6c77876c3b1f6fc6877d8f9d6c4c.udd" 4277
"F:/Unreal Projects/DDay_bp/Content/3D/platforms/mater/Platform/Gray_water/box_DefaultMaterial_OcclusionRoughnessMetallic.uasset" 4278
"C:/Users/Librake/AppData/Local/UnrealEngine/Common/DerivedDataCache/Buckets/LegacyTEXTURE/f2/a0/7ffa7b2ff777e1562d176f8b777ce10b28de.udd" 4279
"C:/Users/Librake/AppData/Local/UnrealEngine/Common/DerivedDataCache/Buckets/LegacyTEXTURE/a5/87/79d7843f3d78145834b17c4e4056f1447f74.udd" 4280
"C:/Users/Librake/AppData/Local/UnrealEngine/Common/DerivedDataCache/Buckets/LegacyTEXTURE/5b/2e/0cd352c9f4e1721ae7ae3407cc8547c04dd3.udd" 4281
"C:/Users/Librake/AppData/Local/UnrealEngine/Common/DerivedDataCache/Buckets/LegacyTEXTURE/eb/d1/e2897d8b050e998de1a9e2fe0140077f8b29.udd" 4282
"C:/Users/Librake/AppData/Local/UnrealEngine/Common/DerivedDataCache/Buckets/LegacyTEXTURE/a7/1f/15c5057c211a18fcfe18a22aeafefe653384.udd" 4283
"C:/Users/Librake/AppData/Local/UnrealEngine/Common/DerivedDataCache/Buckets/LegacyTEXTURE/6a/b6/58bb79c74bf043e823e9a464d250697458af.udd" 4284
"C:/Users/Librake/AppData/Local/UnrealEngine/Common/DerivedDataCache/Buckets/LegacyTEXTURE/6d/80/8b110c6fa4770edbbabf82daeb5267736350.udd" 4285
"C:/Users/Librake/AppData/Local/UnrealEngine/Common/DerivedDataCache/Buckets/LegacyTEXTURE/d6/52/1c9d286c15b6f1d2401d8a324ea698b30386.udd" 4286
"C:/Users/Librake/AppData/Local/UnrealEngine/Common/DerivedDataCache/Buckets/LegacyTEXTURE/e2/d9/79bc4d83d65c2848d8eae186a7cc280ad4cd.udd" 4287
"C:/Users/Librake/AppData/Local/UnrealEngine/Common/DerivedDataCache/Buckets/LegacyTEXTURE/3a/3b/90dca438a3039630d8d1f1272ec9a9c47532.udd" 4288
"C:/Users/Librake/AppData/Local/UnrealEngine/Common/DerivedDataCache/Buckets/BulkDataList/19/53/e22fa864d97f8303af8bc7b18c95b4674732.udd" 4289
"C:/Users/Librake/AppData/Local/UnrealEngine/Common/DerivedDataCache/Buckets/LegacyTEXTURE/9a/6a/6223e593fb13d69aa54ced260556ea5dadb6.udd" 4290
"C:/Users/Librake/AppData/Local/UnrealEngine/Common/DerivedDataCache/Buckets/LegacyTEXTURE/7b/ea/e7d411b11b090f15f88b54fb47b3ae1bec7d.udd" 4291
"C:/Users/Librake/AppData/Local/UnrealEngine/Common/DerivedDataCache/Buckets/LegacyTEXTURE/48/92/d0510e33e9e348480d8198009a532fec7481.udd" 4292
"C:/Users/Librake/AppData/Local/UnrealEngine/Common/DerivedDataCache/Buckets/LegacyTEXTURE/98/93/93bf24b6d3c405a3e9504d98af99f81a780b.udd" 4293
"C:/Users/Librake/AppData/Local/UnrealEngine/Common/DerivedDataCache/Buckets/LegacyTEXTURE/3d/a3/9e5681f333b0418e6132ca4a275a5af45d1f.udd" 4294
"F:/Unreal Projects/DDay_bp/Content/3D/platforms/mater/Platform/water/box_DefaultMaterial_BaseColor.uasset" 4295
"C:/Users/Librake/AppData/Local/UnrealEngine/Common/DerivedDataCache/Buckets/LegacyTEXTURE/aa/81/b1dbb929ab7a609dd872c24099f1c34cfafb.udd" 4296
"C:/Users/Librake/AppData/Local/UnrealEngine/Common/DerivedDataCache/Buckets/LegacyTEXTURE/f7/30/b347b69a2a47c8b10f04ba37601f9b2379d4.udd" 4297
"C:/Users/Librake/AppData/Local/UnrealEngine/Common/DerivedDataCache/Buckets/LegacyTEXTURE/51/39/34ea295adaf2d0bbad5e1ca515b5ca8e47c8.udd" 4298
"C:/Users/Librake/AppData/Local/UnrealEngine/Common/DerivedDataCache/Buckets/LegacyTEXTURE/0d/90/3f03b8ab682e53d37b10f96c3624475b4e19.udd" 4299
"C:/Users/Librake/AppData/Local/UnrealEngine/Common/DerivedDataCache/Buckets/LegacyTEXTURE/b5/0f/6e0aef4757dc2eb7234a57ca8cab0a4df03b.udd" 4300
"C:/Users/Librake/AppData/Local/UnrealEngine/Common/DerivedDataCache/Buckets/LegacyTEXTURE/d5/1e/e87894e0d93d279f15cb2736215bec8e6982.udd" 4301
"C:/Users/Librake/AppData/Local/UnrealEngine/Common/DerivedDataCache/Buckets/LegacyTEXTURE/74/38/d864ddec5469dead59ec949f2e920f7c1cd3.udd" 4302
"C:/Users/Librake/AppData/Local/UnrealEngine/Common/DerivedDataCache/Buckets/LegacyTEXTURE/b6/4a/924bc7aa236c289cc68d94ddfe2f818b6688.udd" 4303
"C:/Users/Librake/AppData/Local/UnrealEngine/Common/DerivedDataCache/Buckets/LegacyTEXTURE/b8/ad/8f966d9e71d0123eb972f9140f8dfe7941d0.udd" 4304
"C:/Users/Librake/AppData/Local/UnrealEngine/Common/DerivedDataCache/Buckets/BulkDataList/c1/d6/0724c0961107d4e7804e533da60854ab526a.udd" 4305
"C:/Users/Librake/AppData/Local/UnrealEngine/Common/DerivedDataCache/Buckets/LegacyTEXTURE/5c/a3/90160696cfd4e396c3d9ea6a90c30b517ae9.udd" 4306
"C:/Users/Librake/AppData/Local/UnrealEngine/Common/DerivedDataCache/Buckets/LegacyTEXTURE/46/7b/4917fcd0862fb3b24164b03fb7b9cd3b60db.udd" 4307
"F:/Unreal Projects/DDay_bp/Content/3D/platforms/mater/Platform/water/box_DefaultMaterial_Normal.uasset" 4308
"C:/Users/Librake/AppData/Local/UnrealEngine/Common/DerivedDataCache/Buckets/LegacyTEXTURE/1b/07/1bda5c682fbda8bd5121ef6934618b8a375d.udd" 4309
"C:/Users/Librake/AppData/Local/UnrealEngine/Common/DerivedDataCache/Buckets/LegacyTEXTURE/9e/01/9800f4f72d09ae593d946d95ab95705752cc.udd" 4310
"C:/Users/Librake/AppData/Local/UnrealEngine/Common/DerivedDataCache/Buckets/LegacyTEXTURE/b3/f4/72af9437d19f700e14ea6ef42f8d2b3cf8dd.udd" 4311
"C:/Users/Librake/AppData/Local/UnrealEngine/Common/DerivedDataCache/Buckets/LegacyTEXTURE/60/b3/d35da340944c1a95bb1e92f15f889250042b.udd" 4312
"C:/Users/Librake/AppData/Local/UnrealEngine/Common/DerivedDataCache/Buckets/LegacyTEXTURE/36/f1/ba60cb8e68e126e5485103e32b8c85ed5be2.udd" 4313
"C:/Users/Librake/AppData/Local/UnrealEngine/Common/DerivedDataCache/Buckets/LegacyTEXTURE/5b/81/b4aae68381580151982db45167a8931d4666.udd" 4314
"C:/Users/Librake/AppData/Local/UnrealEngine/Common/DerivedDataCache/Buckets/BulkDataList/1b/66/f7a864cea120395c95213fe0a0afafce603d.udd" 4315
"C:/Users/Librake/AppData/Local/UnrealEngine/Common/DerivedDataCache/Buckets/LegacyTEXTURE/b9/07/a18ac897817d750fb2b045f652ef625b44ba.udd" 4316
"C:/Users/Librake/AppData/Local/UnrealEngine/Common/DerivedDataCache/Buckets/LegacyTEXTURE/80/c9/03ce70df7562918bc86a175d5960b01b0da5.udd" 4317
"C:/Users/Librake/AppData/Local/UnrealEngine/Common/DerivedDataCache/Buckets/LegacyTEXTURE/91/25/a517070971883ca1cf639da2b9bd1a2ed829.udd" 4318
"C:/Users/Librake/AppData/Local/UnrealEngine/Common/DerivedDataCache/Buckets/LegacyTEXTURE/2d/fb/c94ce1174fa055d3d29845a3e36b062a4935.udd" 4319
"C:/Users/Librake/AppData/Local/UnrealEngine/Common/DerivedDataCache/Buckets/LegacyTEXTURE/00/45/6c1e5f6d3c1d256b7cc394e5fdc925470fb0.udd" 4320
"C:/Users/Librake/AppData/Local/UnrealEngine/Common/DerivedDataCache/Buckets/LegacyTEXTURE/16/74/7ffa1893f60286734d0fff543b4307033cda.udd" 4321
"F:/Unreal Projects/DDay_bp/Content/3D/platforms/mater/Platform/water/box_DefaultMaterial_OcclusionRoughnessMetallic.uasset" 4322
"C:/Users/Librake/AppData/Local/UnrealEngine/Common/DerivedDataCache/Buckets/LegacyTEXTURE/e8/e6/20b53786734e04caf4ac82ef1751dad8363c.udd" 4323
"C:/Users/Librake/AppData/Local/UnrealEngine/Common/DerivedDataCache/Buckets/LegacyTEXTURE/5a/cd/a62495503acd353b7b4ddcc13ddecd8faf32.udd" 4324
"C:/Users/Librake/AppData/Local/UnrealEngine/Common/DerivedDataCache/Buckets/LegacyTEXTURE/e9/26/2e220851d0bb8a55724c42a8e55a9cea97cd.udd" 4325
"C:/Users/Librake/AppData/Local/UnrealEngine/Common/DerivedDataCache/Buckets/LegacyTEXTURE/ac/bc/94c1365de281f0526f1c2a9bedf43ba193cd.udd" 4326
"C:/Users/Librake/AppData/Local/UnrealEngine/Common/DerivedDataCache/Buckets/LegacyTEXTURE/03/db/18112c974ad998bcc267120d702080043e35.udd" 4327
"C:/Users/Librake/AppData/Local/UnrealEngine/Common/DerivedDataCache/Buckets/LegacyTEXTURE/0c/9f/16ff6d86f1a95d64d5d6cb6dd6b535cc68f8.udd" 4328
"C:/Users/Librake/AppData/Local/UnrealEngine/Common/DerivedDataCache/Buckets/LegacyTEXTURE/34/29/af22fafb8b4452ad93481eed30a37efe134d.udd" 4329
"C:/Users/Librake/AppData/Local/UnrealEngine/Common/DerivedDataCache/Buckets/LegacyTEXTURE/4c/c5/1d39bc4f5746ad6dda7c8af899d39fff91ae.udd" 4330
"C:/Users/Librake/AppData/Local/UnrealEngine/Common/DerivedDataCache/Buckets/LegacyTEXTURE/fb/ee/e75a72fb08655494a1ebb9ed186b09c82b6b.udd" 4331
"C:/Users/Librake/AppData/Local/UnrealEngine/Common/DerivedDataCache/Buckets/LegacyTEXTURE/8f/c9/310fcec30c5c016c80d2d35334ca674634d4.udd" 4332
"C:/Users/Librake/AppData/Local/UnrealEngine/Common/DerivedDataCache/Buckets/LegacyTEXTURE/b5/a5/3c897b714a4b3605094a9fef1b5bbf9fe7e7.udd" 4333
"C:/Users/Librake/AppData/Local/UnrealEngine/Common/DerivedDataCache/Buckets/LegacyTEXTURE/09/ae/8698080326c05df3e3d456d2453b9af92264.udd" 4334
"C:/Users/Librake/AppData/Local/UnrealEngine/Common/DerivedDataCache/Buckets/LegacyTEXTURE/67/24/a10e4342f224ba44dd523f2077d7a68972dc.udd" 4335
"C:/Users/Librake/AppData/Local/UnrealEngine/Common/DerivedDataCache/Buckets/LegacyTEXTURE/b4/6b/d2c4850be2a3cfcc7f3d57beb8dd26062628.udd" 4336
"C:/Users/Librake/AppData/Local/UnrealEngine/Common/DerivedDataCache/Buckets/LegacyTEXTURE/6c/5c/4d95e372051cc975e94ff0f8cd1d16afde9b.udd" 4337
"C:/Users/Librake/AppData/Local/UnrealEngine/Common/DerivedDataCache/Buckets/BulkDataList/cb/d1/a5c22d0fee69dc0ce110ef9044ad8dc72432.udd" 4338
"C:/Users/Librake/AppData/Local/UnrealEngine/Common/DerivedDataCache/Buckets/LegacyTEXTURE/fb/0e/be38219aa12a2c148dabc8df4f0bb553499e.udd" 4339
"C:/Users/Librake/AppData/Local/UnrealEngine/Common/DerivedDataCache/Buckets/LegacyTEXTURE/ea/a1/ba64d0944cc29937c834dce8d6420b01602e.udd" 4340
"C:/Users/Librake/AppData/Local/UnrealEngine/Common/DerivedDataCache/Buckets/LegacyTEXTURE/da/69/b9ba02c79e1a73724a0a54cf673819cb4b86.udd" 4341
"C:/Users/Librake/AppData/Local/UnrealEngine/Common/DerivedDataCache/Buckets/LegacyTEXTURE/75/6a/927764cd74670e5fcd0f7d6f51628ebf3b05.udd" 4342
"C:/Users/Librake/AppData/Local/UnrealEngine/Common/DerivedDataCache/Buckets/LegacyTEXTURE/ea/b6/f4909d92df2ba5e77c717c67d540e679483d.udd" 4343
"C:/Users/Librake/AppData/Local/UnrealEngine/Common/DerivedDataCache/Buckets/LegacyTEXTURE/b4/2b/8f93bfbf2631b119b0b2851f9804440d269c.udd" 4344
"C:/Users/Librake/AppData/Local/UnrealEngine/Common/DerivedDataCache/Buckets/LegacyTEXTURE/14/a0/bc254443e5876ac0f7f65fcbec6bdbf53705.udd" 4345
"C:/Users/Librake/AppData/Local/UnrealEngine/Common/DerivedDataCache/Buckets/LegacyTEXTURE/45/42/23b8541c31d68784699cbac20ec4b544180c.udd" 4346
"C:/Users/Librake/AppData/Local/UnrealEngine/Common/DerivedDataCache/Buckets/LegacyTEXTURE/5a/a4/0321ac7187977c277a361287ffedc6a355cd.udd" 4347
"C:/Users/Librake/AppData/Local/UnrealEngine/Common/DerivedDataCache/Buckets/LegacyTEXTURE/e9/0b/859b7edbab9944c92b44555245bff7c49716.udd" 4348
"C:/Users/Librake/AppData/Local/UnrealEngine/Common/DerivedDataCache/Buckets/LegacyTEXTURE/b2/a2/e58da4c169531f00fe50962c7a4606ea57b2.udd" 4349
"C:/Users/Librake/AppData/Local/UnrealEngine/Common/DerivedDataCache/Buckets/LegacyTEXTURE/f9/43/6489695c18af103de2fdcb0d69066fb0f9ce.udd" 4350
"C:/Users/Librake/AppData/Local/UnrealEngine/Common/DerivedDataCache/Buckets/LegacyTEXTURE/73/ac/fec81ad3c60375d389c8ea58237765cd2839.udd" 4351
"C:/Users/Librake/AppData/Local/UnrealEngine/Common/DerivedDataCache/Buckets/LegacyTEXTURE/15/1d/93d5a8506202dd8feeee3657b71642cd7a96.udd" 4352
"C:/Users/Librake/AppData/Local/UnrealEngine/Common/DerivedDataCache/Buckets/LegacyTEXTURE/29/94/561d00030627c8acf1111c2660fd54aecc2d.udd" 4353
"C:/Users/Librake/AppData/Local/UnrealEngine/Common/DerivedDataCache/Buckets/LegacyTEXTURE/17/fa/2c5b1de5a16e250c6aa9b3c36f408c204173.udd" 4354
"C:/Users/Librake/AppData/Local/UnrealEngine/Common/DerivedDataCache/Buckets/LegacyTEXTURE/23/83/b055aa7f84bf0562c80f246c0d36837df685.udd" 4355
"C:/Users/Librake/AppData/Local/UnrealEngine/Common/DerivedDataCache/Buckets/LegacyTEXTURE/16/1f/566ba507cde16333f440c9dc6544b98d3ef8.udd" 4356
"C:/Users/Librake/AppData/Local/UnrealEngine/Common/DerivedDataCache/Buckets/LegacyTEXTURE/c6/cc/f55d1f0fb2b2a4e9d4185569b018d2a7c7c6.udd" 4357
"C:/Users/Librake/AppData/Local/UnrealEngine/Common/DerivedDataCache/Buckets/LegacyTEXTURE/c4/e2/5c9ce2698f6151ae84560e20e2aee9f4b14b.udd" 4358
"C:/Users/Librake/AppData/Local/UnrealEngine/Common/DerivedDataCache/Buckets/LegacyTEXTURE/31/9f/8c45b0a1cb4c444b1979bfbcdbbe62cd03a1.udd" 4359
"C:/Users/Librake/AppData/Local/UnrealEngine/Common/DerivedDataCache/Buckets/LegacyTEXTURE/42/0d/48b5f094785337fa6bf8b5f7f3d880608ba4.udd" 4360
"C:/Users/Librake/AppData/Local/UnrealEngine/Common/DerivedDataCache/Buckets/LegacyTEXTURE/a8/b5/0c1f5abfee22877e60804aaff9aa3e1580d4.udd" 4361
"C:/Users/Librake/AppData/Local/UnrealEngine/Common/DerivedDataCache/Buckets/LegacyTEXTURE/7e/a5/c61f5fba95d1c3188c3fc0772004582cd8e8.udd" 4362
"C:/Users/Librake/AppData/Local/UnrealEngine/Common/DerivedDataCache/Buckets/LegacyTEXTURE/ce/d0/6fa7001e0b270bc5f6da96c1a6b2c5ccd904.udd" 4363
"C:/Users/Librake/AppData/Local/UnrealEngine/Common/DerivedDataCache/Buckets/LegacyTEXTURE/ee/b4/ade8eaafc1f28a3ad9107e6508da60e352eb.udd" 4364
"C:/Users/Librake/AppData/Local/UnrealEngine/Common/DerivedDataCache/Buckets/LegacyTEXTURE/d1/55/031d1fa53182ea551c39e27989935c13edb1.udd" 4365
"C:/Users/Librake/AppData/Local/UnrealEngine/Common/DerivedDataCache/Buckets/LegacyTEXTURE/7d/fd/42c3d7f033067dfd9ead951a01b45cd6d9ae.udd" 4366
"C:/Users/Librake/AppData/Local/UnrealEngine/Common/DerivedDataCache/Buckets/LegacyTEXTURE/70/91/9b394f3f69c6caadea05e3a2f4a633d4dc8f.udd" 4367
"C:/Users/Librake/AppData/Local/UnrealEngine/Common/DerivedDataCache/Buckets/LegacyTEXTURE/ee/ee/8b325659019d3ddd6ff03330963e3c0195f3.udd" 4368
"C:/Users/Librake/AppData/Local/UnrealEngine/Common/DerivedDataCache/Buckets/LegacyTEXTURE/27/05/d31044fed5094b5734bf71e5f4b4be1a5082.udd" 4369
"C:/Users/Librake/AppData/Local/UnrealEngine/Common/DerivedDataCache/Buckets/LegacyTEXTURE/5a/9d/7c97c5184c183eb1dd55ff5771ce4871c75f.udd" 4370
"C:/Users/Librake/AppData/Local/UnrealEngine/Common/DerivedDataCache/Buckets/LegacyTEXTURE/b5/ac/8b4662972f2c4b230d02eff031ecbe0f5c60.udd" 4371
"C:/Users/Librake/AppData/Local/UnrealEngine/Common/DerivedDataCache/Buckets/LegacyTEXTURE/56/00/5816ab832ad97f3c76908576a46348dc10e1.udd" 4372
"C:/Users/Librake/AppData/Local/UnrealEngine/Common/DerivedDataCache/Buckets/LegacyTEXTURE/70/4f/e4863750ab62391a3a53e0b192b13bb8e6e5.udd" 4373
"C:/Users/Librake/AppData/Local/UnrealEngine/Common/DerivedDataCache/Buckets/LegacyTEXTURE/c6/6e/453a9558539cdd316a04795c93c3a9cab890.udd" 4374
"C:/Users/Librake/AppData/Local/UnrealEngine/Common/DerivedDataCache/Buckets/LegacyTEXTURE/5f/d7/7cbadaa4449c6d11421d1f87e12d420586cb.udd" 4375
"C:/Users/Librake/AppData/Local/UnrealEngine/Common/DerivedDataCache/Buckets/LegacyTEXTURE/73/31/2893c26e209b718ce26e4efa13a7ffd5f113.udd" 4376
"C:/Users/Librake/AppData/Local/UnrealEngine/Common/DerivedDataCache/Buckets/LegacyTEXTURE/bd/e6/5afba197b2956be8dcdd618963bf4f22b84a.udd" 4377
"C:/Users/Librake/AppData/Local/UnrealEngine/Common/DerivedDataCache/Buckets/LegacyTEXTURE/16/2a/4d394c4d90a44df293a4935dce1f15abb760.udd" 4378
"C:/Users/Librake/AppData/Local/UnrealEngine/Common/DerivedDataCache/Buckets/LegacyTEXTURE/56/a8/19aecbe86fdd4e60a9b85f97a8bd9f9c0481.udd" 4379
"C:/Users/Librake/AppData/Local/UnrealEngine/Common/DerivedDataCache/Buckets/LegacyTEXTURE/59/1f/9e9f2c69de95f5ada0c805da5ba05cf8aec8.udd" 4380
"C:/Users/Librake/AppData/Local/UnrealEngine/Common/DerivedDataCache/Buckets/LegacyTEXTURE/14/bd/775c9f270ba5f4dd4d30acb14fcb0484634f.udd" 4381
"C:/Users/Librake/AppData/Local/UnrealEngine/Common/DerivedDataCache/Buckets/LegacyTEXTURE/05/52/daa13857ee958ec4a5b07e8c619c6372ff52.udd" 4382
"C:/Users/Librake/AppData/Local/UnrealEngine/Common/DerivedDataCache/Buckets/LegacyTEXTURE/02/58/f936745387c1a7e6810e8664f18622f88b98.udd" 4383
"C:/Users/Librake/AppData/Local/UnrealEngine/Common/DerivedDataCache/Buckets/LegacyTEXTURE/1b/cd/961a3fb2bf664f9562a2bb24e71b23b17f41.udd" 4384
"C:/Users/Librake/AppData/Local/UnrealEngine/Common/DerivedDataCache/Buckets/LegacyTEXTURE/7f/c9/690dc6b49d025c95f1efd3ffc7a525ee3462.udd" 4385
"C:/Users/Librake/AppData/Local/UnrealEngine/Common/DerivedDataCache/Buckets/LegacyTEXTURE/3e/94/85ab3325c301c5737e59050a587af4e4e67b.udd" 4386
"C:/Users/Librake/AppData/Local/UnrealEngine/Common/DerivedDataCache/Buckets/LegacyTEXTURE/3c/db/7f0e080aafc9706e1e7ec036c01e15e85b62.udd" 4387
"C:/Users/Librake/AppData/Local/UnrealEngine/Common/DerivedDataCache/Buckets/LegacyTEXTURE/07/a0/3949bf608708550973a73647e949b80baa0c.udd" 4388
"C:/Users/Librake/AppData/Local/UnrealEngine/Common/DerivedDataCache/Buckets/LegacyTEXTURE/23/e6/c9f3a4d20b693afd26905705ae1181db202e.udd" 4389
"C:/Users/Librake/AppData/Local/UnrealEngine/Common/DerivedDataCache/Buckets/LegacyTEXTURE/13/c2/cfa1fa07ce64ff8202abcdde9200f94dedea.udd" 4390
"C:/Users/Librake/AppData/Local/UnrealEngine/Common/DerivedDataCache/Buckets/LegacyTEXTURE/d4/ef/b6c089a55d2e346d0e7316fc3c40dcbc9597.udd" 4391
"C:/Users/Librake/AppData/Local/UnrealEngine/Common/DerivedDataCache/Buckets/LegacyTEXTURE/10/81/1a35099e964905a261e1047dc9c8bcc4d26a.udd" 4392
"C:/Users/Librake/AppData/Local/UnrealEngine/Common/DerivedDataCache/Buckets/LegacyTEXTURE/eb/94/9e2d7efceb8914724c6cc77877281080011f.udd" 4393
"C:/Users/Librake/AppData/Local/UnrealEngine/Common/DerivedDataCache/Buckets/LegacyTEXTURE/43/3a/edaf4b0e0add784c6cdd1d98c7752d1a9cb8.udd" 4394
"C:/Users/Librake/AppData/Local/UnrealEngine/Common/DerivedDataCache/Buckets/LegacyTEXTURE/ef/37/c4a069dcfc8df14d2cbc42627e8a2abbe2bf.udd" 4395
"C:/Users/Librake/AppData/Local/UnrealEngine/Common/DerivedDataCache/Buckets/LegacyTEXTURE/48/9c/efc803f7b77a15a3b05365cde0a63a68c53e.udd" 4396
"C:/Users/Librake/AppData/Local/UnrealEngine/Common/DerivedDataCache/Buckets/LegacyTEXTURE/a6/a8/3c7246ff0e1c4f11ac710a852b849a8c9656.udd" 4397
"C:/Users/Librake/AppData/Local/UnrealEngine/Common/DerivedDataCache/Buckets/LegacyTEXTURE/80/2e/add6b3fbaeca812013c331c6345ed107cd8f.udd" 4398
"C:/Users/Librake/AppData/Local/UnrealEngine/Common/DerivedDataCache/Buckets/LegacyTEXTURE/95/5f/b2cb4192139f726a9ca607de7d00ec3931a7.udd" 4399
"C:/Users/Librake/AppData/Local/UnrealEngine/Common/DerivedDataCache/Buckets/LegacyTEXTURE/81/79/3b08b5022deb508b8dd39a32bf27b55bb8eb.udd" 4400
"C:/Users/Librake/AppData/Local/UnrealEngine/Common/DerivedDataCache/Buckets/LegacyTEXTURE/9e/95/3c64976b621473d111ba552cdcf1a58787ad.udd" 4401
"F:/Unreal Projects/DDay_bp/Content/3D/platforms/mater/Platform/water_2/box_DefaultMaterial_BaseColor.uasset" 4402
"C:/Users/Librake/AppData/Local/UnrealEngine/Common/DerivedDataCache/Buckets/LegacyTEXTURE/d1/c9/712251837706e99bc5cb2cf0f5c2c8b0960b.udd" 4403
"C:/Users/Librake/AppData/Local/UnrealEngine/Common/DerivedDataCache/Buckets/LegacyTEXTURE/e3/20/198e4db9aa4fc2a0382f6c7542f99b36eb53.udd" 4404
"C:/Users/Librake/AppData/Local/UnrealEngine/Common/DerivedDataCache/Buckets/LegacyTEXTURE/46/44/4e06261d0e53e226be6470fcae381876832a.udd" 4405
"C:/Users/Librake/AppData/Local/UnrealEngine/Common/DerivedDataCache/Buckets/LegacyTEXTURE/47/e1/150b00e452c6b5f355757924297df2fd7ae2.udd" 4406
"C:/Users/Librake/AppData/Local/UnrealEngine/Common/DerivedDataCache/Buckets/LegacyTEXTURE/b3/7b/43c4973e0390c1f1cf7698ab411c4bf555ec.udd" 4407
"C:/Users/Librake/AppData/Local/UnrealEngine/Common/DerivedDataCache/Buckets/LegacyTEXTURE/8e/91/3ea0aea35ee2277f1fdaa0f9f16d8cef84db.udd" 4408
"C:/Users/Librake/AppData/Local/UnrealEngine/Common/DerivedDataCache/Buckets/LegacyTEXTURE/ba/56/f18d119425cb5bf9bedd9a954ac15ca9c63d.udd" 4409
"C:/Users/Librake/AppData/Local/UnrealEngine/Common/DerivedDataCache/Buckets/LegacyTEXTURE/d5/02/b9b5a34602856eb2afc7b6aaaf6929367483.udd" 4410
"C:/Users/Librake/AppData/Local/UnrealEngine/Common/DerivedDataCache/Buckets/LegacyTEXTURE/6b/fb/5ef314d0572b1bc62897052323ca4dd26f3f.udd" 4411
"C:/Users/Librake/AppData/Local/UnrealEngine/Common/DerivedDataCache/Buckets/LegacyTEXTURE/bf/19/8223e83702f1430607ee2da9ce419c15748e.udd" 4412
"C:/Users/Librake/AppData/Local/UnrealEngine/Common/DerivedDataCache/Buckets/BulkDataList/41/ae/4488c77b71f5958d1ec94352ffb3b563b1cb.udd" 4413
"C:/Users/Librake/AppData/Local/UnrealEngine/Common/DerivedDataCache/Buckets/LegacyTEXTURE/2a/bc/36e425721dd1ab74645f5617603a80d64d0f.udd" 4414
"C:/Users/Librake/AppData/Local/UnrealEngine/Common/DerivedDataCache/Buckets/LegacyTEXTURE/0c/ff/f00db39d0fc0a18e0ad17e53b244a38baab3.udd" 4415
"F:/Unreal Projects/DDay_bp/Content/3D/platforms/mater/Platform/water_2/box_DefaultMaterial_Normal.uasset" 4416
"C:/Users/Librake/AppData/Local/UnrealEngine/Common/DerivedDataCache/Buckets/LegacyTEXTURE/b4/3b/807b85d670c7b158e78c476e29af71ba9a68.udd" 4417
"C:/Users/Librake/AppData/Local/UnrealEngine/Common/DerivedDataCache/Buckets/LegacyTEXTURE/c7/0a/fcf2fc4fe336716e11246f1859f780ebdf9d.udd" 4418
"C:/Users/Librake/AppData/Local/UnrealEngine/Common/DerivedDataCache/Buckets/LegacyTEXTURE/dc/36/3acb12b8446669cd39dbff554867d9d4f8e4.udd" 4419
"C:/Users/Librake/AppData/Local/UnrealEngine/Common/DerivedDataCache/Buckets/LegacyTEXTURE/c0/f6/87cb6243f61f8949a6dc52e93b3fc8cfc78e.udd" 4420
"C:/Users/Librake/AppData/Local/UnrealEngine/Common/DerivedDataCache/Buckets/LegacyTEXTURE/d1/8b/a7fe1bb36ca6f045597e8721c11e0e8b55ed.udd" 4421
"C:/Users/Librake/AppData/Local/UnrealEngine/Common/DerivedDataCache/Buckets/LegacyTEXTURE/f4/27/bffa6dc106e2e2350b512f7258c34f140a87.udd" 4422
"C:/Users/Librake/AppData/Local/UnrealEngine/Common/DerivedDataCache/Buckets/LegacyTEXTURE/6a/57/c33e4076b7833dca1927b6281380858752c7.udd" 4423
"C:/Users/Librake/AppData/Local/UnrealEngine/Common/DerivedDataCache/Buckets/BulkDataList/07/b7/4c980298fae7934eff7b5871c306a317b36e.udd" 4424
"C:/Users/Librake/AppData/Local/UnrealEngine/Common/DerivedDataCache/Buckets/LegacyTEXTURE/7f/67/40d206fff8aa8e58f1e1a7ded1e26cdf342d.udd" 4425
"C:/Users/Librake/AppData/Local/UnrealEngine/Common/DerivedDataCache/Buckets/LegacyTEXTURE/80/82/0d44ac0dbffa26ec0bedbd986bb552c19902.udd" 4426
"C:/Users/Librake/AppData/Local/UnrealEngine/Common/DerivedDataCache/Buckets/LegacyTEXTURE/8a/49/4d8d43f37631a90e09379a3de68e702b711a.udd" 4427
"F:/Unreal Projects/DDay_bp/Content/3D/platforms/mater/Platform/water_2/box_DefaultMaterial_OcclusionRoughnessMetallic.uasset" 4428
"C:/Users/Librake/AppData/Local/UnrealEngine/Common/DerivedDataCache/Buckets/LegacyTEXTURE/ee/75/7849f83ece08bc3ece847927909cda487920.udd" 4429
"C:/Users/Librake/AppData/Local/UnrealEngine/Common/DerivedDataCache/Buckets/LegacyTEXTURE/bf/25/b49c1c844221b882062159c358d2626c1158.udd" 4430
"C:/Users/Librake/AppData/Local/UnrealEngine/Common/DerivedDataCache/Buckets/LegacyTEXTURE/58/76/7aaeb22c8996aeb69f0b567834f5ec108a05.udd" 4431
"C:/Users/Librake/AppData/Local/UnrealEngine/Common/DerivedDataCache/Buckets/LegacyTEXTURE/55/f8/fd140adec2cfe0601a21bbafee854539e04d.udd" 4432
"C:/Users/Librake/AppData/Local/UnrealEngine/Common/DerivedDataCache/Buckets/LegacyTEXTURE/47/a4/413f7df5949ac8ca695484b89081c4c9db9f.udd" 4433
"C:/Users/Librake/AppData/Local/UnrealEngine/Common/DerivedDataCache/Buckets/LegacyTEXTURE/a4/19/a7d8323d45a3425b6300b2c37a06e988a81e.udd" 4434
"C:/Users/Librake/AppData/Local/UnrealEngine/Common/DerivedDataCache/Buckets/LegacyTEXTURE/f8/2f/b60e4d67131fbe26bd7e13a1e1c2275aa76f.udd" 4435
"C:/Users/Librake/AppData/Local/UnrealEngine/Common/DerivedDataCache/Buckets/LegacyTEXTURE/80/e7/e94a5707d7c858c6d20f1c27a443397b3ac3.udd" 4436
"C:/Users/Librake/AppData/Local/UnrealEngine/Common/DerivedDataCache/Buckets/LegacyTEXTURE/b8/00/8d60e7aabfbd5f30a015293408df53aa76e8.udd" 4437
"C:/Users/Librake/AppData/Local/UnrealEngine/Common/DerivedDataCache/Buckets/BulkDataList/01/71/7692a86ee2e0bd126492002ff067365f7894.udd" 4438
"C:/Users/Librake/AppData/Local/UnrealEngine/Common/DerivedDataCache/Buckets/LegacyTEXTURE/88/29/035ae345110ba0729a33119ca6e6924196d6.udd" 4439
"C:/Users/Librake/AppData/Local/UnrealEngine/Common/DerivedDataCache/Buckets/LegacyTEXTURE/4f/fb/30e7c03f944a8b32ce22dde0b4647e88dcfe.udd" 4440
"F:/Unreal Projects/DDay_bp/Content/3D/platforms/mater/trench/base/trench_base_trench_tri_BaseColor.uasset" 4441
"C:/Users/Librake/AppData/Local/UnrealEngine/Common/DerivedDataCache/Buckets/LegacyTEXTURE/5d/62/29dd46f309bba79fe8928d78811c77f129fc.udd" 4442
"C:/Users/Librake/AppData/Local/UnrealEngine/Common/DerivedDataCache/Buckets/LegacyTEXTURE/e4/57/d956530ff44d8461fc6826dc5a1d28f18275.udd" 4443
"C:/Users/Librake/AppData/Local/UnrealEngine/Common/DerivedDataCache/Buckets/LegacyTEXTURE/33/7d/f21ed7bee0d3b3441f681e457cd174415a1c.udd" 4444
"C:/Users/Librake/AppData/Local/UnrealEngine/Common/DerivedDataCache/Buckets/LegacyTEXTURE/58/6d/f380988db579acfb3de3e8da9da30c82a5e6.udd" 4445
"C:/Users/Librake/AppData/Local/UnrealEngine/Common/DerivedDataCache/Buckets/LegacyTEXTURE/e8/fb/190a2fe0f7e1fc8a2596c324941a068ae1ef.udd" 4446
"C:/Users/Librake/AppData/Local/UnrealEngine/Common/DerivedDataCache/Buckets/LegacyTEXTURE/7a/07/4776154c38572ef8db926679a653200ea31f.udd" 4447
"C:/Users/Librake/AppData/Local/UnrealEngine/Common/DerivedDataCache/Buckets/LegacyTEXTURE/ec/70/5d8813f67f921acff7cdb1c0e9e3a7c863d7.udd" 4448
"C:/Users/Librake/AppData/Local/UnrealEngine/Common/DerivedDataCache/Buckets/LegacyTEXTURE/c0/ac/1579243d0902c6c9e90c4d597b7fa5102d9f.udd" 4449
"C:/Users/Librake/AppData/Local/UnrealEngine/Common/DerivedDataCache/Buckets/BulkDataList/35/07/df2637899c9c90ca90eea896870beb414e98.udd" 4450
"C:/Users/Librake/AppData/Local/UnrealEngine/Common/DerivedDataCache/Buckets/LegacyTEXTURE/06/8a/906ebf59277f9f7fca04d36d8a41309a3adb.udd" 4451
"C:/Users/Librake/AppData/Local/UnrealEngine/Common/DerivedDataCache/Buckets/LegacyTEXTURE/a2/84/7dbe98784eb4d392f6b9265a1b63066d1dcd.udd" 4452
"C:/Users/Librake/AppData/Local/UnrealEngine/Common/DerivedDataCache/Buckets/LegacyTEXTURE/08/5f/b1a59e0394d8217bfcc31fbd93f0dc94138e.udd" 4453
"F:/Unreal Projects/DDay_bp/Content/3D/platforms/mater/trench/base/trench_base_trench_tri_Normal.uasset" 4454
"C:/Users/Librake/AppData/Local/UnrealEngine/Common/DerivedDataCache/Buckets/LegacyTEXTURE/0c/8a/f55695679e97fa38b37fea7df4255681e0c8.udd" 4455
"C:/Users/Librake/AppData/Local/UnrealEngine/Common/DerivedDataCache/Buckets/LegacyTEXTURE/97/ec/fba97fe720c3abec1ab0ef1a9d90d3117022.udd" 4456
"C:/Users/Librake/AppData/Local/UnrealEngine/Common/DerivedDataCache/Buckets/LegacyTEXTURE/ae/ba/707e9492daa420a06a592b944faa8ad80d25.udd" 4457
"C:/Users/Librake/AppData/Local/UnrealEngine/Common/DerivedDataCache/Buckets/LegacyTEXTURE/1b/48/9b20cbe4938ce5755f101fdd939660fc02de.udd" 4458
"C:/Users/Librake/AppData/Local/UnrealEngine/Common/DerivedDataCache/Buckets/LegacyTEXTURE/89/d6/e7dbfadcfb81c076d03e0ef0edb619a7b595.udd" 4459
"C:/Users/Librake/AppData/Local/UnrealEngine/Common/DerivedDataCache/Buckets/LegacyTEXTURE/c6/26/f89251c10adc06fd9cb5db05e82a8c75a556.udd" 4460
"C:/Users/Librake/AppData/Local/UnrealEngine/Common/DerivedDataCache/Buckets/LegacyTEXTURE/a3/cc/e5df26fce3044a57c8462703bd9237ce6acb.udd" 4461
"C:/Users/Librake/AppData/Local/UnrealEngine/Common/DerivedDataCache/Buckets/LegacyTEXTURE/3f/47/503c353668e45faf471eb7c76bcc5f2b0297.udd" 4462
"C:/Users/Librake/AppData/Local/UnrealEngine/Common/DerivedDataCache/Buckets/LegacyTEXTURE/9e/c6/83b967aec10fc817660a28df65fcdcda78fe.udd" 4463
"C:/Users/Librake/AppData/Local/UnrealEngine/Common/DerivedDataCache/Buckets/LegacyTEXTURE/7d/16/f8bb3b86d63563ad1478b352a9bc25e9d4d2.udd" 4464
"C:/Users/Librake/AppData/Local/UnrealEngine/Common/DerivedDataCache/Buckets/LegacyTEXTURE/a5/bd/19c593b11495b73808a2a10bc8e033f25034.udd" 4465
"C:/Users/Librake/AppData/Local/UnrealEngine/Common/DerivedDataCache/Buckets/LegacyTEXTURE/12/f8/dc5bf35f11295e46a7d666eed9b050088533.udd" 4466
"C:/Users/Librake/AppData/Local/UnrealEngine/Common/DerivedDataCache/Buckets/LegacyTEXTURE/7c/b5/f5d4c5a61af9292f9594845870cc9c35d36d.udd" 4467
"C:/Users/Librake/AppData/Local/UnrealEngine/Common/DerivedDataCache/Buckets/BulkDataList/7b/e4/c0dcb69edea1fbf8f925e1ce04498007cfc8.udd" 4468
"C:/Users/Librake/AppData/Local/UnrealEngine/Common/DerivedDataCache/Buckets/LegacyTEXTURE/fd/6c/55df854b821697a52403db8164108c45608a.udd" 4469
"C:/Users/Librake/AppData/Local/UnrealEngine/Common/DerivedDataCache/Buckets/LegacyTEXTURE/3c/ef/b9194b844cba1cbf6128734016238a9751e7.udd" 4470
"C:/Users/Librake/AppData/Local/UnrealEngine/Common/DerivedDataCache/Buckets/LegacyTEXTURE/b0/16/d60e2f4eb9012d3636320c8b24b7790e57e6.udd" 4471
"C:/Users/Librake/AppData/Local/UnrealEngine/Common/DerivedDataCache/Buckets/LegacyTEXTURE/18/cb/b872f2ed64d4a64f4d96180329365f56e58f.udd" 4472
"C:/Users/Librake/AppData/Local/UnrealEngine/Common/DerivedDataCache/Buckets/LegacyTEXTURE/5c/2e/0ee28378c9c6c4e4416331065a1402432b89.udd" 4473
"C:/Users/Librake/AppData/Local/UnrealEngine/Common/DerivedDataCache/Buckets/LegacyTEXTURE/81/2b/02336db0cea17569cca7e77ff6cb3ec400cf.udd" 4474
"F:/Unreal Projects/DDay_bp/Content/3D/platforms/mater/trench/base/trench_base_trench_tri_OcclusionRoughnessMetallic.uasset" 4475
"C:/Users/Librake/AppData/Local/UnrealEngine/Common/DerivedDataCache/Buckets/LegacyTEXTURE/ff/c2/7defa6c6783807a37620a5d95cd0661f4883.udd" 4476
"C:/Users/Librake/AppData/Local/UnrealEngine/Common/DerivedDataCache/Buckets/LegacyTEXTURE/d4/61/bbad68df401ee2051297cd786610983a625b.udd" 4477
"C:/Users/Librake/AppData/Local/UnrealEngine/Common/DerivedDataCache/Buckets/LegacyTEXTURE/d5/e7/2ceee732a492c49cc5bdd17e1e5497e76bb2.udd" 4478
"C:/Users/Librake/AppData/Local/UnrealEngine/Common/DerivedDataCache/Buckets/LegacyTEXTURE/67/30/08a8ef19b2d13843c0c393b6942176c54a41.udd" 4479
"C:/Users/Librake/AppData/Local/UnrealEngine/Common/DerivedDataCache/Buckets/LegacyTEXTURE/15/ff/cb34a4738d61fa85ecea98d333683dc41175.udd" 4480
"C:/Users/Librake/AppData/Local/UnrealEngine/Common/DerivedDataCache/Buckets/LegacyTEXTURE/c8/70/f1257f22b84005d2f5c8ef527c37c45760ed.udd" 4481
"C:/Users/Librake/AppData/Local/UnrealEngine/Common/DerivedDataCache/Buckets/LegacyTEXTURE/a8/f1/b377df294d7e0c9d6c9ba3b2a326912e52f4.udd" 4482
"C:/Users/Librake/AppData/Local/UnrealEngine/Common/DerivedDataCache/Buckets/LegacyTEXTURE/fa/ce/dc841ace540dfc2fc857e487b8b5ad12df90.udd" 4483
"C:/Users/Librake/AppData/Local/UnrealEngine/Common/DerivedDataCache/Buckets/LegacyTEXTURE/ec/f4/d7782349af6726cf32c79b7bd980fdca0b10.udd" 4484
"C:/Users/Librake/AppData/Local/UnrealEngine/Common/DerivedDataCache/Buckets/LegacyTEXTURE/b3/fe/bf4f4cc4cf1b6deb8ec4a2febc7b9304e098.udd" 4485
"C:/Users/Librake/AppData/Local/UnrealEngine/Common/DerivedDataCache/Buckets/LegacyTEXTURE/cc/1b/8e36bb5a026b5f123aba26f1c075d9dc37bd.udd" 4486
"C:/Users/Librake/AppData/Local/UnrealEngine/Common/DerivedDataCache/Buckets/LegacyTEXTURE/bc/7d/d80e7f24ce7b6b81e9a1d2a8ea56484aaa33.udd" 4487
"C:/Users/Librake/AppData/Local/UnrealEngine/Common/DerivedDataCache/Buckets/LegacyTEXTURE/8c/3c/c3b0acc18cae07a585d895988b83a9127ea1.udd" 4488
"C:/Users/Librake/AppData/Local/UnrealEngine/Common/DerivedDataCache/Buckets/BulkDataList/6f/2f/48778201c7f67f2b3dfc82335c123bc65e5a.udd" 4489
"C:/Users/Librake/AppData/Local/UnrealEngine/Common/DerivedDataCache/Buckets/LegacyTEXTURE/d0/76/6675c55aa1cc2e3aae78b5c5a089eb55a5d3.udd" 4490
"C:/Users/Librake/AppData/Local/UnrealEngine/Common/DerivedDataCache/Buckets/LegacyTEXTURE/61/71/e642d29ed7efc4d28cef97a47d718fc75897.udd" 4491
"C:/Users/Librake/AppData/Local/UnrealEngine/Common/DerivedDataCache/Buckets/LegacyTEXTURE/34/36/d2d7dc5aa6af8a9c95897cd3b6a06422d795.udd" 4492
"C:/Users/Librake/AppData/Local/UnrealEngine/Common/DerivedDataCache/Buckets/LegacyTEXTURE/4d/70/8838dce0beaab6d608266983dcc52aa2a532.udd" 4493
"F:/Unreal Projects/DDay_bp/Content/3D/platforms/mater/trench/default/trench_defoult_trench_default_BaseColor.uasset" 4494
"C:/Users/Librake/AppData/Local/UnrealEngine/Common/DerivedDataCache/Buckets/LegacyTEXTURE/c3/69/69386dfafd57c90068fb8795a58220027002.udd" 4495
"C:/Users/Librake/AppData/Local/UnrealEngine/Common/DerivedDataCache/Buckets/LegacyTEXTURE/7c/58/ebc471e4826492b722036fef47d78e3d48d0.udd" 4496
"C:/Users/Librake/AppData/Local/UnrealEngine/Common/DerivedDataCache/Buckets/LegacyTEXTURE/1d/32/70b54983af54a9b3f02486b92716f33fe354.udd" 4497
"C:/Users/Librake/AppData/Local/UnrealEngine/Common/DerivedDataCache/Buckets/LegacyTEXTURE/5f/17/47740a77fd6b6849512d1feb22ff6587ff84.udd" 4498
"C:/Users/Librake/AppData/Local/UnrealEngine/Common/DerivedDataCache/Buckets/LegacyTEXTURE/b9/38/9c0cdc1d06dbe9df2a6183af08cec0ac6e59.udd" 4499
"C:/Users/Librake/AppData/Local/UnrealEngine/Common/DerivedDataCache/Buckets/LegacyTEXTURE/a4/b5/b6bcb90816625fa0da822e09f459296f0e01.udd" 4500
"C:/Users/Librake/AppData/Local/UnrealEngine/Common/DerivedDataCache/Buckets/LegacyTEXTURE/9c/af/b1cb0d9b7ae19e9d7308afa91d9a52ba113a.udd" 4501
"C:/Users/Librake/AppData/Local/UnrealEngine/Common/DerivedDataCache/Buckets/LegacyTEXTURE/d7/b2/9602301a78416c40d55dba6d7abe2bc97864.udd" 4502
"C:/Users/Librake/AppData/Local/UnrealEngine/Common/DerivedDataCache/Buckets/LegacyTEXTURE/58/56/fe6a6699b6c10abc43893f23845db963c10f.udd" 4503
"C:/Users/Librake/AppData/Local/UnrealEngine/Common/DerivedDataCache/Buckets/LegacyTEXTURE/2d/ad/9a6d37f99084ed2d776ddaf966996da0f5a6.udd" 4504
"C:/Users/Librake/AppData/Local/UnrealEngine/Common/DerivedDataCache/Buckets/LegacyTEXTURE/f1/c2/186684b8e48be5fd0cdf8149315bd418c176.udd" 4505
"C:/Users/Librake/AppData/Local/UnrealEngine/Common/DerivedDataCache/Buckets/BulkDataList/20/6e/909e35cddb8297e130694b94b01ea9d3ac17.udd" 4506
"C:/Users/Librake/AppData/Local/UnrealEngine/Common/DerivedDataCache/Buckets/LegacyTEXTURE/6c/47/d817d72dbbd3c54a5a1f31c2a142e1fbe0fd.udd" 4507
"C:/Users/Librake/AppData/Local/UnrealEngine/Common/DerivedDataCache/Buckets/LegacyTEXTURE/55/f9/087edc1562c338573d257ae36d6e646d3e62.udd" 4508
"C:/Users/Librake/AppData/Local/UnrealEngine/Common/DerivedDataCache/Buckets/LegacyTEXTURE/82/31/5f9d4e7689514252fd8761aa1bd5a778be48.udd" 4509
"C:/Users/Librake/AppData/Local/UnrealEngine/Common/DerivedDataCache/Buckets/LegacyTEXTURE/34/29/4f3c19c77878fc71acf2acb9226033039ed2.udd" 4510
"F:/Unreal Projects/DDay_bp/Content/3D/platforms/mater/trench/default/trench_defoult_trench_default_Normal.uasset" 4511
"C:/Users/Librake/AppData/Local/UnrealEngine/Common/DerivedDataCache/Buckets/LegacyTEXTURE/f2/8f/22593a7453982e92335f3cbd3ed99986c4b4.udd" 4512
"C:/Users/Librake/AppData/Local/UnrealEngine/Common/DerivedDataCache/Buckets/LegacyTEXTURE/57/31/dd9ea2268106ce8dac0fae34996c3b9e6dd9.udd" 4513
"C:/Users/Librake/AppData/Local/UnrealEngine/Common/DerivedDataCache/Buckets/LegacyTEXTURE/2c/ed/95dba5719ab1a2041b441903dc3c0b1b2992.udd" 4514
"C:/Users/Librake/AppData/Local/UnrealEngine/Common/DerivedDataCache/Buckets/LegacyTEXTURE/01/51/52b2c3abf7c08ff688f4880604f239de3bdd.udd" 4515
"C:/Users/Librake/AppData/Local/UnrealEngine/Common/DerivedDataCache/Buckets/LegacyTEXTURE/8a/bb/969cf06f7a02cd2ac7f30928ca943f9eac0f.udd" 4516
"C:/Users/Librake/AppData/Local/UnrealEngine/Common/DerivedDataCache/Buckets/LegacyTEXTURE/5c/f0/415cae704986f4930c5821e639b2dd452453.udd" 4517
"C:/Users/Librake/AppData/Local/UnrealEngine/Common/DerivedDataCache/Buckets/LegacyTEXTURE/60/f7/2f8c004f5ea987db40f907244651fa2578b8.udd" 4518
"C:/Users/Librake/AppData/Local/UnrealEngine/Common/DerivedDataCache/Buckets/LegacyTEXTURE/db/1f/f1fda515898de20e7cb231b0770434b6711e.udd" 4519
"C:/Users/Librake/AppData/Local/UnrealEngine/Common/DerivedDataCache/Buckets/LegacyTEXTURE/ae/3c/d6443d59e7758cc76d2dd1d612a16fe29615.udd" 4520
"C:/Users/Librake/AppData/Local/UnrealEngine/Common/DerivedDataCache/Buckets/LegacyTEXTURE/da/c3/0a75e566f2ef37f142a0f4f25738f8b4b0df.udd" 4521
"C:/Users/Librake/AppData/Local/UnrealEngine/Common/DerivedDataCache/Buckets/LegacyTEXTURE/1d/a4/89fe6419185bdf24cfaf42c59e296323173e.udd" 4522
"C:/Users/Librake/AppData/Local/UnrealEngine/Common/DerivedDataCache/Buckets/LegacyTEXTURE/30/5a/553424ff204482afcf2ecb892b2d00c9d1ce.udd" 4523
"C:/Users/Librake/AppData/Local/UnrealEngine/Common/DerivedDataCache/Buckets/LegacyTEXTURE/0b/c7/bf27de74275eb82cbb8bacac45971c5c7356.udd" 4524
"C:/Users/Librake/AppData/Local/UnrealEngine/Common/DerivedDataCache/Buckets/LegacyTEXTURE/b7/13/defef77a885944e5882e84057b790fcc8a63.udd" 4525
"C:/Users/Librake/AppData/Local/UnrealEngine/Common/DerivedDataCache/Buckets/LegacyTEXTURE/b9/20/3b3d33ae6dd8ac1f481ed7186a1b6f5aae5b.udd" 4526
"C:/Users/Librake/AppData/Local/UnrealEngine/Common/DerivedDataCache/Buckets/BulkDataList/fa/52/40b1429cce251248c96abd9eea87c3cff432.udd" 4527
"C:/Users/Librake/AppData/Local/UnrealEngine/Common/DerivedDataCache/Buckets/LegacyTEXTURE/aa/2d/e7a74a43afe38ec3b330e137af773a7abb20.udd" 4528
"C:/Users/Librake/AppData/Local/UnrealEngine/Common/DerivedDataCache/Buckets/LegacyTEXTURE/76/7e/dd081d52b5eb7a7b5644b83fcbb46a656e23.udd" 4529
"F:/Unreal Projects/DDay_bp/Content/3D/platforms/mater/trench/default/trench_defoult_trench_default_OcclusionRoughnessMetallic.uasset" 4530
"C:/Users/Librake/AppData/Local/UnrealEngine/Common/DerivedDataCache/Buckets/LegacyTEXTURE/7e/ce/32a6a094f1b6f32538f23b5a4eb83a8009fa.udd" 4531
"C:/Users/Librake/AppData/Local/UnrealEngine/Common/DerivedDataCache/Buckets/LegacyTEXTURE/52/a9/f7471a82eacefaa79acc954726e84f306029.udd" 4532
"C:/Users/Librake/AppData/Local/UnrealEngine/Common/DerivedDataCache/Buckets/LegacyTEXTURE/e7/b8/4472b6c534596bcdebd58d91e125c1c3e41b.udd" 4533
"C:/Users/Librake/AppData/Local/UnrealEngine/Common/DerivedDataCache/Buckets/LegacyTEXTURE/56/ff/aaf61e258608870dd1a99d7f7b2160de1606.udd" 4534
"C:/Users/Librake/AppData/Local/UnrealEngine/Common/DerivedDataCache/Buckets/LegacyTEXTURE/b1/55/72aef371a1ca69407e461a9b1edafce5f4b3.udd" 4535
"C:/Users/Librake/AppData/Local/UnrealEngine/Common/DerivedDataCache/Buckets/LegacyTEXTURE/15/68/0c825821baf2d159161c6ba9149581239310.udd" 4536
"C:/Users/Librake/AppData/Local/UnrealEngine/Common/DerivedDataCache/Buckets/LegacyTEXTURE/94/8e/0606cc76f3d7ed0b66ebe2ac44ad633f5476.udd" 4537
"C:/Users/Librake/AppData/Local/UnrealEngine/Common/DerivedDataCache/Buckets/LegacyTEXTURE/22/0d/211b6403e5729124b71101dd2ee8ec097c8d.udd" 4538
"C:/Users/Librake/AppData/Local/UnrealEngine/Common/DerivedDataCache/Buckets/BulkDataList/9d/bf/30903c1f1eee77e790c1db82b175713dd6de.udd" 4539
"F:/Unreal Projects/DDay_bp/Content/3D/platforms/mater/trench/end/trench_end_trench_end_BaseColor.uasset" 4540
"C:/Users/Librake/AppData/Local/UnrealEngine/Common/DerivedDataCache/Buckets/LegacyTEXTURE/d7/39/ba16cfaba9c39bdc07321cd028285874c8b2.udd" 4541
"C:/Users/Librake/AppData/Local/UnrealEngine/Common/DerivedDataCache/Buckets/BulkDataList/c6/5a/da77e3110baf9240b9097fba56cab30125ec.udd" 4542
"F:/Unreal Projects/DDay_bp/Content/3D/platforms/mater/trench/end/trench_end_trench_end_Normal.uasset" 4543
"C:/Users/Librake/AppData/Local/UnrealEngine/Common/DerivedDataCache/Buckets/BulkDataList/7d/c6/0e56139a2fd33c775b047db4b0ea42d44e9b.udd" 4544
"F:/Unreal Projects/DDay_bp/Content/3D/platforms/mater/trench/end/trench_end_trench_end_OcclusionRoughnessMetallic.uasset" 4545
"C:/Users/Librake/AppData/Local/UnrealEngine/Common/DerivedDataCache/Buckets/BulkDataList/1b/57/3111d6c358d32cf6d7c1fb4007ed4f978aea.udd" 4546
"F:/Unreal Projects/DDay_bp/Content/3D/platforms/mater/trench/tri/trench_tri_trench_tri_BaseColor.uasset" 4547
"C:/Users/Librake/AppData/Local/UnrealEngine/Common/DerivedDataCache/Buckets/BulkDataList/99/10/da3a4cfdbdc194239e3369c3e91a02e7204e.udd" 4548
"F:/Unreal Projects/DDay_bp/Content/3D/platforms/mater/trench/tri/trench_tri_trench_tri_Normal.uasset" 4549
"C:/Users/Librake/AppData/Local/UnrealEngine/Common/DerivedDataCache/Buckets/BulkDataList/1c/a7/485a12eafdc4cac4fdc1a06dc8f9c21fd65a.udd" 4550
"F:/Unreal Projects/DDay_bp/Content/3D/platforms/mater/trench/tri/trench_tri_trench_tri_OcclusionRoughnessMetallic.uasset" 4551
"C:/Users/Librake/AppData/Local/UnrealEngine/Common/DerivedDataCache/Buckets/BulkDataList/ff/6e/931f1de308021e8ba31f98c6c68eba710a4b.udd" 4552
"F:/Unreal Projects/DDay_bp/Content/3D/platforms/mater/trench/turn/trench_turn_trench_turn_BaseColor.uasset" 4553
"C:/Users/Librake/AppData/Local/UnrealEngine/Common/DerivedDataCache/Buckets/BulkDataList/85/fc/b20cae2ab9bb11abbfe75f933c922f48aad0.udd" 4554
"C:/Users/Librake/AppData/Local/UnrealEngine/Common/DerivedDataCache/Buckets/LegacyTEXTURE/67/f7/0da7a2ccb96557e9a7ebb7d0506955920144.udd" 4555
"C:/Users/Librake/AppData/Local/UnrealEngine/Common/DerivedDataCache/Buckets/LegacyTEXTURE/00/5d/0395ee80a61fafac768ca1f91982f66d8551.udd" 4556
"C:/Users/Librake/AppData/Local/UnrealEngine/Common/DerivedDataCache/Buckets/LegacyTEXTURE/41/66/ca13be77094bf81902e63e0f5733ef62bb32.udd" 4557
"C:/Users/Librake/AppData/Local/UnrealEngine/Common/DerivedDataCache/Buckets/LegacyTEXTURE/1d/4a/b8e9e1f4c63b7327816050a601c972e07432.udd" 4558
"C:/Users/Librake/AppData/Local/UnrealEngine/Common/DerivedDataCache/Buckets/LegacyTEXTURE/48/4a/0e957fbcd5a31e39b5aa292fd43c31e33d32.udd" 4559
"C:/Users/Librake/AppData/Local/UnrealEngine/Common/DerivedDataCache/Buckets/LegacyTEXTURE/37/04/4cefe7c96aa7b73ee84a2e969d33f1ba8dad.udd" 4560
"C:/Users/Librake/AppData/Local/UnrealEngine/Common/DerivedDataCache/Buckets/LegacyTEXTURE/6f/e3/a13cb9d01a69e09c75950ec8b83babc9dea8.udd" 4561
"C:/Users/Librake/AppData/Local/UnrealEngine/Common/DerivedDataCache/Buckets/LegacyTEXTURE/fd/3a/dc4d4f6802ca858ed9f86f4a4aa16af5b158.udd" 4562
"C:/Users/Librake/AppData/Local/UnrealEngine/Common/DerivedDataCache/Buckets/LegacyTEXTURE/6d/00/1ca8bd27fbb01c260eb57eeacbc66559d348.udd" 4563
"C:/Users/Librake/AppData/Local/UnrealEngine/Common/DerivedDataCache/Buckets/LegacyTEXTURE/7e/1c/f5f8bd4ae99a42685a86e2e9451a6740fbdb.udd" 4564
"C:/Users/Librake/AppData/Local/UnrealEngine/Common/DerivedDataCache/Buckets/LegacyTEXTURE/c6/b5/f1273a6c1c2923ae459b55664a2bd0baa62d.udd" 4565
"C:/Users/Librake/AppData/Local/UnrealEngine/Common/DerivedDataCache/Buckets/LegacyTEXTURE/65/77/5bb259b17b2fac5ff224a1066f2722bafd60.udd" 4566
"C:/Users/Librake/AppData/Local/UnrealEngine/Common/DerivedDataCache/Buckets/LegacyTEXTURE/0b/a3/7a69a01415cce76d59138e4be5d8fd21a7f2.udd" 4567
"F:/Unreal Projects/DDay_bp/Content/3D/platforms/mater/trench/turn/trench_turn_trench_turn_Normal.uasset" 4568
"C:/Users/Librake/AppData/Local/UnrealEngine/Common/DerivedDataCache/Buckets/LegacyTEXTURE/31/f4/0069fe0bdd6d5c75fce149cd4ee8fcec8091.udd" 4569
"C:/Users/Librake/AppData/Local/UnrealEngine/Common/DerivedDataCache/Buckets/LegacyTEXTURE/24/6d/a0812b4b11387f30d797e3b3e8528fc6bab7.udd" 4570
"C:/Users/Librake/AppData/Local/UnrealEngine/Common/DerivedDataCache/Buckets/LegacyTEXTURE/cf/21/0a0526a46919cf15b87a43a06cfebbe664a5.udd" 4571
"C:/Users/Librake/AppData/Local/UnrealEngine/Common/DerivedDataCache/Buckets/LegacyTEXTURE/ed/8c/0612d33f7841b7a5f759e5b6a5fc6abb9258.udd" 4572
"C:/Users/Librake/AppData/Local/UnrealEngine/Common/DerivedDataCache/Buckets/LegacyTEXTURE/d3/84/e55f86c9a113d2639fbd0c4f1499be6effc7.udd" 4573
"C:/Users/Librake/AppData/Local/UnrealEngine/Common/DerivedDataCache/Buckets/LegacyTEXTURE/77/17/d8f030c0304f40922fe5c67044cdd1fcf533.udd" 4574
"C:/Users/Librake/AppData/Local/UnrealEngine/Common/DerivedDataCache/Buckets/LegacyTEXTURE/5a/82/4978e2de89a90be07f841b323a784b948b64.udd" 4575
"C:/Users/Librake/AppData/Local/UnrealEngine/Common/DerivedDataCache/Buckets/LegacyTEXTURE/de/f3/a3270a00ae2d0ebc22451216ef991f77ec32.udd" 4576
"C:/Users/Librake/AppData/Local/UnrealEngine/Common/DerivedDataCache/Buckets/LegacyTEXTURE/7b/38/3367b2053c07baf64c1081ed2db3d1c85d16.udd" 4577
"C:/Users/Librake/AppData/Local/UnrealEngine/Common/DerivedDataCache/Buckets/LegacyTEXTURE/2f/73/a3fb8efb034ce8c3074914c45a4fdd1effdf.udd" 4578
"C:/Users/Librake/AppData/Local/UnrealEngine/Common/DerivedDataCache/Buckets/LegacyTEXTURE/11/18/f17518e2aacec85d5771352eaf759819bca4.udd" 4579
"C:/Users/Librake/AppData/Local/UnrealEngine/Common/DerivedDataCache/Buckets/LegacyTEXTURE/19/2d/4e0cf8f94fbc05182097716a31fddadf66e2.udd" 4580
"C:/Users/Librake/AppData/Local/UnrealEngine/Common/DerivedDataCache/Buckets/LegacyTEXTURE/cc/69/2de06cd9d190e8466d5c90b56678e13478cd.udd" 4581
"C:/Users/Librake/AppData/Local/UnrealEngine/Common/DerivedDataCache/Buckets/LegacyTEXTURE/52/9a/34d359d90e159872e9a1e0bbf1b170ae4923.udd" 4582
"C:/Users/Librake/AppData/Local/UnrealEngine/Common/DerivedDataCache/Buckets/LegacyTEXTURE/61/fa/a50d7e49073c2f295eaaa5d90f3a5349c651.udd" 4583
"C:/Users/Librake/AppData/Local/UnrealEngine/Common/DerivedDataCache/Buckets/LegacyTEXTURE/42/1d/ad7c4f21e16ec7aa0d9b3add4c1a6334ec1b.udd" 4584
"C:/Users/Librake/AppData/Local/UnrealEngine/Common/DerivedDataCache/Buckets/LegacyTEXTURE/53/6e/bc5f310132c435f8044db06d7f79ff8aafc5.udd" 4585
"C:/Users/Librake/AppData/Local/UnrealEngine/Common/DerivedDataCache/Buckets/LegacyTEXTURE/db/7f/786c89476a84ca92155374327373960448b0.udd" 4586
"C:/Users/Librake/AppData/Local/UnrealEngine/Common/DerivedDataCache/Buckets/BulkDataList/84/44/e173998d6a28712dd7feee45fad9fc2cbe5f.udd" 4587
"F:/Unreal Projects/DDay_bp/Content/3D/platforms/mater/trench/turn/trench_turn_trench_turn_OcclusionRoughnessMetallic.uasset" 4588
"C:/Users/Librake/AppData/Local/UnrealEngine/Common/DerivedDataCache/Buckets/LegacyTEXTURE/59/3e/95be220aa72f5d31f7d83a20d1a8f88c9ef9.udd" 4589
"C:/Users/Librake/AppData/Local/UnrealEngine/Common/DerivedDataCache/Buckets/LegacyTEXTURE/48/80/2bdbe642cf1fc97c39467c15c4d1004bff69.udd" 4590
"C:/Users/Librake/AppData/Local/UnrealEngine/Common/DerivedDataCache/Buckets/LegacyTEXTURE/4f/95/4fcb804d108d70db5363c1cec6825fd1679d.udd" 4591
"C:/Users/Librake/AppData/Local/UnrealEngine/Common/DerivedDataCache/Buckets/LegacyTEXTURE/19/36/709fcaaf17f1f8baa1f7b2a098778cc04c40.udd" 4592
"C:/Users/Librake/AppData/Local/UnrealEngine/Common/DerivedDataCache/Buckets/LegacyTEXTURE/ca/1d/c14913f7ae973beabb515ae3432e23df120c.udd" 4593
"C:/Users/Librake/AppData/Local/UnrealEngine/Common/DerivedDataCache/Buckets/LegacyTEXTURE/a6/72/0633c9472f4f44f5a0071e2e0e26ffe412f2.udd" 4594
"C:/Users/Librake/AppData/Local/UnrealEngine/Common/DerivedDataCache/Buckets/LegacyTEXTURE/11/f9/252e4fdc5b772d3ec34e002b2c6d1bb33855.udd" 4595
"C:/Users/Librake/AppData/Local/UnrealEngine/Common/DerivedDataCache/Buckets/LegacyTEXTURE/33/ea/a3976f14745f2420d8fbb54ab6ccff51b025.udd" 4596
"C:/Users/Librake/AppData/Local/UnrealEngine/Common/DerivedDataCache/Buckets/LegacyTEXTURE/ce/2b/d95a6c0d43c827f7352867437054d3cdfed0.udd" 4597
"C:/Users/Librake/AppData/Local/UnrealEngine/Common/DerivedDataCache/Buckets/LegacyTEXTURE/db/40/09d5d733e59e0de21d9c8ef98c1af1d2ae3c.udd" 4598
"C:/Users/Librake/AppData/Local/UnrealEngine/Common/DerivedDataCache/Buckets/LegacyTEXTURE/21/4a/f1319b26390d3a4c3a12d87c737a8ac68d14.udd" 4599
"C:/Users/Librake/AppData/Local/UnrealEngine/Common/DerivedDataCache/Buckets/LegacyTEXTURE/cc/1e/a2ae350fb84b928f48fb6204829a7851a7a4.udd" 4600
"C:/Users/Librake/AppData/Local/UnrealEngine/Common/DerivedDataCache/Buckets/LegacyTEXTURE/8f/0d/eceddd230c6eea135995cedcb7d8cd0af50c.udd" 4601
"C:/Users/Librake/AppData/Local/UnrealEngine/Common/DerivedDataCache/Buckets/LegacyTEXTURE/c8/39/1a4a5c01a5f1fcfdad6ec561d8b6d45a6ff6.udd" 4602
"C:/Users/Librake/AppData/Local/UnrealEngine/Common/DerivedDataCache/Buckets/LegacyTEXTURE/05/6e/f8082c774e8dc65847c83bfaeae6ab192e15.udd" 4603
"C:/Users/Librake/AppData/Local/UnrealEngine/Common/DerivedDataCache/Buckets/LegacyTEXTURE/b5/09/718415e6eb6c0e3970897aec175e374bffc9.udd" 4604
"C:/Users/Librake/AppData/Local/UnrealEngine/Common/DerivedDataCache/Buckets/BulkDataList/46/34/f76b20f371dad2d13f69f118411fa7e787e0.udd" 4605
"F:/Unreal Projects/DDay_bp/Content/3D/platforms/mater/trench/up/trench_up_trench_up_BaseColor.uasset" 4606
"C:/Users/Librake/AppData/Local/UnrealEngine/Common/DerivedDataCache/Buckets/LegacyTEXTURE/8d/52/134ca0f7e6344deb35b06373ba954ea73957.udd" 4607
"C:/Users/Librake/AppData/Local/UnrealEngine/Common/DerivedDataCache/Buckets/LegacyTEXTURE/ff/fc/edfc7ce15de1ad474765023573d1b36436a0.udd" 4608
"C:/Users/Librake/AppData/Local/UnrealEngine/Common/DerivedDataCache/Buckets/LegacyTEXTURE/c1/e2/23cd227b1bd4208fa19afd14385746436a1c.udd" 4609
"C:/Users/Librake/AppData/Local/UnrealEngine/Common/DerivedDataCache/Buckets/LegacyTEXTURE/93/60/9f948d15804b7c0e09ba6deb6b4723fdd72e.udd" 4610
"C:/Users/Librake/AppData/Local/UnrealEngine/Common/DerivedDataCache/Buckets/LegacyTEXTURE/da/35/73fcda2c36ccb7717867bd0f1efa33686539.udd" 4611
"C:/Users/Librake/AppData/Local/UnrealEngine/Common/DerivedDataCache/Buckets/LegacyTEXTURE/8c/d2/be0cdc8626c194ca986969a3978702af8d01.udd" 4612
"C:/Users/Librake/AppData/Local/UnrealEngine/Common/DerivedDataCache/Buckets/LegacyTEXTURE/47/ec/46bbbe1b406fa4eed27ab3642511eff3b590.udd" 4613
"C:/Users/Librake/AppData/Local/UnrealEngine/Common/DerivedDataCache/Buckets/LegacyTEXTURE/15/e8/68a124b7de102916279e5a18c22127e5057e.udd" 4614
"C:/Users/Librake/AppData/Local/UnrealEngine/Common/DerivedDataCache/Buckets/LegacyTEXTURE/80/35/8bcc496fc6b2e8eb1a90bb58c0784e4605f1.udd" 4615
"C:/Users/Librake/AppData/Local/UnrealEngine/Common/DerivedDataCache/Buckets/LegacyTEXTURE/24/2e/f316e8d4ef8cde902b1d5c2aee913ece25a5.udd" 4616
"C:/Users/Librake/AppData/Local/UnrealEngine/Common/DerivedDataCache/Buckets/LegacyTEXTURE/63/ec/f8f460688e345cc22af1c5724a2a1ab30e11.udd" 4617
"C:/Users/Librake/AppData/Local/UnrealEngine/Common/DerivedDataCache/Buckets/LegacyTEXTURE/63/c2/10a9a94fbffaf6afeb62dbcdac2ae755d04c.udd" 4618
"C:/Users/Librake/AppData/Local/UnrealEngine/Common/DerivedDataCache/Buckets/LegacyTEXTURE/d7/51/16dc3cf764483f1e4f55e9d9883276c9a122.udd" 4619
"C:/Users/Librake/AppData/Local/UnrealEngine/Common/DerivedDataCache/Buckets/LegacyTEXTURE/d4/e7/31813f0d5f8d436927de40985878f2b83755.udd" 4620
"C:/Users/Librake/AppData/Local/UnrealEngine/Common/DerivedDataCache/Buckets/BulkDataList/7b/e4/cdc372fe37623c3d2b898334b713de78d2e5.udd" 4621
"C:/Users/Librake/AppData/Local/UnrealEngine/Common/DerivedDataCache/Buckets/LegacyTEXTURE/f0/f2/cf6da6df29003883cf00652c0581aaa19cc3.udd" 4622
"C:/Users/Librake/AppData/Local/UnrealEngine/Common/DerivedDataCache/Buckets/LegacyTEXTURE/bd/25/606c082141ac3c5ef4ed9dbe2061c49344b8.udd" 4623
"C:/Users/Librake/AppData/Local/UnrealEngine/Common/DerivedDataCache/Buckets/LegacyTEXTURE/ef/fd/44fc2fb27ee015330b2ff3607e46366c482a.udd" 4624
"C:/Users/Librake/AppData/Local/UnrealEngine/Common/DerivedDataCache/Buckets/LegacyTEXTURE/be/f1/b30a0eabf217fd697ee47a0d3f4bd3d6c38f.udd" 4625
"C:/Users/Librake/AppData/Local/UnrealEngine/Common/DerivedDataCache/Buckets/LegacyTEXTURE/0a/0f/8a16309ea2d9f0c28b93f9a3cdd6b45b3564.udd" 4626
"C:/Users/Librake/AppData/Local/UnrealEngine/Common/DerivedDataCache/Buckets/LegacyTEXTURE/d3/0b/78dd5a79d235f8ea6fcb754cbf4ec34049a9.udd" 4627
"C:/Users/Librake/AppData/Local/UnrealEngine/Common/DerivedDataCache/Buckets/LegacyTEXTURE/13/8c/14180f7d89c2a973ca31ebd17c315a304bf8.udd" 4628
"F:/Unreal Projects/DDay_bp/Content/3D/platforms/mater/trench/up/trench_up_trench_up_Normal.uasset" 4629
"C:/Users/Librake/AppData/Local/UnrealEngine/Common/DerivedDataCache/Buckets/LegacyTEXTURE/66/99/381fa109b3fabff469ad8d04eaaec5685ae2.udd" 4630
"C:/Users/Librake/AppData/Local/UnrealEngine/Common/DerivedDataCache/Buckets/LegacyTEXTURE/3a/d1/a0aa5404e6482de48f2a25c8213897054ead.udd" 4631
"C:/Users/Librake/AppData/Local/UnrealEngine/Common/DerivedDataCache/Buckets/LegacyTEXTURE/5b/56/fe276b5794ad1bccb37652a56fefcddaf53c.udd" 4632
"C:/Users/Librake/AppData/Local/UnrealEngine/Common/DerivedDataCache/Buckets/LegacyTEXTURE/af/6f/09b7ca09f236574e572c1997a9f01c582c40.udd" 4633
"C:/Users/Librake/AppData/Local/UnrealEngine/Common/DerivedDataCache/Buckets/LegacyTEXTURE/2a/38/86130b3d659e5e7544f0ef297717e94899ad.udd" 4634
"C:/Users/Librake/AppData/Local/UnrealEngine/Common/DerivedDataCache/Buckets/LegacyTEXTURE/31/a1/9a9e662fa71555e2ad0c3450a3386fca9066.udd" 4635
"C:/Users/Librake/AppData/Local/UnrealEngine/Common/DerivedDataCache/Buckets/LegacyTEXTURE/50/02/f8209b1253caba57a884b22b27249605ae06.udd" 4636
"C:/Users/Librake/AppData/Local/UnrealEngine/Common/DerivedDataCache/Buckets/LegacyTEXTURE/3c/e8/f55c98b69afd25259b463680c87f0aed2968.udd" 4637
"C:/Users/Librake/AppData/Local/UnrealEngine/Common/DerivedDataCache/Buckets/BulkDataList/a0/ba/32e06a64bae0f8cdedefe458e999e46733ae.udd" 4638
"C:/Users/Librake/AppData/Local/UnrealEngine/Common/DerivedDataCache/Buckets/LegacyTEXTURE/f7/13/5c989349a3fd4a9703d211b53cddb9bc5c4e.udd" 4639
"C:/Users/Librake/AppData/Local/UnrealEngine/Common/DerivedDataCache/Buckets/LegacyTEXTURE/cd/56/9ea9f4fae34da864feef130576bd67216fa3.udd" 4640
"F:/Unreal Projects/DDay_bp/Content/3D/platforms/mater/trench/up/trench_up_trench_up_OcclusionRoughnessMetallic.uasset" 4641
"C:/Users/Librake/AppData/Local/UnrealEngine/Common/DerivedDataCache/Buckets/LegacyTEXTURE/ce/dd/235eb4c86d7fbb3fe442423f4b76b9542759.udd" 4642
"C:/Users/Librake/AppData/Local/UnrealEngine/Common/DerivedDataCache/Buckets/LegacyTEXTURE/50/7d/c0a4bb8da986ab379964ad01ee89909202b1.udd" 4643
"C:/Users/Librake/AppData/Local/UnrealEngine/Common/DerivedDataCache/Buckets/BulkDataList/91/a7/b0bb719df1b876ee6a247b4849ff674d95df.udd" 4644
"F:/Unreal Projects/DDay_bp/Content/3D/platforms/mesh/Bridge/textr/Bridge_DefaultMaterial_BaseColor.uasset" 4645
"C:/Users/Librake/AppData/Local/UnrealEngine/Common/DerivedDataCache/Buckets/BulkDataList/7e/1a/c946613b737720fec4816571e101852381d5.udd" 4646
"F:/Unreal Projects/DDay_bp/Content/3D/platforms/mesh/Bridge/textr/Bridge_DefaultMaterial_Normal.uasset" 4647
"C:/Users/Librake/AppData/Local/UnrealEngine/Common/DerivedDataCache/Buckets/BulkDataList/ac/5d/e38f225eef4b9c72d3228b07babf2ec9d410.udd" 4648
"F:/Unreal Projects/DDay_bp/Content/3D/platforms/mesh/Bridge/textr/Bridge_DefaultMaterial_OcclusionRoughnessMetallic.uasset" 4649
"C:/Users/Librake/AppData/Local/UnrealEngine/Common/DerivedDataCache/Buckets/BulkDataList/43/3c/d34ce8cc158cddbd9dd3b16df16577af2057.udd" 4650
"F:/Unreal Projects/DDay_bp/Content/3D/platforms/mesh/deep_tranches/deep_trench_corner_in/textr/deep_trench_corner_in_02_-_Default_BaseColor.uasset" 4651
"C:/Users/Librake/AppData/Local/UnrealEngine/Common/DerivedDataCache/Buckets/BulkDataList/39/10/71987b4c5df6ebb447cc22ca76cc9f688af6.udd" 4652
"F:/Unreal Projects/DDay_bp/Content/3D/platforms/mesh/deep_tranches/deep_trench_corner_in/textr/deep_trench_corner_in_02_-_Default_Normal.uasset" 4653
"C:/Users/Librake/AppData/Local/UnrealEngine/Common/DerivedDataCache/Buckets/BulkDataList/ed/37/c9f556018bc3075307de20e24bf269289956.udd" 4654
"F:/Unreal Projects/DDay_bp/Content/3D/platforms/mesh/deep_tranches/deep_trench_corner_in/textr/deep_trench_corner_in_02_-_Default_OcclusionRoughnessMetallic.uasset" 4655
"C:/Users/Librake/AppData/Local/UnrealEngine/Common/DerivedDataCache/Buckets/BulkDataList/60/fd/298ce36abfa001bc52fa334b05b6214557c1.udd" 4656
"F:/Unreal Projects/DDay_bp/Content/3D/platforms/mesh/deep_tranches/deep_trench_wall1/textr/deep_trench_wall_1_da_BaseColor.uasset" 4657
"C:/Users/Librake/AppData/Local/UnrealEngine/Common/DerivedDataCache/Buckets/BulkDataList/cf/ce/1057728acebfe04d92bcc7e453854fca363b.udd" 4658
"F:/Unreal Projects/DDay_bp/Content/3D/platforms/mesh/deep_tranches/deep_trench_wall1/textr/deep_trench_wall_1_da_Normal.uasset" 4659
"C:/Users/Librake/AppData/Local/UnrealEngine/Common/DerivedDataCache/Buckets/BulkDataList/ed/bc/855d723f969fe661764b082d94a82d20700f.udd" 4660
"F:/Unreal Projects/DDay_bp/Content/3D/platforms/mesh/deep_tranches/deep_trench_wall1/textr/deep_trench_wall_1_da_OcclusionRoughnessMetallic.uasset" 4661
"C:/Users/Librake/AppData/Local/UnrealEngine/Common/DerivedDataCache/Buckets/BulkDataList/2c/ce/ec73efd9308f5910cd6441d4b024701ff468.udd" 4662
"F:/Unreal Projects/DDay_bp/Content/3D/platforms/mesh/deep_tranches/deep_trench_wall2/textr/deep_trench_wall_2_da_BaseColor.uasset" 4663
"C:/Users/Librake/AppData/Local/UnrealEngine/Common/DerivedDataCache/Buckets/BulkDataList/d2/56/53b2e5b5f214c924c47b41b37abe11d7be1c.udd" 4664
"F:/Unreal Projects/DDay_bp/Content/3D/platforms/mesh/deep_tranches/deep_trench_wall2/textr/deep_trench_wall_2_da_Normal.uasset" 4665
"C:/Users/Librake/AppData/Local/UnrealEngine/Common/DerivedDataCache/Buckets/BulkDataList/e4/fe/ed3b0b70f0ba20acbd0edc81173bab1d8ddd.udd" 4666
"C:/Users/Librake/AppData/Local/UnrealEngine/Common/DerivedDataCache/Buckets/LegacyTEXTURE/87/ad/5b2e9a9d98a1e6ee6c9ba0e3abc1b140c4a1.udd" 4667
"C:/Users/Librake/AppData/Local/UnrealEngine/Common/DerivedDataCache/Buckets/LegacyTEXTURE/4a/88/2c985e2de666290e88fd7bc6c5972bba2cb3.udd" 4668
"C:/Users/Librake/AppData/Local/UnrealEngine/Common/DerivedDataCache/Buckets/LegacyTEXTURE/58/fa/99380a586cfd4f5249f0955650cbdae2e25a.udd" 4669
"C:/Users/Librake/AppData/Local/UnrealEngine/Common/DerivedDataCache/Buckets/LegacyTEXTURE/5f/5c/65df82a909266742a170414ae3cd703948ab.udd" 4670
"C:/Users/Librake/AppData/Local/UnrealEngine/Common/DerivedDataCache/Buckets/LegacyTEXTURE/60/ef/718bfaa6733ace350deabd5fb99445b0db26.udd" 4671
"C:/Users/Librake/AppData/Local/UnrealEngine/Common/DerivedDataCache/Buckets/LegacyTEXTURE/82/fa/dec5c7a8e3a68211deba0c770020a929b181.udd" 4672
"C:/Users/Librake/AppData/Local/UnrealEngine/Common/DerivedDataCache/Buckets/LegacyTEXTURE/b2/a0/bf7b5f0356ecf328c3385081e5a37ca695b4.udd" 4673
"C:/Users/Librake/AppData/Local/UnrealEngine/Common/DerivedDataCache/Buckets/LegacyTEXTURE/44/a5/f03e89b9e3ccf67d0a398c03f5a1bfd0a69d.udd" 4674
"C:/Users/Librake/AppData/Local/UnrealEngine/Common/DerivedDataCache/Buckets/LegacyTEXTURE/e2/3b/06a494785202e3c10acab0d8e67688712774.udd" 4675
"C:/Users/Librake/AppData/Local/UnrealEngine/Common/DerivedDataCache/Buckets/LegacyTEXTURE/87/e2/fa54c51b6d17d5ce91283a3c5b085b98d880.udd" 4676
"F:/Unreal Projects/DDay_bp/Content/3D/platforms/mesh/deep_tranches/deep_trench_wall2/textr/deep_trench_wall_2_da_OcclusionRoughnessMetallic.uasset" 4677
"C:/Users/Librake/AppData/Local/UnrealEngine/Common/DerivedDataCache/Buckets/LegacyTEXTURE/f0/9f/1ab0433bdc2af541f69d937168dd99db861a.udd" 4678
"C:/Users/Librake/AppData/Local/UnrealEngine/Common/DerivedDataCache/Buckets/LegacyTEXTURE/d6/84/85459163f99562b9142acc0da9663692ac2c.udd" 4679
"C:/Users/Librake/AppData/Local/UnrealEngine/Common/DerivedDataCache/Buckets/LegacyTEXTURE/aa/98/8ea8cdea72147fe6851e9b45251bf8675103.udd" 4680
"C:/Users/Librake/AppData/Local/UnrealEngine/Common/DerivedDataCache/Buckets/LegacyTEXTURE/0d/3f/5ee608c2ec3ed616b21f6147a8db2dcc6cc4.udd" 4681
"C:/Users/Librake/AppData/Local/UnrealEngine/Common/DerivedDataCache/Buckets/LegacyTEXTURE/5a/7c/a6b48e4f08cfb3bb6cad3e2a3b1839a7b091.udd" 4682
"C:/Users/Librake/AppData/Local/UnrealEngine/Common/DerivedDataCache/Buckets/LegacyTEXTURE/d9/03/b6eb1c6b84dd38f20d0b873e233f13ce065d.udd" 4683
"C:/Users/Librake/AppData/Local/UnrealEngine/Common/DerivedDataCache/Buckets/LegacyTEXTURE/f7/fc/fad9e3f85c1a30678cc61db9b788b2219ce2.udd" 4684
"C:/Users/Librake/AppData/Local/UnrealEngine/Common/DerivedDataCache/Buckets/LegacyTEXTURE/5b/72/e2746f4f07366157a7b04ae21c28dca6bfca.udd" 4685
"C:/Users/Librake/AppData/Local/UnrealEngine/Common/DerivedDataCache/Buckets/LegacyTEXTURE/2e/43/5e47918fb2bd198f9db04e7c0b9d25c13bf2.udd" 4686
"C:/Users/Librake/AppData/Local/UnrealEngine/Common/DerivedDataCache/Buckets/LegacyTEXTURE/9f/9d/5f375279e85901ae14ff99be96e86fb5a73e.udd" 4687
"C:/Users/Librake/AppData/Local/UnrealEngine/Common/DerivedDataCache/Buckets/LegacyTEXTURE/64/28/f4c3346c45b64ce77a97e326c6871bbcfaaa.udd" 4688
"C:/Users/Librake/AppData/Local/UnrealEngine/Common/DerivedDataCache/Buckets/BulkDataList/3c/99/05f96009b1d8902d83dd1d394e9cfacfb8de.udd" 4689
"../../../Engine/Content/VREditor/UI/ArrowMaterial.uasset" 4690
"C:/Users/Librake/AppData/Local/UnrealEngine/Common/DerivedDataCache/Buckets/LegacyTEXTURE/2f/a6/94bc255703c99b7623c87b7ea28577001917.udd" 4691
"C:/Users/Librake/AppData/Local/UnrealEngine/Common/DerivedDataCache/Buckets/LegacyTEXTURE/c5/f1/9ccc2544d8f58ff855e794bd5e5e99a448a9.udd" 4692
"C:/Users/Librake/AppData/Local/UnrealEngine/Common/DerivedDataCache/Buckets/LegacyTEXTURE/e8/35/8866a78c057958eb8613b162968ffc2d6234.udd" 4693
"C:/Users/Librake/AppData/Local/UnrealEngine/Common/DerivedDataCache/Buckets/LegacyTEXTURE/05/32/66c71a47cf44aef18e3d0894fe7d7bd724a1.udd" 4694
"C:/Users/Librake/AppData/Local/UnrealEngine/Common/DerivedDataCache/Buckets/LegacyTEXTURE/42/10/7dcad0093300fbe14dcb320b97ef90996c7b.udd" 4695
"C:/Users/Librake/AppData/Local/UnrealEngine/Common/DerivedDataCache/Buckets/LegacyTEXTURE/f3/39/4755730a627330567d5c9911c75bc7e59962.udd" 4696
"C:/Users/Librake/AppData/Local/UnrealEngine/Common/DerivedDataCache/Buckets/LegacyTEXTURE/54/9d/d6dee94b19c79ab8c8496e925bcfdc660165.udd" 4697
"C:/Users/Librake/AppData/Local/UnrealEngine/Common/DerivedDataCache/Buckets/LegacyTEXTURE/e1/2e/183bee72b029d08ff5427b854a7c3372ef2a.udd" 4698
"C:/Users/Librake/AppData/Local/UnrealEngine/Common/DerivedDataCache/Buckets/LegacyTEXTURE/d5/5b/9e4230440c9a52fde12489d96fea410c09cd.udd" 4699
"C:/Users/Librake/AppData/Local/UnrealEngine/Common/DerivedDataCache/Buckets/LegacyTEXTURE/39/06/a1f23ecc9060c32acb225b8551eb479ca055.udd" 4700
"C:/Users/Librake/AppData/Local/UnrealEngine/Common/DerivedDataCache/Buckets/LegacyTEXTURE/ec/fe/a0899925f72ee9b0b6aff7f00f9803273871.udd" 4701
"C:/Users/Librake/AppData/Local/UnrealEngine/Common/DerivedDataCache/Buckets/LegacyTEXTURE/c9/16/cd7d14fc6aed09283b3f4b1c321d468482c5.udd" 4702
"C:/Users/Librake/AppData/Local/UnrealEngine/Common/DerivedDataCache/Buckets/LegacyTEXTURE/85/db/f12d9ceb5ba1dcbe104120b04021ded20602.udd" 4703
"C:/Users/Librake/AppData/Local/UnrealEngine/Common/DerivedDataCache/Buckets/BulkDataList/b5/a6/9559a41399ee43520e5d8621c364a2f1ba03.udd" 4704
"C:/Users/Librake/AppData/Local/UnrealEngine/Common/DerivedDataCache/Buckets/LegacyTEXTURE/73/3b/f2ccb0101aa9d6c436c570e301c00aac0922.udd" 4705
"C:/Users/Librake/AppData/Local/UnrealEngine/Common/DerivedDataCache/Buckets/LegacyTEXTURE/f7/78/1f27eb39d67fd947c6d81d86e1515d2e2ca3.udd" 4706
"C:/Users/Librake/AppData/Local/UnrealEngine/Common/DerivedDataCache/Buckets/LegacyTEXTURE/5b/b5/d7f659a12e17fa508f796d0b8e82a06a5e73.udd" 4707
"C:/Users/Librake/AppData/Local/UnrealEngine/Common/DerivedDataCache/Buckets/LegacyTEXTURE/d3/45/22d74ab33fd1fb9300f612aebdfc473c82bd.udd" 4708
"C:/Users/Librake/AppData/Local/UnrealEngine/Common/DerivedDataCache/Buckets/LegacyTEXTURE/d8/e1/8bdd3e967f77e020382d5eab41bb74d6fbd4.udd" 4709
"F:/Unreal Projects/DDay_bp/Content/Blueprints/System/DataAssets/PrintingAsset.uasset" 4710
"C:/Users/Librake/AppData/Local/UnrealEngine/Common/DerivedDataCache/Buckets/LegacyTEXTURE/17/a3/b740ec0c6797eab3e5a9e4af00935a0956f8.udd" 4711
"C:/Users/Librake/AppData/Local/UnrealEngine/Common/DerivedDataCache/Buckets/LegacyTEXTURE/ce/fa/361a23e291672735ed7464754e2ac41f323f.udd" 4712
"C:/Users/Librake/AppData/Local/UnrealEngine/Common/DerivedDataCache/Buckets/LegacyTEXTURE/6b/71/a0a74db624541bc39691452e195805704e30.udd" 4713
"C:/Users/Librake/AppData/Local/UnrealEngine/Common/DerivedDataCache/Buckets/LegacyTEXTURE/e3/0c/b70d5f1eb9627653f21431329800ded00b82.udd" 4714
"C:/Users/Librake/AppData/Local/UnrealEngine/Common/DerivedDataCache/Buckets/LegacyTEXTURE/63/2f/76a0ab32294b64b4102221b53d4c6ddd2f10.udd" 4715
"C:/Users/Librake/AppData/Local/UnrealEngine/Common/DerivedDataCache/Buckets/LegacyTEXTURE/d4/53/fb2d56c41f52a96802354d888b1342b79198.udd" 4716
"C:/Users/Librake/AppData/Local/UnrealEngine/Common/DerivedDataCache/Buckets/LegacyTEXTURE/8a/a5/cc1c43db0c454aa7a2c9c6d8d6a85fe90e91.udd" 4717
"C:/Users/Librake/AppData/Local/UnrealEngine/Common/DerivedDataCache/Buckets/LegacyTEXTURE/4a/25/404c94d6f32e24e6d33a23e26d98027809be.udd" 4718
"C:/Users/Librake/AppData/Local/UnrealEngine/Common/DerivedDataCache/Buckets/LegacyTEXTURE/79/c7/98aa14c7e4801a5af9f8629d54d2494ee492.udd" 4719
"C:/Users/Librake/AppData/Local/UnrealEngine/Common/DerivedDataCache/Buckets/LegacyTEXTURE/29/54/9fc341cc88839865b5b328a8225c5cc5cb62.udd" 4720
"C:/Users/Librake/AppData/Local/UnrealEngine/Common/DerivedDataCache/Buckets/LegacyTEXTURE/f7/c9/9274baa976bbedfb60e0263d75c55d1d9b44.udd" 4721
"C:/Users/Librake/AppData/Local/UnrealEngine/Common/DerivedDataCache/Buckets/LegacyTEXTURE/13/50/25399dec5d2cf4d779351549ca83c590a20a.udd" 4722
"C:/Users/Librake/AppData/Local/UnrealEngine/Common/DerivedDataCache/Buckets/BulkDataList/0c/09/8515db175e34a02470f74b7687e502bfa858.udd" 4723
"C:/Users/Librake/AppData/Local/UnrealEngine/Common/DerivedDataCache/Buckets/LegacyTEXTURE/a6/f7/b4fc54c3cd6c55c32d677a26dacb39dfebce.udd" 4724
"C:/Users/Librake/AppData/Local/UnrealEngine/Common/DerivedDataCache/Buckets/LegacyTEXTURE/a2/09/cd906f3d6fb3646e8e3274be7e36c204d68c.udd" 4725
"F:/Unreal Projects/DDay_bp/Content/Blueprints/System/Editor_Tick.uasset" 4726
"C:/Users/Librake/AppData/Local/UnrealEngine/Common/DerivedDataCache/Buckets/LegacyTEXTURE/92/1a/195e3d16e06937140e6a4f5cd0a78d0881dc.udd" 4727
"C:/Users/Librake/AppData/Local/UnrealEngine/Common/DerivedDataCache/Buckets/LegacyTEXTURE/14/c1/653f8a2f34981597cf139ff2d0158eb2469d.udd" 4728
"C:/Users/Librake/AppData/Local/UnrealEngine/Common/DerivedDataCache/Buckets/LegacyTEXTURE/ab/19/b90955d350ce7d620d4dcf11b7e87c305ac1.udd" 4729
"C:/Users/Librake/AppData/Local/UnrealEngine/Common/DerivedDataCache/Buckets/LegacyTEXTURE/41/fd/652490d6d6b2ffe590dce280315d99a226d8.udd" 4730
"C:/Users/Librake/AppData/Local/UnrealEngine/Common/DerivedDataCache/Buckets/LegacyTEXTURE/8d/9e/940c4e5d7b62df09fc0afcf8a292b1b3654b.udd" 4731
"C:/Users/Librake/AppData/Local/UnrealEngine/Common/DerivedDataCache/Buckets/LegacyTEXTURE/f2/70/dae792ff3a3430ffc357663c1e1308edeb21.udd" 4732
"C:/Users/Librake/AppData/Local/UnrealEngine/Common/DerivedDataCache/Buckets/LegacyTEXTURE/8a/73/cdc883f8fa4227ddc412f937b3d84876fae5.udd" 4733
"C:/Users/Librake/AppData/Local/UnrealEngine/Common/DerivedDataCache/Buckets/LegacyTEXTURE/a5/bd/cf962c0dedd4853faf8fe7ca6d2e38fc940f.udd" 4734
"C:/Users/Librake/AppData/Local/UnrealEngine/Common/DerivedDataCache/Buckets/LegacyTEXTURE/71/78/3b4d62f9a9e442645e8436d97019ed51988e.udd" 4735
"C:/Users/Librake/AppData/Local/UnrealEngine/Common/DerivedDataCache/Buckets/LegacyTEXTURE/f7/3e/532d8265629dce5782c4156798d7921606ba.udd" 4736
"C:/Users/Librake/AppData/Local/UnrealEngine/Common/DerivedDataCache/Buckets/LegacyTEXTURE/18/82/2bd369b13999541ab48dc15d8935b3ec8a71.udd" 4737
"C:/Users/Librake/AppData/Local/UnrealEngine/Common/DerivedDataCache/Buckets/LegacyTEXTURE/c2/b7/aad07dc4adf1de8a2c3b9509ff23a71fca96.udd" 4738
"C:/Users/Librake/AppData/Local/UnrealEngine/Common/DerivedDataCache/Buckets/LegacyTEXTURE/bd/8c/700ac416580ce03c2017f36f755611f16644.udd" 4739
"C:/Users/Librake/AppData/Local/UnrealEngine/Common/DerivedDataCache/Buckets/LegacyTEXTURE/a6/d5/d6e104250209901facd44d1beb3e8008ce84.udd" 4740
"C:/Users/Librake/AppData/Local/UnrealEngine/Common/DerivedDataCache/Buckets/LegacyTEXTURE/39/82/2260fe0848ae63872ca630ae38ae088221cf.udd" 4741
"C:/Users/Librake/AppData/Local/UnrealEngine/Common/DerivedDataCache/Buckets/LegacyTEXTURE/eb/6a/7b05bf1b601456a1f85236e67d9849db2bf5.udd" 4742
"C:/Users/Librake/AppData/Local/UnrealEngine/Common/DerivedDataCache/Buckets/BulkDataList/fe/ab/28c32353d26c13b53152e4d7731d33d3b6e7.udd" 4743
"C:/Users/Librake/AppData/Local/UnrealEngine/Common/DerivedDataCache/Buckets/LegacyTEXTURE/e0/86/5af3093f4ab5a487fff8c3e6389ffe7d96a3.udd" 4744
"F:/Unreal Projects/DDay_bp/Content/Data/enums/Compare__Tile_Position.uasset" 4745
"C:/Users/Librake/AppData/Local/UnrealEngine/Common/DerivedDataCache/Buckets/LegacyTEXTURE/67/93/4c9d7a0b567e1e725f33189f9ec16b4ecc13.udd" 4746
"C:/Users/Librake/AppData/Local/UnrealEngine/Common/DerivedDataCache/Buckets/LegacyTEXTURE/a3/21/e204bdd950695afea79688f340f9ee0d2729.udd" 4747
"C:/Users/Librake/AppData/Local/UnrealEngine/Common/DerivedDataCache/Buckets/LegacyTEXTURE/93/6e/43e01bdb49315d34e4bd66b6621b97be452a.udd" 4748
"C:/Users/Librake/AppData/Local/UnrealEngine/Common/DerivedDataCache/Buckets/LegacyTEXTURE/ee/4d/acf9efa44e38f82a34eb3779ac2d086954a1.udd" 4749
"C:/Users/Librake/AppData/Local/UnrealEngine/Common/DerivedDataCache/Buckets/LegacyTEXTURE/2d/80/18aeb55cada7a0ddf6a5e7cc8c0f46d638ac.udd" 4750
"C:/Users/Librake/AppData/Local/UnrealEngine/Common/DerivedDataCache/Buckets/LegacyTEXTURE/e5/5d/c37f171ac95888b05b8a47a7fa9fb2ac893f.udd" 4751
"C:/Users/Librake/AppData/Local/UnrealEngine/Common/DerivedDataCache/Buckets/LegacyTEXTURE/f6/ea/92134194747b96365b4e0f979ebe8182c2db.udd" 4752
"C:/Users/Librake/AppData/Local/UnrealEngine/Common/DerivedDataCache/Buckets/LegacyTEXTURE/9b/df/d4270800990fc92a49fad683594f40fe9721.udd" 4753
"C:/Users/Librake/AppData/Local/UnrealEngine/Common/DerivedDataCache/Buckets/BulkDataList/6b/63/f6a3098dbe00df58ee38041366cda5b8323f.udd" 4754
"F:/Unreal Projects/DDay_bp/Content/Data/structs/Proportion_Interval.uasset" 4755
"C:/Users/Librake/AppData/Local/UnrealEngine/Common/DerivedDataCache/Buckets/LegacyTEXTURE/cd/65/4c679d8834e233efe9d24b0a9173d47bab20.udd" 4756
"C:/Users/Librake/AppData/Local/UnrealEngine/Common/DerivedDataCache/Buckets/LegacyTEXTURE/c2/0a/15cde72a98de6afd9bc4100bde0d8737b8b0.udd" 4757
"C:/Users/Librake/AppData/Local/UnrealEngine/Common/DerivedDataCache/Buckets/BulkDataList/d4/a1/0869483752ea928c934e17e95fec0ee1ac71.udd" 4758
"F:/Unreal Projects/DDay_bp/Content/Blueprints/Arms/Recoil_Curves/rifle_recoil.uasset" 4759
"C:/Users/Librake/AppData/Local/UnrealEngine/Common/DerivedDataCache/Buckets/BulkDataList/20/c7/3a08c3532fa4caf3aa87f3292ed91c4cdc5a.udd" 4760
"F:/Unreal Projects/DDay_bp/Content/Blueprints/Arms/Recoil_Curves/machinegun_recoil.uasset" 4761
"C:/Users/Librake/AppData/Local/UnrealEngine/Common/DerivedDataCache/Buckets/BulkDataList/e9/9e/97bd8aaa7769e64221bd1fbd230dcaa7206c.udd" 4762
"F:/Unreal Projects/DDay_bp/Content/Blueprints/Arms/Recoil_Curves/shotgun_recoil.uasset" 4763
"C:/Users/Librake/AppData/Local/UnrealEngine/Common/DerivedDataCache/Buckets/BulkDataList/96/63/9f87359ed0f18dd4e2ce3c3290693fb35315.udd" 4764
"F:/Unreal Projects/DDay_bp/Content/3D/main_guy/Main1/mat/HP_textures/Main1_0_BaseColor.uasset" 4765
"C:/Users/Librake/AppData/Local/UnrealEngine/Common/DerivedDataCache/Buckets/BulkDataList/53/db/f143aaf0bf958baf03f1be19fad88b2a53f1.udd" 4766
"F:/Unreal Projects/DDay_bp/Content/3D/main_guy/Main1/mat/HP_textures/Main1_20_BaseColor.uasset" 4767
"C:/Users/Librake/AppData/Local/UnrealEngine/Common/DerivedDataCache/Buckets/BulkDataList/d9/66/e7cddf5a06be16cd6290a5b0e7562bfee6a2.udd" 4768
"F:/Unreal Projects/DDay_bp/Content/3D/main_guy/Main1/mat/HP_textures/Main1_40_BaseColor.uasset" 4769
"C:/Users/Librake/AppData/Local/UnrealEngine/Common/DerivedDataCache/Buckets/BulkDataList/a5/2c/bf8357f31f4a050b1e67beb063dd24181ad1.udd" 4770
"F:/Unreal Projects/DDay_bp/Content/3D/main_guy/Main1/mat/HP_textures/Main1_60_BaseColor.uasset" 4771
"C:/Users/Librake/AppData/Local/UnrealEngine/Common/DerivedDataCache/Buckets/BulkDataList/38/2b/e6e517d2c5cad7c78db1b357b259e7dabde2.udd" 4772
"F:/Unreal Projects/DDay_bp/Content/3D/main_guy/Main1/mat/HP_textures/Main1_80_BaseColor.uasset" 4773
"C:/Users/Librake/AppData/Local/UnrealEngine/Common/DerivedDataCache/Buckets/BulkDataList/6c/be/1ceabe5df1b0e3a3eee5b81e835eca869d76.udd" 4774
"F:/Unreal Projects/DDay_bp/Content/3D/main_guy/Main1/mat/main_DefaultMaterial_BaseColor.uasset" 4775
"C:/Users/Librake/AppData/Local/UnrealEngine/Common/DerivedDataCache/Buckets/BulkDataList/b8/5f/5c75c4a15e48dd4b43036bf4940d1ab2bec6.udd" 4776
"F:/Unreal Projects/DDay_bp/Content/Blueprints/System/PlayerArea.uasset" 4777
"C:/Users/Librake/AppData/Local/UnrealEngine/Common/DerivedDataCache/Buckets/BulkDataList/a0/8a/53d449e398663dc3f02ed7e4301e5c5aa588.udd" 4778
"C:/Users/Librake/AppData/Local/UnrealEngine/Common/DerivedDataCache/Buckets/LegacyTEXTURE/69/3d/840e7a5396987164123c57789c3d607e8f90.udd" 4779
"C:/Users/Librake/AppData/Local/UnrealEngine/Common/DerivedDataCache/Buckets/LegacyTEXTURE/86/41/0315424edd3d29100fb562479816cb8c477c.udd" 4780
"C:/Users/Librake/AppData/Local/UnrealEngine/Common/DerivedDataCache/Buckets/LegacyTEXTURE/fa/7f/025f300004881ff89b4f71a96ea2cbf3c903.udd" 4781
"C:/Users/Librake/AppData/Local/UnrealEngine/Common/DerivedDataCache/Buckets/LegacyTEXTURE/56/49/9d167a424cc861d9bdee39d0dc13a471512b.udd" 4782
"C:/Users/Librake/AppData/Local/UnrealEngine/Common/DerivedDataCache/Buckets/LegacyTEXTURE/05/ce/f7a077a616cd18a9fd690bd699f7c15a82e8.udd" 4783
"C:/Users/Librake/AppData/Local/UnrealEngine/Common/DerivedDataCache/Buckets/LegacyTEXTURE/00/bf/acced9b251c7a52d76774fd6db21daa5167a.udd" 4784
"C:/Users/Librake/AppData/Local/UnrealEngine/Common/DerivedDataCache/Buckets/LegacyTEXTURE/dd/dd/221763861a1a9715dc00a6452a902da385ee.udd" 4785
"C:/Users/Librake/AppData/Local/UnrealEngine/Common/DerivedDataCache/Buckets/LegacyTEXTURE/b5/c3/5d64511ae2e264e33046eee7c6c17b9d0519.udd" 4786
"C:/Users/Librake/AppData/Local/UnrealEngine/Common/DerivedDataCache/Buckets/LegacyTEXTURE/e9/aa/9307e0e99af7361beacb517e55069f9aa199.udd" 4787
"C:/Users/Librake/AppData/Local/UnrealEngine/Common/DerivedDataCache/Buckets/LegacyTEXTURE/89/dd/d4a1fe8a08e6d6a7739e71a1dcaf80bb43ca.udd" 4788
"C:/Users/Librake/AppData/Local/UnrealEngine/Common/DerivedDataCache/Buckets/LegacyTEXTURE/38/f8/ee1951e9fb8946bb92bdbf5afe5e3bdd326b.udd" 4789
"F:/Unreal Projects/DDay_bp/Content/Data/curves/Sway.uasset" 4790
"C:/Users/Librake/AppData/Local/UnrealEngine/Common/DerivedDataCache/Buckets/LegacyTEXTURE/5c/3b/dfb68403beeb4cd6c1aeda32ebcefd3f333a.udd" 4791
"C:/Users/Librake/AppData/Local/UnrealEngine/Common/DerivedDataCache/Buckets/LegacyTEXTURE/ed/75/7f5cf1b617d563aefdd2ef68024682c3cf25.udd" 4792
"C:/Users/Librake/AppData/Local/UnrealEngine/Common/DerivedDataCache/Buckets/LegacyTEXTURE/1b/84/48f910b446d9f2ed078a3a061d6ea592f83e.udd" 4793
"C:/Users/Librake/AppData/Local/UnrealEngine/Common/DerivedDataCache/Buckets/LegacyTEXTURE/8a/4b/155339ce99dc215dfd62d09be724c95f711f.udd" 4794
"C:/Users/Librake/AppData/Local/UnrealEngine/Common/DerivedDataCache/Buckets/LegacyTEXTURE/10/85/d083ee29a9182116425741fc369dc5a0fba6.udd" 4795
"C:/Users/Librake/AppData/Local/UnrealEngine/Common/DerivedDataCache/Buckets/LegacyTEXTURE/6e/37/e613c1cabc22062709f3b6173404279fd5a3.udd" 4796
"C:/Users/Librake/AppData/Local/UnrealEngine/Common/DerivedDataCache/Buckets/LegacyTEXTURE/74/26/eef8d7dbfffe5368daf97163112cb294eb92.udd" 4797
"C:/Users/Librake/AppData/Local/UnrealEngine/Common/DerivedDataCache/Buckets/LegacyTEXTURE/57/4a/feafc81af439267d2ea074e899dcf8c8d1a9.udd" 4798
"C:/Users/Librake/AppData/Local/UnrealEngine/Common/DerivedDataCache/Buckets/LegacyTEXTURE/e0/f9/5b6504bf3e45dc3d401782aba8606d0224b5.udd" 4799
"C:/Users/Librake/AppData/Local/UnrealEngine/Common/DerivedDataCache/Buckets/LegacyTEXTURE/b1/05/36103c7d91e7ffd04cdca0a814d965cd14e5.udd" 4800
"C:/Users/Librake/AppData/Local/UnrealEngine/Common/DerivedDataCache/Buckets/LegacyTEXTURE/8f/c8/7c729ec846b667318130e309245ef14c99e6.udd" 4801
"C:/Users/Librake/AppData/Local/UnrealEngine/Common/DerivedDataCache/Buckets/LegacyTEXTURE/cf/45/1ab93d6e3128ccb9d4e6d398f0df50c35680.udd" 4802
"C:/Users/Librake/AppData/Local/UnrealEngine/Common/DerivedDataCache/Buckets/LegacyTEXTURE/e4/3d/dabdd3c4b4226d80244dd31eb3a1158d7704.udd" 4803
"F:/Unreal Projects/DDay_bp/Content/Blueprints/Chars/Components/Checkpoint_Clearable.uasset" 4804
"C:/Users/Librake/AppData/Local/UnrealEngine/Common/DerivedDataCache/Buckets/LegacyTEXTURE/fe/d9/743a3aadf89afcfc48e06a91e3dfdd44159d.udd" 4805
"C:/Users/Librake/AppData/Local/UnrealEngine/Common/DerivedDataCache/Buckets/LegacyTEXTURE/33/51/885940ba786d31ab69933ca2dffd165a37fd.udd" 4806
"C:/Users/Librake/AppData/Local/UnrealEngine/Common/DerivedDataCache/Buckets/BulkDataList/c6/4b/76cb2ab67ad3c74526d675a4f625ebce225c.udd" 4807
"C:/Users/Librake/AppData/Local/UnrealEngine/Common/DerivedDataCache/Buckets/LegacyTEXTURE/04/d4/4dea3fe51879b588c5cab4ed89df40f3ab30.udd" 4808
"C:/Users/Librake/AppData/Local/UnrealEngine/Common/DerivedDataCache/Buckets/LegacyTEXTURE/34/12/c991df644b76abb0b5bb52daff411020d2da.udd" 4809
"C:/Users/Librake/AppData/Local/UnrealEngine/Common/DerivedDataCache/Buckets/LegacyTEXTURE/6f/8a/b658448e06fa7baea60fa3f4c222bb791fd6.udd" 4810
"C:/Users/Librake/AppData/Local/UnrealEngine/Common/DerivedDataCache/Buckets/LegacyTEXTURE/8c/72/16994117b7435f69ada9f8392bb3eca8f6bc.udd" 4811
"C:/Users/Librake/AppData/Local/UnrealEngine/Common/DerivedDataCache/Buckets/LegacyTEXTURE/89/2d/34b29555e427042f3e807cc5bd3dfae7a743.udd" 4812
"C:/Users/Librake/AppData/Local/UnrealEngine/Common/DerivedDataCache/Buckets/LegacyTEXTURE/f0/55/a69bc2a6e091255f5e0618939cdb19809786.udd" 4813
"C:/Users/Librake/AppData/Local/UnrealEngine/Common/DerivedDataCache/Buckets/LegacyTEXTURE/8d/19/052a9c0265a709cb70a3a5129c89722dd330.udd" 4814
"C:/Users/Librake/AppData/Local/UnrealEngine/Common/DerivedDataCache/Buckets/LegacyTEXTURE/7a/44/11480d0a351a2a8935be91e5d6fbf6b39ad7.udd" 4815
"C:/Users/Librake/AppData/Local/UnrealEngine/Common/DerivedDataCache/Buckets/LegacyTEXTURE/83/8a/dace25e21430d7f01672d62e55e4ed1f5da3.udd" 4816
"C:/Users/Librake/AppData/Local/UnrealEngine/Common/DerivedDataCache/Buckets/LegacyTEXTURE/d5/ea/57a197bb393c1abf54f61c220c76a67d81a1.udd" 4817
"C:/Users/Librake/AppData/Local/UnrealEngine/Common/DerivedDataCache/Buckets/BulkDataList/92/72/b89bbf9c8d37110ed8323a271914a3b14643.udd" 4818
"C:/Users/Librake/AppData/Local/UnrealEngine/Common/DerivedDataCache/Buckets/LegacyTEXTURE/d5/cb/32cb724e4ab856e263686b93b0ff7f2d10a8.udd" 4819
"C:/Users/Librake/AppData/Local/UnrealEngine/Common/DerivedDataCache/Buckets/LegacyTEXTURE/88/56/3daffc4f982da92dfd03261cd895e9324af8.udd" 4820
"C:/Users/Librake/AppData/Local/UnrealEngine/Common/DerivedDataCache/Buckets/LegacyTEXTURE/5a/7e/1d9d5c5ea7ce2dae91ac115efb13379ff922.udd" 4821
"F:/Unreal Projects/DDay_bp/Content/Blueprints/Logics/Components/Editor_Drawable.uasset" 4822
"C:/Users/Librake/AppData/Local/UnrealEngine/Common/DerivedDataCache/Buckets/LegacyTEXTURE/c0/7e/6f9169025abce05e14f72a85ac945f51e18a.udd" 4823
"C:/Users/Librake/AppData/Local/UnrealEngine/Common/DerivedDataCache/Buckets/LegacyTEXTURE/37/d4/7e2418bb70ef8b0c93724548b586602ee456.udd" 4824
"C:/Users/Librake/AppData/Local/UnrealEngine/Common/DerivedDataCache/Buckets/LegacyTEXTURE/e0/b6/eb7117dc46cff787edf9dd018f3dc18ca41d.udd" 4825
"C:/Users/Librake/AppData/Local/UnrealEngine/Common/DerivedDataCache/Buckets/LegacyTEXTURE/5a/79/fa9d829cab10279302979f70c70e6674a549.udd" 4826
"C:/Users/Librake/AppData/Local/UnrealEngine/Common/DerivedDataCache/Buckets/LegacyTEXTURE/c1/4c/88105a0a7eaa1ccb0f47c4e183160ea24546.udd" 4827
"C:/Users/Librake/AppData/Local/UnrealEngine/Common/DerivedDataCache/Buckets/LegacyTEXTURE/da/84/03e41ce4b1daa12fddc12ae57d99d7840704.udd" 4828
"C:/Users/Librake/AppData/Local/UnrealEngine/Common/DerivedDataCache/Buckets/LegacyTEXTURE/98/1f/a4c016eb72ad133c1a324a2597fdc7cc41b6.udd" 4829
"C:/Users/Librake/AppData/Local/UnrealEngine/Common/DerivedDataCache/Buckets/LegacyTEXTURE/a9/4f/818e2fe990992735ddd4de9355e0719f42f9.udd" 4830
"C:/Users/Librake/AppData/Local/UnrealEngine/Common/DerivedDataCache/Buckets/LegacyTEXTURE/73/c2/7a2aab75353056d081c2d2a95525143d7f0b.udd" 4831
"C:/Users/Librake/AppData/Local/UnrealEngine/Common/DerivedDataCache/Buckets/LegacyTEXTURE/03/f4/181b691f0b611c3ada1ff045bba7ce6cb780.udd" 4832
"C:/Users/Librake/AppData/Local/UnrealEngine/Common/DerivedDataCache/Buckets/LegacyTEXTURE/32/0c/2cab80afc0cfe8f61f53214c67580cb4a8ff.udd" 4833
"C:/Users/Librake/AppData/Local/UnrealEngine/Common/DerivedDataCache/Buckets/LegacyTEXTURE/9f/a0/258ddc6d8878f90f6742e781a9b603c85418.udd" 4834
"C:/Users/Librake/AppData/Local/UnrealEngine/Common/DerivedDataCache/Buckets/LegacyTEXTURE/2b/58/e160d8708c3424c47962aad8aa680a90c786.udd" 4835
"C:/Users/Librake/AppData/Local/UnrealEngine/Common/DerivedDataCache/Buckets/LegacyTEXTURE/37/0f/151606b67c3f6465dd12489f8f3a7dcdd47e.udd" 4836
"C:/Users/Librake/AppData/Local/UnrealEngine/Common/DerivedDataCache/Buckets/LegacyTEXTURE/32/7a/75911e4bb48f345e8bc705df5bc866bf3f37.udd" 4837
"C:/Users/Librake/AppData/Local/UnrealEngine/Common/DerivedDataCache/Buckets/BulkDataList/ca/cc/d3b7e40be7ceac687be6801ff6b4245c1ebc.udd" 4838
"F:/Unreal Projects/DDay_bp/Content/Data/enums/Dialog_Type.uasset" 4839
"C:/Users/Librake/AppData/Local/UnrealEngine/Common/DerivedDataCache/Buckets/LegacyTEXTURE/bd/f8/a3780c49a914234c5fca9d313389e46d30f0.udd" 4840
"C:/Users/Librake/AppData/Local/UnrealEngine/Common/DerivedDataCache/Buckets/LegacyTEXTURE/a3/45/2a31a59dfcde48905620a4c35fdfcb98e930.udd" 4841
"C:/Users/Librake/AppData/Local/UnrealEngine/Common/DerivedDataCache/Buckets/LegacyTEXTURE/86/0b/82d8a9f7a2c14b4538507d3d8b29b5f76029.udd" 4842
"C:/Users/Librake/AppData/Local/UnrealEngine/Common/DerivedDataCache/Buckets/LegacyTEXTURE/46/f5/fbfade4f95d57b83f39a4740c2ea19bf2103.udd" 4843
"C:/Users/Librake/AppData/Local/UnrealEngine/Common/DerivedDataCache/Buckets/LegacyTEXTURE/6f/c9/e4400aab1a863b0c4b00ca0044e3cf578c1a.udd" 4844
"C:/Users/Librake/AppData/Local/UnrealEngine/Common/DerivedDataCache/Buckets/LegacyTEXTURE/e9/9c/c6f14a6dce09d5b14f5714a3c7126bb33b21.udd" 4845
"C:/Users/Librake/AppData/Local/UnrealEngine/Common/DerivedDataCache/Buckets/LegacyTEXTURE/79/48/5118f69faf3f5da1143ccfb69a81934a084f.udd" 4846
"C:/Users/Librake/AppData/Local/UnrealEngine/Common/DerivedDataCache/Buckets/LegacyTEXTURE/2d/a2/42e3937411462469c44ba27b29505cf3f46c.udd" 4847
"C:/Users/Librake/AppData/Local/UnrealEngine/Common/DerivedDataCache/Buckets/LegacyTEXTURE/7f/00/6c77ccfa6b1924eab99d52b6a5496711f06f.udd" 4848
"C:/Users/Librake/AppData/Local/UnrealEngine/Common/DerivedDataCache/Buckets/LegacyTEXTURE/fd/1f/d07919156c6c6f5df5a3687acabd54f10287.udd" 4849
"C:/Users/Librake/AppData/Local/UnrealEngine/Common/DerivedDataCache/Buckets/BulkDataList/29/33/bf29a93012780a02ac16b2e6e2d3e31b93b4.udd" 4850
"C:/Users/Librake/AppData/Local/UnrealEngine/Common/DerivedDataCache/Buckets/LegacyTEXTURE/35/69/681e5bc8a9ed257fa492edcbd8d8e5cd2d21.udd" 4851
"C:/Users/Librake/AppData/Local/UnrealEngine/Common/DerivedDataCache/Buckets/LegacyTEXTURE/f1/06/0a4da22c8dcc702fbc6284b15c825c22d644.udd" 4852
"F:/Unreal Projects/DDay_bp/Content/Data/enums/Spawner_mode.uasset" 4853
"C:/Users/Librake/AppData/Local/UnrealEngine/Common/DerivedDataCache/Buckets/LegacyTEXTURE/10/4a/c8ec7964fcebc53c71dfe2e04a92c91e31ed.udd" 4854
"C:/Users/Librake/AppData/Local/UnrealEngine/Common/DerivedDataCache/Buckets/LegacyTEXTURE/7b/d0/b66966ba10c0af830929ce6c085cbeaff45f.udd" 4855
"C:/Users/Librake/AppData/Local/UnrealEngine/Common/DerivedDataCache/Buckets/LegacyTEXTURE/98/53/bb34bcf95646c4ac8170de086d906c864153.udd" 4856
"C:/Users/Librake/AppData/Local/UnrealEngine/Common/DerivedDataCache/Buckets/LegacyTEXTURE/4d/54/b3856335067ce08d4a23620b1a5a285d27c6.udd" 4857
"C:/Users/Librake/AppData/Local/UnrealEngine/Common/DerivedDataCache/Buckets/LegacyTEXTURE/63/fd/e259ce5412b47de5aa15ba75176e167c295c.udd" 4858
"C:/Users/Librake/AppData/Local/UnrealEngine/Common/DerivedDataCache/Buckets/LegacyTEXTURE/7b/83/01aae669dba9d67f5ad5b83e49b8f6ad8f7b.udd" 4859
"C:/Users/Librake/AppData/Local/UnrealEngine/Common/DerivedDataCache/Buckets/LegacyTEXTURE/f2/56/f31ac91465e4874677751b893c40a58a9c24.udd" 4860
"C:/Users/Librake/AppData/Local/UnrealEngine/Common/DerivedDataCache/Buckets/LegacyTEXTURE/9e/33/f937c055e965ed0f34a77ed42d4faa1faca8.udd" 4861
"C:/Users/Librake/AppData/Local/UnrealEngine/Common/DerivedDataCache/Buckets/LegacyTEXTURE/76/a5/7194bbca2f785bbadaf97de58903864b42e8.udd" 4862
"C:/Users/Librake/AppData/Local/UnrealEngine/Common/DerivedDataCache/Buckets/LegacyTEXTURE/ce/5c/08cfeae3b9cfe99c577134c25bbf35534241.udd" 4863
"C:/Users/Librake/AppData/Local/UnrealEngine/Common/DerivedDataCache/Buckets/BulkDataList/ac/f1/333d1a95be9da88f764ee189c3b077a7ac0a.udd" 4864
"C:/Users/Librake/AppData/Local/UnrealEngine/Common/DerivedDataCache/Buckets/LegacyTEXTURE/00/29/1109fc8fe11b8ee4f059accf363dd90ef45e.udd" 4865
"C:/Users/Librake/AppData/Local/UnrealEngine/Common/DerivedDataCache/Buckets/LegacyTEXTURE/52/01/a334adbfb85738df1443a6cd4ace4cb340d1.udd" 4866
"F:/Unreal Projects/DDay_bp/Content/Data/enums/Counter_mode.uasset" 4867
"C:/Users/Librake/AppData/Local/UnrealEngine/Common/DerivedDataCache/Buckets/LegacyTEXTURE/20/0f/0e8ad65a4f1ba6238953cc5221d31b84df24.udd" 4868
"C:/Users/Librake/AppData/Local/UnrealEngine/Common/DerivedDataCache/Buckets/LegacyTEXTURE/51/2a/fa3a2e3cf4e27a864aebde1d5a665f97fd94.udd" 4869
"../../../Engine/Content/EngineLightProfiles/180Degree_IES.uasset" 4870
"C:/Users/Librake/AppData/Local/UnrealEngine/Common/DerivedDataCache/Buckets/BulkDataList/41/3b/8d6ba6e36c2ec8ced41517588d2da22477dc.udd" 4871
"C:/Users/Librake/AppData/Local/UnrealEngine/Common/DerivedDataCache/Buckets/BulkDataList/2a/87/3321275bfd432e0df0ffc915ebb253d61faa.udd" 4872
"F:/Unreal Projects/DDay_bp/Content/Data/curves/Light/MAIN_LEVEL/Dirct_Color.uasset" 4873
"C:/Users/Librake/AppData/Local/UnrealEngine/Common/DerivedDataCache/Buckets/BulkDataList/9c/56/b8bdb9685a44eef7fd1c511d35e296e42ac1.udd" 4874
"F:/Unreal Projects/DDay_bp/Content/Data/curves/Light/MAIN_LEVEL/Direct_Intensity.uasset" 4875
"C:/Users/Librake/AppData/Local/UnrealEngine/Common/DerivedDataCache/Buckets/BulkDataList/da/44/7c69ffe5a64049bcec2ec94012a02436d8ea.udd" 4876
"F:/Unreal Projects/DDay_bp/Content/Data/curves/Light/MAIN_LEVEL/Light_Rotation.uasset" 4877
"C:/Users/Librake/AppData/Local/UnrealEngine/Common/DerivedDataCache/Buckets/BulkDataList/4a/bf/93d5f1bd26ab47c88efc0021484dcbcf4a8f.udd" 4878
"F:/Unreal Projects/DDay_bp/Content/Data/curves/Light/MAIN_LEVEL/Sky_Color.uasset" 4879
"C:/Users/Librake/AppData/Local/UnrealEngine/Common/DerivedDataCache/Buckets/BulkDataList/0d/19/6cbc272e7de8e07f8e236670c3ebca884359.udd" 4880
"F:/Unreal Projects/DDay_bp/Content/Data/curves/Light/MAIN_LEVEL/Sky_Intensity.uasset" 4881
"C:/Users/Librake/AppData/Local/UnrealEngine/Common/DerivedDataCache/Buckets/BulkDataList/8d/a5/4a0621c4d6cc0bc3dc171760b1b4595a454d.udd" 4882
"F:/Unreal Projects/DDay_bp/Content/Data/curves/Light/MAIN_LEVEL/Soft_mode.uasset" 4883
"C:/Users/Librake/AppData/Local/UnrealEngine/Common/DerivedDataCache/Buckets/BulkDataList/04/c4/948eca3e1325f917cecb603af2a30b03b3bd.udd" 4884
"F:/Unreal Projects/DDay_bp/Content/Data/curves/Light/MAIN_LEVEL/Specular.uasset" 4885
"C:/Users/Librake/AppData/Local/UnrealEngine/Common/DerivedDataCache/Buckets/BulkDataList/a4/46/26643c533e2c727a2d902ad3053b866df5fa.udd" 4886
"F:/Unreal Projects/DDay_bp/Content/Data/structs/Light_Info.uasset" 4887
"C:/Users/Librake/AppData/Local/UnrealEngine/Common/DerivedDataCache/Buckets/BulkDataList/d6/e0/2ab9b15263a155615cc3994bda7f1b972d4e.udd" 4888
"F:/Unreal Projects/DDay_bp/Content/Data/structs/Spawner_Data.uasset" 4889
"C:/Users/Librake/AppData/Local/UnrealEngine/Common/DerivedDataCache/Buckets/BulkDataList/03/9c/29312615295d8b735e8ce419f311c0d9ca49.udd" 4890
"C:/Users/Librake/AppData/Local/UnrealEngine/Common/DerivedDataCache/Buckets/LegacyTEXTURE/20/7c/56f873afd48c0ed60b6fe8711b8212ad44fc.udd" 4891
"C:/Users/Librake/AppData/Local/UnrealEngine/Common/DerivedDataCache/Buckets/LegacyTEXTURE/e5/7e/dafb24e6b5738168d072eecd1c813010389c.udd" 4892
"C:/Users/Librake/AppData/Local/UnrealEngine/Common/DerivedDataCache/Buckets/LegacyTEXTURE/e9/86/37b9f966a9d7e972d3e9057d50382334f406.udd" 4893
"C:/Users/Librake/AppData/Local/UnrealEngine/Common/DerivedDataCache/Buckets/LegacyTEXTURE/74/5a/885eb5b4473bad374974cf721e95aac86b06.udd" 4894
"C:/Users/Librake/AppData/Local/UnrealEngine/Common/DerivedDataCache/Buckets/LegacyTEXTURE/e6/ab/6f490f3d2e55628d7b3202dbf719801a0584.udd" 4895
"C:/Users/Librake/AppData/Local/UnrealEngine/Common/DerivedDataCache/Buckets/LegacyTEXTURE/42/45/eb81e975c206bb566f035b0d0de139331d85.udd" 4896
"C:/Users/Librake/AppData/Local/UnrealEngine/Common/DerivedDataCache/Buckets/LegacyTEXTURE/05/bd/2295b84cf819573b7c6a34723e72500c17a1.udd" 4897
"C:/Users/Librake/AppData/Local/UnrealEngine/Common/DerivedDataCache/Buckets/LegacyTEXTURE/7a/a6/d07c14d75dcd295efb44374b0b0cfedce5e2.udd" 4898
"C:/Users/Librake/AppData/Local/UnrealEngine/Common/DerivedDataCache/Buckets/LegacyTEXTURE/19/66/062120de62285fe652799e71fbd94e02f99c.udd" 4899
"C:/Users/Librake/AppData/Local/UnrealEngine/Common/DerivedDataCache/Buckets/LegacyTEXTURE/dd/13/cf0e8288a72e1a17f4509afa1791f6471596.udd" 4900
"C:/Users/Librake/AppData/Local/UnrealEngine/Common/DerivedDataCache/Buckets/LegacyTEXTURE/65/cb/b1bf8fdc098ec64d5ae4b8acd6eae68b2525.udd" 4901
"C:/Users/Librake/AppData/Local/UnrealEngine/Common/DerivedDataCache/Buckets/LegacyTEXTURE/9d/19/e8d2745c69be74dcf81bed6b3d341fe4233f.udd" 4902
"C:/Users/Librake/AppData/Local/UnrealEngine/Common/DerivedDataCache/Buckets/LegacyTEXTURE/5e/55/6cad6f5067596b4b363b8ee2e3e339ecfa0f.udd" 4903
"F:/Unreal Projects/DDay_bp/Content/Data/structs/Instance_Save.uasset" 4904
"C:/Users/Librake/AppData/Local/UnrealEngine/Common/DerivedDataCache/Buckets/LegacyTEXTURE/90/fc/55a785f41c4c2d418354a2288f93556c5f56.udd" 4905
"C:/Users/Librake/AppData/Local/UnrealEngine/Common/DerivedDataCache/Buckets/LegacyTEXTURE/dc/af/b1efded265b2e73c866e8a39883bd69f89bb.udd" 4906
"C:/Users/Librake/AppData/Local/UnrealEngine/Common/DerivedDataCache/Buckets/LegacyTEXTURE/87/20/683e7b12830dd9ede7347cc27b52f7ba9f01.udd" 4907
"C:/Users/Librake/AppData/Local/UnrealEngine/Common/DerivedDataCache/Buckets/LegacyTEXTURE/ff/b8/7b2ee72d3f73b46b699689b6b3ddddc446dd.udd" 4908
"C:/Users/Librake/AppData/Local/UnrealEngine/Common/DerivedDataCache/Buckets/LegacyTEXTURE/41/34/766165856758acfe668c8396608a1de38597.udd" 4909
"C:/Users/Librake/AppData/Local/UnrealEngine/Common/DerivedDataCache/Buckets/LegacyTEXTURE/2f/30/16fe8ec26f62cdbdaee853607507c4c7a38b.udd" 4910
"C:/Users/Librake/AppData/Local/UnrealEngine/Common/DerivedDataCache/Buckets/LegacyTEXTURE/4e/bc/169888623446045f7754e915e4b6fafacda0.udd" 4911
"C:/Users/Librake/AppData/Local/UnrealEngine/Common/DerivedDataCache/Buckets/LegacyTEXTURE/c5/87/fb3f1ad5acb0d035b4c3f8f7a4414a9ac922.udd" 4912
"C:/Users/Librake/AppData/Local/UnrealEngine/Common/DerivedDataCache/Buckets/LegacyTEXTURE/53/e8/5b105f6259607361166f58c0cad83d630d33.udd" 4913
"C:/Users/Librake/AppData/Local/UnrealEngine/Common/DerivedDataCache/Buckets/LegacyTEXTURE/61/8f/a45d6080966ef358704b905ac5d605167d41.udd" 4914
"C:/Users/Librake/AppData/Local/UnrealEngine/Common/DerivedDataCache/Buckets/LegacyTEXTURE/3e/21/1903b3e1c464480023e7ea837cdb859c4515.udd" 4915
"C:/Users/Librake/AppData/Local/UnrealEngine/Common/DerivedDataCache/Buckets/LegacyTEXTURE/2f/9d/5b67069553d46a48454e44d74da1e6115f41.udd" 4916
"C:/Users/Librake/AppData/Local/UnrealEngine/Common/DerivedDataCache/Buckets/LegacyTEXTURE/14/79/0e412f49fa15ac0f1456fb5d188b4623def9.udd" 4917
"C:/Users/Librake/AppData/Local/UnrealEngine/Common/DerivedDataCache/Buckets/LegacyTEXTURE/59/77/836e7b855f52a2b6f960e940d19a999ab9d3.udd" 4918
"C:/Users/Librake/AppData/Local/UnrealEngine/Common/DerivedDataCache/Buckets/LegacyTEXTURE/3e/f2/f23fec0e8f6f0f950a86c51c6dd931b5559f.udd" 4919
"C:/Users/Librake/AppData/Local/UnrealEngine/Common/DerivedDataCache/Buckets/LegacyTEXTURE/24/5e/b22887d3f55c6c46a25f04b58fab881a5583.udd" 4920
"../../../Engine/Content/ArtTools/RenderToTexture/Materials/M_RadiusDebugTranslucent.uasset" 4921
"C:/Users/Librake/AppData/Local/UnrealEngine/Common/DerivedDataCache/Buckets/LegacyTEXTURE/1f/94/ed066508e2699efb7fa780470ce123546bfc.udd" 4922
"C:/Users/Librake/AppData/Local/UnrealEngine/Common/DerivedDataCache/Buckets/LegacyTEXTURE/2f/f6/37b707e20ac8a4fdb5c04f890957ebf6f5dd.udd" 4923
"C:/Users/Librake/AppData/Local/UnrealEngine/Common/DerivedDataCache/Buckets/LegacyTEXTURE/56/75/a308a437d13331d24b5ed95573c7db1708d3.udd" 4924
"C:/Users/Librake/AppData/Local/UnrealEngine/Common/DerivedDataCache/Buckets/LegacyTEXTURE/70/42/874c28905c4bdd894fdb9fcd296f9bb6b916.udd" 4925
"C:/Users/Librake/AppData/Local/UnrealEngine/Common/DerivedDataCache/Buckets/LegacyTEXTURE/ac/1d/d9cb2cb90c7536f55f9bf33e53f13e4da889.udd" 4926
"C:/Users/Librake/AppData/Local/UnrealEngine/Common/DerivedDataCache/Buckets/LegacyTEXTURE/08/35/12859e69d8fb91e080ac86c3a3e3e9aa0ef1.udd" 4927
"C:/Users/Librake/AppData/Local/UnrealEngine/Common/DerivedDataCache/Buckets/LegacyTEXTURE/30/96/c1ddc79d1f9323b12102b8211fbe59f204f4.udd" 4928
"C:/Users/Librake/AppData/Local/UnrealEngine/Common/DerivedDataCache/Buckets/LegacyTEXTURE/4f/7c/d42587cf59e91ccc2120949a3c733e05cca9.udd" 4929
"C:/Users/Librake/AppData/Local/UnrealEngine/Common/DerivedDataCache/Buckets/LegacyTEXTURE/bc/5a/a551b289b042da801ff3ef2b2ad1464b94b8.udd" 4930
"C:/Users/Librake/AppData/Local/UnrealEngine/Common/DerivedDataCache/Buckets/LegacyTEXTURE/fe/fb/55921f56cc3e495e5d13a41112d20dbdbe46.udd" 4931
"C:/Users/Librake/AppData/Local/UnrealEngine/Common/DerivedDataCache/Buckets/LegacyTEXTURE/ab/03/e739defb5c011a38021d34a5f60f8f8c01a2.udd" 4932
"C:/Users/Librake/AppData/Local/UnrealEngine/Common/DerivedDataCache/Buckets/LegacyTEXTURE/52/17/3bbb42fdb5f848b6c4bb8ea333d719372908.udd" 4933
"C:/Users/Librake/AppData/Local/UnrealEngine/Common/DerivedDataCache/Buckets/LegacyTEXTURE/24/c0/f3019d47ed389e050b7cecc0bc67838d0924.udd" 4934
"C:/Users/Librake/AppData/Local/UnrealEngine/Common/DerivedDataCache/Buckets/LegacyTEXTURE/3d/96/ce279a6e61d9fcda0d4dd04839a397ab647f.udd" 4935
"C:/Users/Librake/AppData/Local/UnrealEngine/Common/DerivedDataCache/Buckets/LegacyTEXTURE/c2/57/a19154cf0e921bc4edc34c2389fd5403772f.udd" 4936
"C:/Users/Librake/AppData/Local/UnrealEngine/Common/DerivedDataCache/Buckets/LegacyTEXTURE/af/a0/4a8beff90ec9cedd7e61a9df5212bfd43d8e.udd" 4937
"C:/Users/Librake/AppData/Local/UnrealEngine/Common/DerivedDataCache/Buckets/LegacyTEXTURE/35/fb/d0af3edfb1ace00303d4c0071417f194bba3.udd" 4938
"C:/Users/Librake/AppData/Local/UnrealEngine/Common/DerivedDataCache/Buckets/LegacyTEXTURE/a7/d8/6ff23edd6546e30b27145cd23ef2af3256d9.udd" 4939
"C:/Users/Librake/AppData/Local/UnrealEngine/Common/DerivedDataCache/Buckets/LegacyTEXTURE/ff/b2/387b1f7eb3f541781f3d7f702252c3666b43.udd" 4940
"C:/Users/Librake/AppData/Local/UnrealEngine/Common/DerivedDataCache/Buckets/LegacyTEXTURE/ad/e5/688da905d85a66e3f6a1bda3c05a7b05765e.udd" 4941
"C:/Users/Librake/AppData/Local/UnrealEngine/Common/DerivedDataCache/Buckets/LegacyTEXTURE/e1/ba/d8c4076d2fdb6932eebaf1efbacfaa15a9a8.udd" 4942
"C:/Users/Librake/AppData/Local/UnrealEngine/Common/DerivedDataCache/Buckets/LegacyTEXTURE/c0/d2/ec7fdbcae81fd0eb960edb82c91a5669460e.udd" 4943
"C:/Users/Librake/AppData/Local/UnrealEngine/Common/DerivedDataCache/Buckets/LegacyTEXTURE/de/03/6fd6eb9ae571a6bc1a0a657fdc9151089757.udd" 4944
"C:/Users/Librake/AppData/Local/UnrealEngine/Common/DerivedDataCache/Buckets/LegacyTEXTURE/71/f5/8b7e8caa698b98eb66a7e1e972717024b7fe.udd" 4945
"C:/Users/Librake/AppData/Local/UnrealEngine/Common/DerivedDataCache/Buckets/LegacyTEXTURE/1e/34/0b8309faab814295cd87fe09d607eb676f32.udd" 4946
"C:/Users/Librake/AppData/Local/UnrealEngine/Common/DerivedDataCache/Buckets/LegacyTEXTURE/bd/09/c83a085d40d10224fee480f8ed61f7a9b71c.udd" 4947
"C:/Users/Librake/AppData/Local/UnrealEngine/Common/DerivedDataCache/Buckets/LegacyTEXTURE/e9/24/f3262d86bab5834c1a1afaab2503fc4e7272.udd" 4948
"C:/Users/Librake/AppData/Local/UnrealEngine/Common/DerivedDataCache/Buckets/LegacyTEXTURE/bd/f1/7580364844dde8028c5571fe4681dfca2219.udd" 4949
"C:/Users/Librake/AppData/Local/UnrealEngine/Common/DerivedDataCache/Buckets/LegacyTEXTURE/3e/0f/75eda33d2738d5e47ad85e6a7c2496203137.udd" 4950
"C:/Users/Librake/AppData/Local/UnrealEngine/Common/DerivedDataCache/Buckets/LegacyTEXTURE/d3/55/0795b85cd3a17b495ce6ab5ce23bc8cffc0c.udd" 4951
"C:/Users/Librake/AppData/Local/UnrealEngine/Common/DerivedDataCache/Buckets/LegacyTEXTURE/de/a5/cd3b8c8115c94260977558f654099c3d91c8.udd" 4952
"C:/Users/Librake/AppData/Local/UnrealEngine/Common/DerivedDataCache/Buckets/LegacyTEXTURE/3e/7d/3b9f7bbb07f9f4b59dc2f9d193b051c96eb6.udd" 4953
"C:/Users/Librake/AppData/Local/UnrealEngine/Common/DerivedDataCache/Buckets/LegacyTEXTURE/43/dc/fe97bcde4249b66a79f4330c00b25aefb515.udd" 4954
"C:/Users/Librake/AppData/Local/UnrealEngine/Common/DerivedDataCache/Buckets/LegacyTEXTURE/e2/fc/5c7638878dbc3262628ce68d63c03cab5216.udd" 4955
"F:/Unreal Projects/DDay_bp/Content/Blueprints/Vehicles/Components/Entrace_Mode.uasset" 4956
"C:/Users/Librake/AppData/Local/UnrealEngine/Common/DerivedDataCache/Buckets/LegacyTEXTURE/f7/80/87d8e60ff0d455135b3907e7106a3ced9bba.udd" 4957
"C:/Users/Librake/AppData/Local/UnrealEngine/Common/DerivedDataCache/Buckets/LegacyTEXTURE/ef/80/f671435cf7fa26c2e7d389e557ce4eda398c.udd" 4958
"C:/Users/Librake/AppData/Local/UnrealEngine/Common/DerivedDataCache/Buckets/LegacyTEXTURE/4c/03/b0919f156cfa402a17cb0e3b421b92fc9092.udd" 4959
"C:/Users/Librake/AppData/Local/UnrealEngine/Common/DerivedDataCache/Buckets/LegacyTEXTURE/7d/01/39cb3e96e83b676600391f80e56d4f67fbc5.udd" 4960
"C:/Users/Librake/AppData/Local/UnrealEngine/Common/DerivedDataCache/Buckets/LegacyTEXTURE/4a/d8/8aae260965ca9ba3734235472653d8ff3422.udd" 4961
"C:/Users/Librake/AppData/Local/UnrealEngine/Common/DerivedDataCache/Buckets/LegacyTEXTURE/53/c9/6a25d4e1f434c355b78e6ccd53b60bdee4e9.udd" 4962
"C:/Users/Librake/AppData/Local/UnrealEngine/Common/DerivedDataCache/Buckets/LegacyTEXTURE/d3/e1/c1638ac1aaadfa7aa9b77e8374f0706e8269.udd" 4963
"C:/Users/Librake/AppData/Local/UnrealEngine/Common/DerivedDataCache/Buckets/LegacyTEXTURE/a9/8c/a794766d29e056994728e75508f1b70a01dc.udd" 4964
"C:/Users/Librake/AppData/Local/UnrealEngine/Common/DerivedDataCache/Buckets/LegacyTEXTURE/13/f0/394922d0054c11a4a17031d0eb11af12c12b.udd" 4965
"C:/Users/Librake/AppData/Local/UnrealEngine/Common/DerivedDataCache/Buckets/LegacyTEXTURE/a0/3d/e8c33ec78447e9f9a9acbfc0c597e15764c6.udd" 4966
"C:/Users/Librake/AppData/Local/UnrealEngine/Common/DerivedDataCache/Buckets/LegacyTEXTURE/a0/9c/967e5f914ad67d596eb005d6487a87a818e9.udd" 4967
"C:/Users/Librake/AppData/Local/UnrealEngine/Common/DerivedDataCache/Buckets/LegacyTEXTURE/ec/9e/5c3de4da0289b219c3c7093ad8b634877b98.udd" 4968
"C:/Users/Librake/AppData/Local/UnrealEngine/Common/DerivedDataCache/Buckets/LegacyTEXTURE/51/0f/5bbd2d248a92518bf93792b74fef328bd1ea.udd" 4969
"C:/Users/Librake/AppData/Local/UnrealEngine/Common/DerivedDataCache/Buckets/LegacyTEXTURE/a1/17/17256a758b9a48010a0f0d73ff14128e5d9e.udd" 4970
"C:/Users/Librake/AppData/Local/UnrealEngine/Common/DerivedDataCache/Buckets/LegacyTEXTURE/98/05/1c2eb8cd87a24e3e285b59fee8e65d1a85cb.udd" 4971
"C:/Users/Librake/AppData/Local/UnrealEngine/Common/DerivedDataCache/Buckets/LegacyTEXTURE/ba/46/e35ee5acf7124451902b001e299d928c6fb0.udd" 4972
"C:/Users/Librake/AppData/Local/UnrealEngine/Common/DerivedDataCache/Buckets/LegacyTEXTURE/16/37/16e38489bd9de7b44a9ce0e0f187e575508c.udd" 4973
"F:/Unreal Projects/DDay_bp/Content/Sounds/forest_fon.uasset" 4974
"F:/Unreal Projects/DDay_bp/Content/Sounds/cannon_sound.uasset" 4975
"C:/Users/Librake/AppData/Local/UnrealEngine/Common/DerivedDataCache/Buckets/BulkDataList/1a/1b/3f504b7b603e58ce126f69acdb73addb05f4.udd" 4976
"C:/Users/Librake/AppData/Local/UnrealEngine/Common/DerivedDataCache/Buckets/BulkDataList/10/ed/c7c6215e67d685df86caa6761408a3c072bf.udd" 4977
"C:/Users/Librake/AppData/Local/UnrealEngine/Common/DerivedDataCache/Buckets/BulkDataList/b3/8b/3a963d9f34f292e6b4ec06f08c27a138ff9a.udd" 4978
"F:/Unreal Projects/DDay_bp/Content/Sounds/Main_menu_sound.uasset" 4979
"C:/Users/Librake/AppData/Local/UnrealEngine/Common/DerivedDataCache/Buckets/BulkDataList/48/48/e6a44f4996ff1f91bc95507718cb61363a26.udd" 4980
"F:/Unreal Projects/DDay_bp/Content/Movies/Video/Cinematic_Video.uasset" 4981
"F:/Unreal Projects/DDay_bp/Content/UI/Widgets/Menu/Skipable.uasset" 4982
"F:/Unreal Projects/DDay_bp/Content/Sounds/Button_Effects/button_sound_paper.uasset" 4983
"C:/Users/Librake/AppData/Local/UnrealEngine/Common/DerivedDataCache/Buckets/BulkDataList/04/2d/56530ba2125fe22f7a7bd76f42e94647a94a.udd" 4984
"F:/Unreal Projects/DDay_bp/Content/Sounds/Button_Effects/button_sound_paper_short.uasset" 4985
"C:/Users/Librake/AppData/Local/UnrealEngine/Common/DerivedDataCache/Buckets/BulkDataList/a3/3f/534ced772bc50b1c2a34764e19f3eb084b70.udd" 4986
"F:/Unreal Projects/DDay_bp/Content/UI/Resurses/Level_choose/back_button_Choose_level.uasset" 4987
"F:/Unreal Projects/DDay_bp/Content/UI/Resurses/Level_choose/Next_button_Choose_level.uasset" 4988
"F:/Unreal Projects/DDay_bp/Content/UI/Resurses/Level_choose/Choose_level_background.uasset" 4989
"F:/Unreal Projects/DDay_bp/Content/UI/Resurses/Level_choose/settings_button_Choose_level.uasset" 4990
"F:/Unreal Projects/DDay_bp/Content/UI/Widgets/Menu/empty_level_button.uasset" 4991
"F:/Unreal Projects/DDay_bp/Content/UI/Resurses/main_menu/exit_button_main_screen.uasset" 4992
"C:/Users/Librake/AppData/Local/UnrealEngine/Common/DerivedDataCache/Buckets/LegacyTEXTURE/63/9a/df53a368e7a517c38c02c36174f3e4593bef.udd" 4993
"C:/Users/Librake/AppData/Local/UnrealEngine/Common/DerivedDataCache/Buckets/LegacyTEXTURE/5a/96/43185a5833c1a395bae4170ba2e02b88d94c.udd" 4994
"C:/Users/Librake/AppData/Local/UnrealEngine/Common/DerivedDataCache/Buckets/LegacyTEXTURE/b8/21/c692c2f9c90776a9b402e608c22414e8faf2.udd" 4995
"C:/Users/Librake/AppData/Local/UnrealEngine/Common/DerivedDataCache/Buckets/LegacyTEXTURE/b7/02/24e16c9190032e5a07fa590d6d96398ddda8.udd" 4996
"C:/Users/Librake/AppData/Local/UnrealEngine/Common/DerivedDataCache/Buckets/LegacyTEXTURE/ee/58/c1615e0756fee7ed9602f337cd794bef9383.udd" 4997
"C:/Users/Librake/AppData/Local/UnrealEngine/Common/DerivedDataCache/Buckets/LegacyTEXTURE/42/fe/102b207f3174c59be53f1bc97b02b5bd60e6.udd" 4998
"C:/Users/Librake/AppData/Local/UnrealEngine/Common/DerivedDataCache/Buckets/LegacyTEXTURE/01/6f/f999fc061782818b589350a8ee983edd9fe9.udd" 4999
"C:/Users/Librake/AppData/Local/UnrealEngine/Common/DerivedDataCache/Buckets/LegacyTEXTURE/40/4b/84e08a9aba9032bd28d4a6d4906cb2881bfa.udd" 5000
"C:/Users/Librake/AppData/Local/UnrealEngine/Common/DerivedDataCache/Buckets/LegacyTEXTURE/f9/82/6269415a2da35d5a8613792b56831766d89c.udd" 5001
"C:/Users/Librake/AppData/Local/UnrealEngine/Common/DerivedDataCache/Buckets/LegacyTEXTURE/d3/5d/d44944b430e2c423ca1a08e60882b846ce0c.udd" 5002
"C:/Users/Librake/AppData/Local/UnrealEngine/Common/DerivedDataCache/Buckets/LegacyTEXTURE/25/3c/1f66eea669956ede4652708117da9973e7bf.udd" 5003
"C:/Users/Librake/AppData/Local/UnrealEngine/Common/DerivedDataCache/Buckets/LegacyTEXTURE/65/9c/8414c7cd8f9e13f63d95b8f98977a85820fc.udd" 5004
"C:/Users/Librake/AppData/Local/UnrealEngine/Common/DerivedDataCache/Buckets/LegacyTEXTURE/ff/d6/34fceb925d2bc1a403f23016ee90b8af04fa.udd" 5005
"C:/Users/Librake/AppData/Local/UnrealEngine/Common/DerivedDataCache/Buckets/LegacyTEXTURE/de/d7/6bdcd333c6d18026408e70bd145707716919.udd" 5006
"C:/Users/Librake/AppData/Local/UnrealEngine/Common/DerivedDataCache/Buckets/LegacyTEXTURE/a2/a3/192bb347f6a0f28c1cd5ee7fb4c96b340ada.udd" 5007
"C:/Users/Librake/AppData/Local/UnrealEngine/Common/DerivedDataCache/Buckets/LegacyTEXTURE/57/f7/76f576f61524b37d3d0159be19bc4b3b1bf5.udd" 5008
"C:/Users/Librake/AppData/Local/UnrealEngine/Common/DerivedDataCache/Buckets/LegacyTEXTURE/b7/dc/11957b78ec30c583c7d08518c45545c0f241.udd" 5009
"C:/Users/Librake/AppData/Local/UnrealEngine/Common/DerivedDataCache/Buckets/LegacyTEXTURE/81/bc/88e7e743c3df78f688c63f27a5766e585066.udd" 5010
"C:/Users/Librake/AppData/Local/UnrealEngine/Common/DerivedDataCache/Buckets/LegacyTEXTURE/64/83/e4e55f363791e7d35a9edb7924c06a7c862e.udd" 5011
"C:/Users/Librake/AppData/Local/UnrealEngine/Common/DerivedDataCache/Buckets/LegacyTEXTURE/6b/e2/cc2b192c82127b31f6e00e719bfc551c8dee.udd" 5012
"C:/Users/Librake/AppData/Local/UnrealEngine/Common/DerivedDataCache/Buckets/LegacyTEXTURE/92/cf/3fd843dd282410767203d48ceab5a7bd589b.udd" 5013
"C:/Users/Librake/AppData/Local/UnrealEngine/Common/DerivedDataCache/Buckets/LegacyTEXTURE/33/c3/fca5d32f45c8da493b0ab9e26294768fad9c.udd" 5014
"C:/Users/Librake/AppData/Local/UnrealEngine/Common/DerivedDataCache/Buckets/LegacyTEXTURE/69/15/9077e07faff1c95e8047ef7f5e9626dd077d.udd" 5015
"C:/Users/Librake/AppData/Local/UnrealEngine/Common/DerivedDataCache/Buckets/LegacyTEXTURE/e5/1d/2a55a9716285378d99cc3b47d5d81fdab342.udd" 5016
"C:/Users/Librake/AppData/Local/UnrealEngine/Common/DerivedDataCache/Buckets/LegacyTEXTURE/a4/33/3f5eb2f11efa87d5619a3d0fc916c5d8ec48.udd" 5017
"C:/Users/Librake/AppData/Local/UnrealEngine/Common/DerivedDataCache/Buckets/LegacyTEXTURE/0d/de/c917064e2179dccfd973e52a82a442d9db54.udd" 5018
"C:/Users/Librake/AppData/Local/UnrealEngine/Common/DerivedDataCache/Buckets/LegacyTEXTURE/67/f9/bb8202382233a23a25767b7ea65b68094012.udd" 5019
"C:/Users/Librake/AppData/Local/UnrealEngine/Common/DerivedDataCache/Buckets/LegacyTEXTURE/2c/96/53e124a2f2fa3c3bd2a60870c9425c592bf9.udd" 5020
"C:/Users/Librake/AppData/Local/UnrealEngine/Common/DerivedDataCache/Buckets/LegacyTEXTURE/da/99/145fc79e337b6bc4e25f3428bc5269f28096.udd" 5021
"C:/Users/Librake/AppData/Local/UnrealEngine/Common/DerivedDataCache/Buckets/LegacyTEXTURE/75/1e/d23e4f4bd0268287f25f6b4bf691922e288c.udd" 5022
"F:/Unreal Projects/DDay_bp/Content/Data/curves/move_aim/Aim_Curve_Speed_l.uasset" 5023
"F:/Unreal Projects/DDay_bp/Content/Data/curves/zoom_aim/Aim_Curve_Speed.uasset" 5024
"F:/Unreal Projects/DDay_bp/Content/UI/Resurses/main_menu/only_main_menu.uasset" 5025
"F:/Unreal Projects/DDay_bp/Content/UI/Resurses/aim/aim1.uasset" 5026
"F:/Unreal Projects/DDay_bp/Content/Blueprints/Chars/Components/Aim_Dead_Zone.uasset" 5027
"F:/Unreal Projects/DDay_bp/Content/Data/curves/move_aim/Aim_Curve_Horisontal_l.uasset" 5028
"C:/Users/Librake/AppData/Local/UnrealEngine/Common/DerivedDataCache/Buckets/BulkDataList/77/45/45f63bb21b24ddc0a287c630d80d958af959.udd" 5029
"F:/Unreal Projects/DDay_bp/Content/Data/curves/move_aim/Aim_vertical_L.uasset" 5030
"F:/Unreal Projects/DDay_bp/Content/UI/Resurses/main_menu/PLAY_BUTTON.uasset" 5031
"F:/Unreal Projects/DDay_bp/Content/Data/curves/zoom_aim/Aim_Curve_Horisontal.uasset" 5032
"F:/Unreal Projects/DDay_bp/Content/Data/curves/zoom_aim/Aim_Curve_Vertical.uasset" 5033
"F:/Unreal Projects/DDay_bp/Content/Default/Input/Actions/IA_SetDestination_Click.uasset" 5034
"F:/Unreal Projects/DDay_bp/Content/UI/Widgets/Aim/aim_line.uasset" 5035
"F:/Unreal Projects/DDay_bp/Content/Data/structs/Lvl_Voices.uasset" 5036
"F:/Unreal Projects/DDay_bp/Content/UI/Resurses/dialog_UI/dialog_background_base.uasset" 5037
"F:/Unreal Projects/DDay_bp/Content/UI/Resurses/dialog_UI/dialog_background_negative.uasset" 5038
"F:/Unreal Projects/DDay_bp/Content/UI/Resurses/dialog_UI/dialog_background_positive.uasset" 5039
"F:/Unreal Projects/DDay_bp/Content/UI/Resurses/dialog_UI/interface_officer.uasset" 5040
"F:/Unreal Projects/DDay_bp/Content/Data/enums/Noun_Plurality.uasset" 5041
"F:/Unreal Projects/DDay_bp/Content/Data/enums/Clone_Live_Status.uasset" 5042
"C:/Users/Librake/AppData/Local/UnrealEngine/Common/DerivedDataCache/Buckets/BulkDataList/3a/ba/31236c31704eb12f578256d458a148dd1db5.udd" 5043
"F:/Unreal Projects/DDay_bp/Content/3D/main_guy/Main1/gun/tommy_gun_PhysicsAsset.uasset" 5044
"C:/Users/Librake/AppData/Local/UnrealEngine/Common/DerivedDataCache/Buckets/BulkDataList/dd/fc/3f36ddbcd82c3abe4487bc11ce5081679fb5.udd" 5045
"F:/Unreal Projects/DDay_bp/Content/3D/main_guy/Main1/gun/tommy_gun_Skeleton.uasset" 5046
"C:/Users/Librake/AppData/Local/UnrealEngine/Common/DerivedDataCache/Buckets/BulkDataList/03/f1/5e66a3816a82e11bc43e0291a073b7066c98.udd" 5047
"../../../Engine/Content/EngineMaterials/PhysMat_Metal.uasset" 5048
"F:/Unreal Projects/DDay_bp/Content/other/Phys_materials/WoodPhysicalMaterial.uasset" 5049
"F:/Unreal Projects/DDay_bp/Content/other/Phys_materials/Cartridge_Material.uasset" 5050
"C:/Users/Librake/AppData/Local/UnrealEngine/Common/DerivedDataCache/Buckets/BulkDataList/8b/d9/e14a0333482f0cef4f3a3cfe59b7a6ca2efa.udd" 5051
"C:/Users/Librake/AppData/Local/UnrealEngine/Common/DerivedDataCache/Buckets/LegacyAudio/41/e1/ff7879f25aec169e1befa766fccc55ef8274.udd" 5052
"F:/Unreal Projects/DDay_bp/Content/Sounds/one_shot_tommy.uasset" 5053
"C:/Users/Librake/AppData/Local/UnrealEngine/Common/DerivedDataCache/Buckets/BulkDataList/3b/ca/54cf66a986276f204e727eb7303834cce236.udd" 5054
"C:/Users/Librake/AppData/Local/UnrealEngine/Common/DerivedDataCache/Buckets/LegacyAudio/f6/62/808e729506a595fdf6d51832168d4f16eaca.udd" 5055
"F:/Unreal Projects/DDay_bp/Content/3D/main_guy/Main1/main_Man_lp_PhysicsAsset.uasset" 5056
"C:/Users/Librake/AppData/Local/UnrealEngine/Common/DerivedDataCache/Buckets/BulkDataList/71/fb/2d3093ab62ab87425a5041116a7d9363ac46.udd" 5057
"F:/Unreal Projects/DDay_bp/Content/3D/main_guy/Main1/main_Man_lp_Skeleton.uasset" 5058
"C:/Users/Librake/AppData/Local/UnrealEngine/Common/DerivedDataCache/Buckets/BulkDataList/01/06/d80a0a2e0b6528242ff2cb3df497485443ff.udd" 5059
"F:/Unreal Projects/DDay_bp/Content/Anim/Move_anim/Move_anim_Skeleton.uasset" 5060
"C:/Users/Librake/AppData/Local/UnrealEngine/Common/DerivedDataCache/Buckets/BulkDataList/d9/1a/dcb3c17e37b1e4037fa4f0767a1427974eaf.udd" 5061
"F:/Unreal Projects/DDay_bp/Content/Blueprints/Arms/Recoil_Curves/autogun_recoil.uasset" 5062
"C:/Users/Librake/AppData/Local/UnrealEngine/Common/DerivedDataCache/Buckets/BulkDataList/c5/0b/ea0a9f1a433835924f9ba289acf5618fa5ca.udd" 5063
"F:/Unreal Projects/DDay_bp/Content/Data/enums/Way_Block_Reason.uasset" 5064
"F:/Unreal Projects/DDay_bp/Content/UI/Resurses/Indicator/Indicator1-aa__2_.uasset" 5065
"C:/Users/Librake/AppData/Local/UnrealEngine/Common/DerivedDataCache/Buckets/BulkDataList/74/25/8b1eafcb488e33d3d72d2026f5fe3e07f3e2.udd" 5066
"F:/Unreal Projects/DDay_bp/Content/3D/main_guy/Main2/Main_rifle_lp_bone_down_PhysicsAsset.uasset" 5067
"C:/Users/Librake/AppData/Local/UnrealEngine/Common/DerivedDataCache/Buckets/BulkDataList/a3/1a/b511b546f1fd6bdb5c78db8d6da1f906ed8b.udd" 5068
"C:/Users/Librake/AppData/Local/UnrealEngine/Common/DerivedDataCache/Buckets/LegacyAudio/8b/37/f37dd12d83a239cbfed77b6a963c4429c360.udd" 5069
"C:/Users/Librake/AppData/Local/UnrealEngine/Common/DerivedDataCache/Buckets/LegacyAudio/8e/03/6600303ec0dfea6e2abbc1f32fd61a0afcf4.udd" 5070
"C:/Users/Librake/AppData/Local/UnrealEngine/Common/DerivedDataCache/Buckets/LegacySTREAMEDAUDIO/fe/64/b9dac2d82393ba09debe6c6c0fd7fb37c3dc.udd" 5071
"C:/Users/Librake/AppData/Local/UnrealEngine/Common/DerivedDataCache/Content/31/43/7b56cc8efcd89c46fa880347948bb099176a.udd" 5072
"C:/Users/Librake/AppData/Local/UnrealEngine/Common/DerivedDataCache/Buckets/LegacySTREAMEDAUDIO/7a/61/fa593431f45d74a74523ea2fa6c13af5844d.udd" 5073
"C:/Users/Librake/AppData/Local/UnrealEngine/Common/DerivedDataCache/Buckets/LegacySTREAMEDAUDIO/0f/85/bd6502cc61e88ce7cc5aee9453872fab3826.udd" 5074
"C:/Users/Librake/AppData/Local/UnrealEngine/Common/DerivedDataCache/Buckets/LegacySTREAMEDAUDIO/af/fb/d79a8ab4238831270a6157dac4e6a38c64f5.udd" 5075
"C:/Users/Librake/AppData/Local/UnrealEngine/Common/DerivedDataCache/Buckets/LegacySTREAMEDAUDIO/c0/b5/b29264c0ea6a16178329ebe4df6b155f6ded.udd" 5076
"C:/Users/Librake/AppData/Local/UnrealEngine/Common/DerivedDataCache/Buckets/LegacySTREAMEDAUDIO/33/66/d55327856d78406873ae58d1e21864d3ed4a.udd" 5077
"C:/Users/Librake/AppData/Local/UnrealEngine/Common/DerivedDataCache/Buckets/LegacySTREAMEDAUDIO/a8/1c/f5328c451a35726666faa5f8b0a2894c693f.udd" 5078
"C:/Users/Librake/AppData/Local/UnrealEngine/Common/DerivedDataCache/Buckets/LegacySTREAMEDAUDIO/4b/a1/5b72a5bc02aa9337af7436bdf5f00a6d1c39.udd" 5079
"C:/Users/Librake/AppData/Local/UnrealEngine/Common/DerivedDataCache/Buckets/LegacySTREAMEDAUDIO/89/6e/87653fa3260e3a75080c083849f5a6adb811.udd" 5080
"C:/Users/Librake/AppData/Local/UnrealEngine/Common/DerivedDataCache/Buckets/LegacySTREAMEDAUDIO/7d/08/b728641b93e52f1f8872d1ba0c4d707958ac.udd" 5081
"C:/Users/Librake/AppData/Local/UnrealEngine/Common/DerivedDataCache/Buckets/LegacySTREAMEDAUDIO/07/09/4d45b6ea5bc94020b5b65112604bd249dc0b.udd" 5082
"C:/Users/Librake/AppData/Local/UnrealEngine/Common/DerivedDataCache/Buckets/LegacySTREAMEDAUDIO/4f/9b/7550bc7809b56dfad9e0f0f13d7fae7248d3.udd" 5083
"C:/Users/Librake/AppData/Local/UnrealEngine/Common/DerivedDataCache/Buckets/LegacySTREAMEDAUDIO/9b/cf/eac9168f3c1d9594f170fa33887b23f3d5a2.udd" 5084
"C:/Users/Librake/AppData/Local/UnrealEngine/Common/DerivedDataCache/Buckets/LegacySTREAMEDAUDIO/87/00/ca3c4e879793a29ac638c4ac639db2349f7c.udd" 5085
"C:/Users/Librake/AppData/Local/UnrealEngine/Common/DerivedDataCache/Buckets/LegacySTREAMEDAUDIO/84/b1/0ee3c0f3720aa4222cfc79e2fadefc01899f.udd" 5086
"C:/Users/Librake/AppData/Local/UnrealEngine/Common/DerivedDataCache/Buckets/LegacySTREAMEDAUDIO/93/13/214982ada7181b2f4e2f638a37438a0dd5d2.udd" 5087
"C:/Users/Librake/AppData/Local/UnrealEngine/Common/DerivedDataCache/Buckets/LegacySTREAMEDAUDIO/54/97/5510b6cf9e3d5410e6b37b5c580f51694b9a.udd" 5088
"C:/Users/Librake/AppData/Local/UnrealEngine/Common/DerivedDataCache/Buckets/LegacySTREAMEDAUDIO/4a/82/787e9600eee23345c780d2f13162861eb64a.udd" 5089
"C:/Users/Librake/AppData/Local/UnrealEngine/Common/DerivedDataCache/Buckets/LegacySTREAMEDAUDIO/ff/03/b56bb56b2a508bdfb2961135227b7e2c1a62.udd" 5090
"C:/Users/Librake/AppData/Local/UnrealEngine/Common/DerivedDataCache/Buckets/LegacySTREAMEDAUDIO/0b/e4/b7d5aeb97efd3596fc309b32767351f6580c.udd" 5091
"C:/Users/Librake/AppData/Local/UnrealEngine/Common/DerivedDataCache/Buckets/LegacySTREAMEDAUDIO/d2/c7/a403de23f70c8d29685d12962ea506249d44.udd" 5092
"C:/Users/Librake/AppData/Local/UnrealEngine/Common/DerivedDataCache/Buckets/LegacySTREAMEDAUDIO/5d/5e/1417452f39a8ca601cecdd4576502d584e82.udd" 5093
"C:/Users/Librake/AppData/Local/UnrealEngine/Common/DerivedDataCache/Buckets/LegacyAudio/f3/28/4f670f76406a7c2f9e702616cb1b4e375c7e.udd" 5094
"C:/Users/Librake/AppData/Local/UnrealEngine/Common/DerivedDataCache/Buckets/LegacySTREAMEDAUDIO/28/72/aa5320f337dd3a662662f4fca4b5a98f2559.udd" 5095
"C:/Users/Librake/AppData/Local/UnrealEngine/Common/DerivedDataCache/Buckets/LegacySTREAMEDAUDIO/87/cd/e3a019d844353b95fdf4946c76ad99544069.udd" 5096
"C:/Users/Librake/AppData/Local/UnrealEngine/Common/DerivedDataCache/Buckets/LegacySTREAMEDAUDIO/99/f2/78c21723a8a40de2ef814c4cf855c5af39e0.udd" 5097
"C:/Users/Librake/AppData/Local/UnrealEngine/Common/DerivedDataCache/Buckets/LegacySTREAMEDAUDIO/6e/77/7e95df1fc301e524c65737c7f650a86656ca.udd" 5098
"C:/Users/Librake/AppData/Local/UnrealEngine/Common/DerivedDataCache/Buckets/LegacySTREAMEDAUDIO/c9/97/185f3c8a24797e87ab49ee24ded7d8ff95fb.udd" 5099
"C:/Users/Librake/AppData/Local/UnrealEngine/Common/DerivedDataCache/Buckets/LegacySTREAMEDAUDIO/79/12/e5c4aa0c930eb5bdd0fa5fcc1daa4361fe28.udd" 5100
"C:/Users/Librake/AppData/Local/UnrealEngine/Common/DerivedDataCache/Buckets/LegacySTREAMEDAUDIO/6f/9f/b84e2ecc098d12a7ac5ad7753600cf783590.udd" 5101
"C:/Users/Librake/AppData/Local/UnrealEngine/Common/DerivedDataCache/Buckets/LegacySTREAMEDAUDIO/0e/fa/2c32fd9a07a5aee305512c1a076398cf2432.udd" 5102
"C:/Users/Librake/AppData/Local/UnrealEngine/Common/DerivedDataCache/Buckets/LegacySTREAMEDAUDIO/4f/ab/bc3444e99c521b80cd0e9c55bfdeb1f73c1a.udd" 5103
"C:/Users/Librake/AppData/Local/UnrealEngine/Common/DerivedDataCache/Buckets/LegacySTREAMEDAUDIO/48/9f/db70c722008932c3f780b66804273c4ac708.udd" 5104
"C:/Users/Librake/AppData/Local/UnrealEngine/Common/DerivedDataCache/Buckets/LegacySTREAMEDAUDIO/90/df/24cc97178cafd8bd822e478fea4d0ff6717e.udd" 5105
"C:/Users/Librake/AppData/Local/UnrealEngine/Common/DerivedDataCache/Buckets/LegacySTREAMEDAUDIO/3a/7f/43575f9eb64968bbeb151aeca2fcd5cd1a88.udd" 5106
"C:/Users/Librake/AppData/Local/UnrealEngine/Common/DerivedDataCache/Buckets/LegacySTREAMEDAUDIO/3b/7c/1333d5291041c669ef925d896edb8b05420b.udd" 5107
"C:/Users/Librake/AppData/Local/UnrealEngine/Common/DerivedDataCache/Buckets/LegacySTREAMEDAUDIO/2f/7d/3e0e8c418c3938d06f631a3235273ba2ed01.udd" 5108
"C:/Users/Librake/AppData/Local/UnrealEngine/Common/DerivedDataCache/Buckets/LegacySTREAMEDAUDIO/5f/71/910eac34e3d450d31007ae2acd74b6e2e505.udd" 5109
"C:/Users/Librake/AppData/Local/UnrealEngine/Common/DerivedDataCache/Buckets/LegacySTREAMEDAUDIO/9e/51/fa25f06a2aa4e7d6e06b978539a7a9f61d33.udd" 5110
"C:/Users/Librake/AppData/Local/UnrealEngine/Common/DerivedDataCache/Buckets/LegacySTREAMEDAUDIO/48/ea/8cb95ae164364b884ee323ae46889d16d6e0.udd" 5111
"C:/Users/Librake/AppData/Local/UnrealEngine/Common/DerivedDataCache/Buckets/LegacySTREAMEDAUDIO/10/b9/adf19c6d1813fa2dcae2fcc5081f9043d33d.udd" 5112
"C:/Users/Librake/AppData/Local/UnrealEngine/Common/DerivedDataCache/Buckets/LegacySTREAMEDAUDIO/de/7e/00753d70811f446e67b3371ff49bdfd3f6c8.udd" 5113
"C:/Users/Librake/AppData/Local/UnrealEngine/Common/DerivedDataCache/Buckets/LegacySTREAMEDAUDIO/b2/ab/298a6b802a4eb7f8dffa7ce5307e4b030f14.udd" 5114
"C:/Users/Librake/AppData/Local/UnrealEngine/Common/DerivedDataCache/Buckets/LegacySTREAMEDAUDIO/bf/e9/d1dec891a7fb0b64822681d9b695c7aa0224.udd" 5115
"C:/Users/Librake/AppData/Local/UnrealEngine/Common/DerivedDataCache/Buckets/LegacySTREAMEDAUDIO/1c/0e/86d2165cdf0ee68be88fc783024f647c27f9.udd" 5116
"C:/Users/Librake/AppData/Local/UnrealEngine/Common/DerivedDataCache/Buckets/LegacySTREAMEDAUDIO/43/d7/e19ee1ad5ff07d3418dd1cc003154fdf9e20.udd" 5117
"C:/Users/Librake/AppData/Local/UnrealEngine/Common/DerivedDataCache/Buckets/LegacySTREAMEDAUDIO/da/a5/32e8296a6704a31e219cca55ac6a58a7f710.udd" 5118
"C:/Users/Librake/AppData/Local/UnrealEngine/Common/DerivedDataCache/Buckets/LegacySTREAMEDAUDIO/b1/6b/68128dea924a82e1e9a8932e0183dae60185.udd" 5119
"C:/Users/Librake/AppData/Local/UnrealEngine/Common/DerivedDataCache/Buckets/LegacySTREAMEDAUDIO/58/8c/1ebcd0f24d6f2b5f49e09e10d31ad1234378.udd" 5120
"C:/Users/Librake/AppData/Local/UnrealEngine/Common/DerivedDataCache/Buckets/LegacySTREAMEDAUDIO/6d/df/06cf0fda2ade062a2f45b82b9441b2e1a2eb.udd" 5121
"C:/Users/Librake/AppData/Local/UnrealEngine/Common/DerivedDataCache/Buckets/LegacySTREAMEDAUDIO/09/0c/a395f759c437260728336a07b2491b3d5b3d.udd" 5122
"C:/Users/Librake/AppData/Local/UnrealEngine/Common/DerivedDataCache/Buckets/LegacySTREAMEDAUDIO/9a/1a/11cf85fae0d81c8ae57920fdf7402bb04e75.udd" 5123
"C:/Users/Librake/AppData/Local/UnrealEngine/Common/DerivedDataCache/Buckets/LegacySTREAMEDAUDIO/86/4f/b6f21dee3bb87512b117472ac575854813da.udd" 5124
"C:/Users/Librake/AppData/Local/UnrealEngine/Common/DerivedDataCache/Buckets/LegacySTREAMEDAUDIO/79/c7/58c39d6f3867f1a0b3b50e2ace99c4cb426e.udd" 5125
"C:/Users/Librake/AppData/Local/UnrealEngine/Common/DerivedDataCache/Buckets/LegacySTREAMEDAUDIO/0d/54/5a61e788f43679af9e5aea1c72ea5e079584.udd" 5126
"C:/Users/Librake/AppData/Local/UnrealEngine/Common/DerivedDataCache/Buckets/LegacySTREAMEDAUDIO/04/96/ef4598feb2c7888d28fbfddfe98b85d6d2f3.udd" 5127
"C:/Users/Librake/AppData/Local/UnrealEngine/Common/DerivedDataCache/Buckets/LegacySTREAMEDAUDIO/4a/d6/74d8f80226909feba2ee5a95fdb5f9db54ed.udd" 5128
"C:/Users/Librake/AppData/Local/UnrealEngine/Common/DerivedDataCache/Buckets/LegacySTREAMEDAUDIO/0c/eb/9f8d81f099ce2b586a9ff33b3f3dbacdf2a3.udd" 5129
"C:/Users/Librake/AppData/Local/UnrealEngine/Common/DerivedDataCache/Buckets/LegacySTREAMEDAUDIO/6c/53/5c0b422a3261f4db3e69db86e012c2eea110.udd" 5130
"C:/Users/Librake/AppData/Local/UnrealEngine/Common/DerivedDataCache/Buckets/LegacySTREAMEDAUDIO/76/73/4cbc95245d1e608089d92bc8c7eb98fb0cd3.udd" 5131
"C:/Users/Librake/AppData/Local/UnrealEngine/Common/DerivedDataCache/Buckets/LegacySTREAMEDAUDIO/98/9b/c241d4aa7af98e4aaf29da30ed2634df5cb8.udd" 5132
"C:/Users/Librake/AppData/Local/UnrealEngine/Common/DerivedDataCache/Buckets/LegacySTREAMEDAUDIO/26/71/ded0aec0527ffc7e2ccf8d650551b9d731f9.udd" 5133
"C:/Users/Librake/AppData/Local/UnrealEngine/Common/DerivedDataCache/Buckets/LegacySTREAMEDAUDIO/4c/54/3ec5d432847c0fb0ed2fd7fe3a564e776b23.udd" 5134
"C:/Users/Librake/AppData/Local/UnrealEngine/Common/DerivedDataCache/Buckets/LegacySTREAMEDAUDIO/33/a5/b2d2828544757d6ea2a15217a14f93a8b8c9.udd" 5135
"C:/Users/Librake/AppData/Local/UnrealEngine/Common/DerivedDataCache/Buckets/LegacySTREAMEDAUDIO/98/ea/c20916217836f91c22f6bea3166633e26f68.udd" 5136
"C:/Users/Librake/AppData/Local/UnrealEngine/Common/DerivedDataCache/Buckets/LegacySTREAMEDAUDIO/3b/0f/9b76e13f04add5f191aa0cb856dd3cf700e0.udd" 5137
"C:/Users/Librake/AppData/Local/UnrealEngine/Common/DerivedDataCache/Buckets/LegacySTREAMEDAUDIO/12/df/3f90f896bdbbe3d760721b2f175a11a07fc2.udd" 5138
"C:/Users/Librake/AppData/Local/UnrealEngine/Common/DerivedDataCache/Buckets/LegacySTREAMEDAUDIO/01/11/7cdf790ab584bc0696074b8a051bb3a230d4.udd" 5139
"C:/Users/Librake/AppData/Local/UnrealEngine/Common/DerivedDataCache/Buckets/LegacySTREAMEDAUDIO/60/50/bf80544a650fe3e4b2f44dc7eb859db22480.udd" 5140
"C:/Users/Librake/AppData/Local/UnrealEngine/Common/DerivedDataCache/Buckets/LegacySTREAMEDAUDIO/05/30/2e546830db0d01074e7419f557c7003e09ba.udd" 5141
"C:/Users/Librake/AppData/Local/UnrealEngine/Common/DerivedDataCache/Buckets/LegacySTREAMEDAUDIO/3b/45/55b1640cc79ae0f636a58f385421c04e9380.udd" 5142
"C:/Users/Librake/AppData/Local/UnrealEngine/Common/DerivedDataCache/Buckets/LegacySTREAMEDAUDIO/03/69/5f674c86df0251897e8e2dece2bf4cedb9c4.udd" 5143
"C:/Users/Librake/AppData/Local/UnrealEngine/Common/DerivedDataCache/Buckets/LegacySTREAMEDAUDIO/e6/1d/5e0e9d9ad2c56d6e111048863abb150423de.udd" 5144
"C:/Users/Librake/AppData/Local/UnrealEngine/Common/DerivedDataCache/Buckets/LegacySTREAMEDAUDIO/df/0d/81711b1920a7cce99f82fd8fd2c1d4e05116.udd" 5145
"C:/Users/Librake/AppData/Local/UnrealEngine/Common/DerivedDataCache/Buckets/LegacySTREAMEDAUDIO/ea/a6/5b45e3ea288423f0aef0f038cb8d28cfda96.udd" 5146
"C:/Users/Librake/AppData/Local/UnrealEngine/Common/DerivedDataCache/Buckets/LegacySTREAMEDAUDIO/bf/54/3288a92dee19b4175654ad75cafbb5fb8811.udd" 5147
"C:/Users/Librake/AppData/Local/UnrealEngine/Common/DerivedDataCache/Buckets/LegacySTREAMEDAUDIO/47/e8/3008e561a00de5435e5f2f90ec09aab58f75.udd" 5148
"C:/Users/Librake/AppData/Local/UnrealEngine/Common/DerivedDataCache/Buckets/LegacySTREAMEDAUDIO/1d/38/ce9ea280b7085b4d45d2bfb39c007d37736c.udd" 5149
"C:/Users/Librake/AppData/Local/UnrealEngine/Common/DerivedDataCache/Buckets/LegacySTREAMEDAUDIO/16/91/b1cdcc0e4defff91601bb894d506abb5ad06.udd" 5150
"C:/Users/Librake/AppData/Local/UnrealEngine/Common/DerivedDataCache/Buckets/LegacySTREAMEDAUDIO/fc/8b/6cdb355037cfb84b4214eecba96e125d9650.udd" 5151
"C:/Users/Librake/AppData/Local/UnrealEngine/Common/DerivedDataCache/Buckets/LegacySTREAMEDAUDIO/63/40/d3e7b6aad1e71293ae131171dde8a1010da6.udd" 5152
"C:/Users/Librake/AppData/Local/UnrealEngine/Common/DerivedDataCache/Buckets/LegacySTREAMEDAUDIO/d9/63/58573ffa2b81b8379b25a6e0aaceda79efc6.udd" 5153
"C:/Users/Librake/AppData/Local/UnrealEngine/Common/DerivedDataCache/Buckets/LegacySTREAMEDAUDIO/b6/fb/0aa018a6960a3779ff4bbeb97f4d0d9dfd20.udd" 5154
"C:/Users/Librake/AppData/Local/UnrealEngine/Common/DerivedDataCache/Buckets/LegacySTREAMEDAUDIO/dc/27/d03b581dfb5c05ac113f90c5d439638282b2.udd" 5155
"C:/Users/Librake/AppData/Local/UnrealEngine/Common/DerivedDataCache/Buckets/LegacySTREAMEDAUDIO/8b/4d/ef947a38cc712a29c8121c6499915b134dd0.udd" 5156
"C:/Users/Librake/AppData/Local/UnrealEngine/Common/DerivedDataCache/Buckets/LegacySTREAMEDAUDIO/e6/12/bb112ed728c915b07fc1b190ff71a173e24c.udd" 5157
"C:/Users/Librake/AppData/Local/UnrealEngine/Common/DerivedDataCache/Buckets/LegacySTREAMEDAUDIO/6c/86/2f9b3e08fd911b257ae8531588eaa99c8ed5.udd" 5158
"C:/Users/Librake/AppData/Local/UnrealEngine/Common/DerivedDataCache/Buckets/LegacySTREAMEDAUDIO/60/fb/c44c0b48c199878d313b630386d0ecd9522d.udd" 5159
"C:/Users/Librake/AppData/Local/UnrealEngine/Common/DerivedDataCache/Buckets/LegacySTREAMEDAUDIO/ed/d3/768453f716c22f33e8d60763f29b3a150506.udd" 5160
"C:/Users/Librake/AppData/Local/UnrealEngine/Common/DerivedDataCache/Buckets/LegacySTREAMEDAUDIO/ac/11/8e81cee5537abd032f96fc26eea6a16ec3a7.udd" 5161
"C:/Users/Librake/AppData/Local/UnrealEngine/Common/DerivedDataCache/Buckets/LegacySTREAMEDAUDIO/b2/b1/e97ebc752f09c2e955d471091a58f86c7193.udd" 5162
"C:/Users/Librake/AppData/Local/UnrealEngine/Common/DerivedDataCache/Buckets/LegacySTREAMEDAUDIO/54/3e/c27595ef1867ad27e66d42aa97f6f5bbada7.udd" 5163
"C:/Users/Librake/AppData/Local/UnrealEngine/Common/DerivedDataCache/Buckets/LegacySTREAMEDAUDIO/05/ea/646a918c9ef53530400914ac2e8718f4dc47.udd" 5164
"C:/Users/Librake/AppData/Local/UnrealEngine/Common/DerivedDataCache/Buckets/LegacySTREAMEDAUDIO/2c/a2/59340f90ebbe803293482eb2c6c35718a916.udd" 5165
"C:/Users/Librake/AppData/Local/UnrealEngine/Common/DerivedDataCache/Buckets/LegacySTREAMEDAUDIO/04/4b/5bd25d06800bc129d5a7e32263b23a7e3afc.udd" 5166
"C:/Users/Librake/AppData/Local/UnrealEngine/Common/DerivedDataCache/Buckets/LegacySTREAMEDAUDIO/e4/79/3883f69574fac1f4a76504926b7353d16c93.udd" 5167
"C:/Users/Librake/AppData/Local/UnrealEngine/Common/DerivedDataCache/Buckets/LegacySTREAMEDAUDIO/37/4f/5f65e5e413eb55adacc5beef2177d42b1d67.udd" 5168
"C:/Users/Librake/AppData/Local/UnrealEngine/Common/DerivedDataCache/Buckets/LegacySTREAMEDAUDIO/a7/9b/81dba540ab0411dd7a5f612eb7f1b741d2b1.udd" 5169
"C:/Users/Librake/AppData/Local/UnrealEngine/Common/DerivedDataCache/Buckets/LegacyTEXTURE/cd/22/96cf22afc2d94ce1b9fc2bfdb5e7ed0323bb.udd" 5170
"C:/Users/Librake/AppData/Local/UnrealEngine/Common/DerivedDataCache/Buckets/LegacyTEXTURE/f6/00/524b9034422297dafa78c7830c76ba8bbb6b.udd" 5171
"C:/Users/Librake/AppData/Local/UnrealEngine/Common/DerivedDataCache/Buckets/LegacyTEXTURE/08/74/ba3c78e48745e72769ee32768cc6066ef320.udd" 5172
"C:/Users/Librake/AppData/Local/UnrealEngine/Common/DerivedDataCache/Buckets/LegacyTEXTURE/49/e9/7d85cf5c080a0f2630b123b4d56c7c1b0850.udd" 5173
"C:/Users/Librake/AppData/Local/UnrealEngine/Common/DerivedDataCache/Buckets/LegacyTEXTURE/6f/52/ecce46797a80517aa410390c4306fed9c8fb.udd" 5174
"C:/Users/Librake/AppData/Local/UnrealEngine/Common/DerivedDataCache/Buckets/LegacyTEXTURE/d7/ac/35d62729e74614c6e3d77974522952c0d972.udd" 5175
"C:/Users/Librake/AppData/Local/UnrealEngine/Common/DerivedDataCache/Buckets/LegacyTEXTURE/b4/c4/93fb44b6939bf632f29e49a461eb446bdd58.udd" 5176
"C:/Users/Librake/AppData/Local/UnrealEngine/Common/DerivedDataCache/Buckets/LegacyTEXTURE/0d/f6/822ee1558dd67e7b871b4df824955b598422.udd" 5177
"C:/Users/Librake/AppData/Local/UnrealEngine/Common/DerivedDataCache/Buckets/LegacyTEXTURE/b2/ca/86ee1268531e358ea51fc450cb292fadb43f.udd" 5178
"C:/Users/Librake/AppData/Local/UnrealEngine/Common/DerivedDataCache/Buckets/LegacyTEXTURE/4b/c0/804beddd33ad6ec2c0d4bd2677cc0bd03c70.udd" 5179
"C:/Users/Librake/AppData/Local/UnrealEngine/Common/DerivedDataCache/Buckets/LegacyTEXTURE/84/31/9e77dce610b2d4ec4b4f474a0896208563f2.udd" 5180
"C:/Users/Librake/AppData/Local/UnrealEngine/Common/DerivedDataCache/Buckets/LegacyTEXTURE/88/f7/25390e5a633ae0adcadbdca959e78f7cde15.udd" 5181
"F:/Unreal Projects/DDay_bp/Content/3D/main_guy/Main2/Main_rifle_lp_bone_down_Skeleton.uasset" 5182
"C:/Users/Librake/AppData/Local/UnrealEngine/Common/DerivedDataCache/Buckets/BulkDataList/ae/8c/7376db6064b1f31ae0e82352dd321eb93693.udd" 5183
"../../../Engine/Content/VREditor/Sounds/VR_click3.uasset" 5184
"F:/Unreal Projects/DDay_bp/Content/Anim/Move_anim/Move_anim_PhysicsAsset.uasset" 5185
"F:/Unreal Projects/DDay_bp/Content/3D/enemy/enemy1/enemy1_Man_lp_PhysicsAsset.uasset" 5186
"C:/Users/Librake/AppData/Local/UnrealEngine/Common/DerivedDataCache/Buckets/BulkDataList/14/bf/8de923c9e543838a3b57fe4a2ded7ea0fa38.udd" 5187
"F:/Unreal Projects/DDay_bp/Content/3D/enemy/enemy1/enemy1_Man_lp_skeleton1.uasset" 5188
"F:/Unreal Projects/DDay_bp/Content/Sounds/Hit_Sounds/hit_sound4.uasset" 5189
"F:/Unreal Projects/DDay_bp/Content/UI/Resurses/Coin/free-pound-coin-icon-2140-thumb.uasset" 5190
"../../../Engine/Content/Functions/Engine_MaterialFunctions01/Gradient/RadialGradient.uasset" 5191
"F:/Unreal Projects/DDay_bp/Content/3D/enemy/enemy1/Mat/enemy_DefaultMaterial_BaseColor.uasset" 5192
"F:/Unreal Projects/DDay_bp/Content/3D/enemy/enemy1/Mat/HP_texturres/Enemy1_0_BaseColor.uasset" 5193
"F:/Unreal Projects/DDay_bp/Content/3D/enemy/enemy1/Mat/HP_texturres/Enemy1_20_BaseColor.uasset" 5194
"F:/Unreal Projects/DDay_bp/Content/3D/enemy/enemy1/Mat/HP_texturres/Enemy1_40_BaseColor.uasset" 5195
"F:/Unreal Projects/DDay_bp/Content/3D/enemy/enemy1/Mat/HP_texturres/Enemy1_60_BaseColor.uasset" 5196
"C:/Users/Librake/AppData/Local/UnrealEngine/Common/DerivedDataCache/Buckets/BulkDataList/10/ca/829252efbb4e3dc2f6f74031f5c0a037f49a.udd" 5197
"F:/Unreal Projects/DDay_bp/Content/3D/enemy/enemy1/Mat/HP_texturres/Enemy1_80_BaseColor.uasset" 5198
"C:/Users/Librake/AppData/Local/UnrealEngine/Common/DerivedDataCache/Buckets/BulkDataList/f7/95/47e4e515674fa5870b112215e145f4e7e2c0.udd" 5199
"F:/Unreal Projects/DDay_bp/Content/3D/enemy/enemy2/Mat/enemy2_DefaultMaterial_BaseColor.uasset" 5200
"C:/Users/Librake/AppData/Local/UnrealEngine/Common/DerivedDataCache/Buckets/BulkDataList/cf/0c/f829c735af76b0b90ca146d8222bf0a38276.udd" 5201
"F:/Unreal Projects/DDay_bp/Content/3D/enemy/enemy2/Mat/HP_textures/Enemy2_0_BaseColor.uasset" 5202
"C:/Users/Librake/AppData/Local/UnrealEngine/Common/DerivedDataCache/Buckets/BulkDataList/65/fc/9cfb59b89578f6d8a82e50bf08855c77efc2.udd" 5203
"C:/Users/Librake/AppData/Local/UnrealEngine/Common/DerivedDataCache/Buckets/LegacyTEXTURE/1a/ee/c2f3a9992505b17ca66acc68664eefeb8670.udd" 5204
"C:/Users/Librake/AppData/Local/UnrealEngine/Common/DerivedDataCache/Buckets/LegacyTEXTURE/32/28/d71de627696c43bb2aa026b6a68590696b66.udd" 5205
"C:/Users/Librake/AppData/Local/UnrealEngine/Common/DerivedDataCache/Buckets/LegacyTEXTURE/15/f4/668156d058abc5e44f682a3e15542a8c166b.udd" 5206
"C:/Users/Librake/AppData/Local/UnrealEngine/Common/DerivedDataCache/Buckets/LegacyTEXTURE/89/2b/c2f4ceb8ac0195da661bce60d801359459dc.udd" 5207
"C:/Users/Librake/AppData/Local/UnrealEngine/Common/DerivedDataCache/Buckets/LegacyTEXTURE/83/61/719d0dd49c806b3498fa06590ed1e32b6e7a.udd" 5208
"C:/Users/Librake/AppData/Local/UnrealEngine/Common/DerivedDataCache/Buckets/LegacyTEXTURE/1c/75/abe552902a232ccfdb3fd1c887044e128e8b.udd" 5209
"C:/Users/Librake/AppData/Local/UnrealEngine/Common/DerivedDataCache/Buckets/LegacyTEXTURE/79/e6/85f06a0326067b9fef22ddde6e9acfd5c80b.udd" 5210
"F:/Unreal Projects/DDay_bp/Content/3D/enemy/enemy2/Mat/HP_textures/Enemy2_20_BaseColor.uasset" 5211
"C:/Users/Librake/AppData/Local/UnrealEngine/Common/DerivedDataCache/Buckets/LegacyTEXTURE/58/a6/7872c90c243505bcc4cb04437d5a3269ff0a.udd" 5212
"F:/Unreal Projects/DDay_bp/Content/3D/enemy/enemy2/Mat/HP_textures/Enemy2_40_BaseColor.uasset" 5213
"F:/Unreal Projects/DDay_bp/Content/3D/enemy/enemy2/Mat/HP_textures/Enemy2_60_BaseColor.uasset" 5214
"F:/Unreal Projects/DDay_bp/Content/3D/enemy/enemy2/Mat/HP_textures/Enemy2_80_BaseColor.uasset" 5215
"F:/Unreal Projects/DDay_bp/Content/3D/enemy/Enemy_shotgunner/Mat/enemy_shotgunner_lp_enemy_BaseColor.uasset" 5216
"F:/Unreal Projects/DDay_bp/Content/3D/enemy/Enemy_shotgunner/Mat/Hp_textr/20/enemy_shotgunner_20HP.uasset" 5217
"F:/Unreal Projects/DDay_bp/Content/3D/enemy/Enemy_shotgunner/Mat/Hp_textr/40/enemy_shotgunner_40HP.uasset" 5218
"F:/Unreal Projects/DDay_bp/Content/3D/enemy/Enemy_shotgunner/Mat/Hp_textr/60/enemy_shotgunner_60HP.uasset" 5219
"C:/Users/Librake/AppData/Local/UnrealEngine/Common/DerivedDataCache/Buckets/BulkDataList/29/d5/835507a440272c9471d838cb5504377896a7.udd" 5220
"F:/Unreal Projects/DDay_bp/Content/3D/enemy/Enemy_shotgunner/Mat/Hp_textr/80/enemy_shotgunner_80HP.uasset" 5221
"F:/Unreal Projects/DDay_bp/Content/3D/enemy/Enemy_shotgunner/Mat/Hp_textr/Dead/enemy_shotgunner_DEAD.uasset" 5222
"F:/Unreal Projects/DDay_bp/Content/3D/main_guy/Grenadier/mat/grenadier_BaseColor.uasset" 5223
"F:/Unreal Projects/DDay_bp/Content/3D/main_guy/Grenadier/mat/HP_textures/grenadier_20HP_BaseColor.uasset" 5224
"F:/Unreal Projects/DDay_bp/Content/3D/main_guy/Grenadier/mat/HP_textures/grenadier_40HP_BaseColor.uasset" 5225
"F:/Unreal Projects/DDay_bp/Content/3D/main_guy/Grenadier/mat/HP_textures/grenadier_60HP_BaseColor.uasset" 5226
"C:/Users/Librake/AppData/Local/UnrealEngine/Common/DerivedDataCache/Buckets/BulkDataList/00/ea/5f3f60bb9f345f131f6db137169e8ff77e53.udd" 5227
"F:/Unreal Projects/DDay_bp/Content/3D/main_guy/Grenadier/mat/HP_textures/grenadier_80HP_BaseColor.uasset" 5228
"F:/Unreal Projects/DDay_bp/Content/3D/main_guy/Grenadier/mat/HP_textures/grenadier_DEAD_BaseColor.uasset" 5229
"C:/Users/Librake/AppData/Local/UnrealEngine/Common/DerivedDataCache/Buckets/LegacyTEXTURE/e7/b4/856bda9dc8095535c98b67cb3baf9077972a.udd" 5230
"C:/Users/Librake/AppData/Local/UnrealEngine/Common/DerivedDataCache/Buckets/LegacyTEXTURE/d4/e5/5524f23e0f89b46f6d1d4cd1e3b459becc92.udd" 5231
"C:/Users/Librake/AppData/Local/UnrealEngine/Common/DerivedDataCache/Buckets/LegacyTEXTURE/ad/c0/52814072227726ce5d4af7d87dbadac1e06b.udd" 5232
"C:/Users/Librake/AppData/Local/UnrealEngine/Common/DerivedDataCache/Buckets/LegacyTEXTURE/42/5c/ac921d2e2c3899aef93b4406423a948e087a.udd" 5233
"C:/Users/Librake/AppData/Local/UnrealEngine/Common/DerivedDataCache/Buckets/LegacySTREAMEDAUDIO/39/9f/d34b5fcbe8de779d3882b30c85160c153de7.udd" 5234
"C:/Users/Librake/AppData/Local/UnrealEngine/Common/DerivedDataCache/Buckets/LegacyAudio/6a/39/efec6bc74b96296db955430d49cc80858d0a.udd" 5235
"C:/Users/Librake/AppData/Local/UnrealEngine/Common/DerivedDataCache/Buckets/LegacySTREAMEDAUDIO/82/82/b67e0ef0d6aef704c2afbbe96d126b6c2600.udd" 5236
"C:/Users/Librake/AppData/Local/UnrealEngine/Common/DerivedDataCache/Buckets/LegacySTREAMEDAUDIO/40/0d/e314f32c835281946ccae43b6038cbec9740.udd" 5237
"C:/Users/Librake/AppData/Local/UnrealEngine/Common/DerivedDataCache/Buckets/LegacyTEXTURE/85/af/27b42d74c64d52abb3ab99d66a7afbc761f5.udd" 5238
"C:/Users/Librake/AppData/Local/UnrealEngine/Common/DerivedDataCache/Buckets/LegacyTEXTURE/fc/fe/4398cba98f40a3667fc45d7115d198bae989.udd" 5239
"F:/Unreal Projects/DDay_bp/Content/3D/main_guy/Main2/Mat/HP_textures/Main2_0_BaseColor.uasset" 5240
"C:/Users/Librake/AppData/Local/UnrealEngine/Common/DerivedDataCache/Buckets/BulkDataList/13/f0/c82bb85af2fc952e24ce30afe5ea80c5cab8.udd" 5241
"F:/Unreal Projects/DDay_bp/Content/3D/main_guy/Main2/Mat/HP_textures/Main2_20_BaseColor.uasset" 5242
"F:/Unreal Projects/DDay_bp/Content/3D/main_guy/Main2/Mat/HP_textures/Main2_40_BaseColor.uasset" 5243
"F:/Unreal Projects/DDay_bp/Content/3D/main_guy/Main2/Mat/HP_textures/Main2_60_BaseColor.uasset" 5244
"F:/Unreal Projects/DDay_bp/Content/3D/main_guy/Main2/Mat/HP_textures/Main2_80_BaseColor.uasset" 5245
"C:/Users/Librake/AppData/Local/UnrealEngine/Common/DerivedDataCache/Buckets/BulkDataList/af/7f/136303e757430969914327ca2c46c90df086.udd" 5246
"F:/Unreal Projects/DDay_bp/Content/3D/main_guy/Main2/Mat/Main_rifle_BaseColor.uasset" 5247
"C:/Users/Librake/AppData/Local/UnrealEngine/Common/DerivedDataCache/Buckets/BulkDataList/58/66/6761acbdc01b79df251e8a03d17dcbace749.udd" 5248
"F:/Unreal Projects/DDay_bp/Content/3D/main_guy/Tank_guy/Mat/HP_textures/Tank_guy_20HP_BaseColor.uasset" 5249
"F:/Unreal Projects/DDay_bp/Content/3D/main_guy/Tank_guy/Mat/HP_textures/Tank_guy_40HP_BaseColor.uasset" 5250
"C:/Users/Librake/AppData/Local/UnrealEngine/Common/DerivedDataCache/Buckets/BulkDataList/30/65/65ed3ced21916625626cae83ea367ebb98c8.udd" 5251
"F:/Unreal Projects/DDay_bp/Content/3D/main_guy/Tank_guy/Mat/HP_textures/Tank_guy_60HP_BaseColor.uasset" 5252
"C:/Users/Librake/AppData/Local/UnrealEngine/Common/DerivedDataCache/Buckets/BulkDataList/e3/00/22804728270d6237e05962aa247fea49437a.udd" 5253
"F:/Unreal Projects/DDay_bp/Content/3D/main_guy/Tank_guy/Mat/HP_textures/Tank_guy_80HP_BaseColor.uasset" 5254
"C:/Users/Librake/AppData/Local/UnrealEngine/Common/DerivedDataCache/Buckets/BulkDataList/74/ee/c164e07321ebf4193341028f637caa53628d.udd" 5255
"F:/Unreal Projects/DDay_bp/Content/3D/main_guy/Tank_guy/Mat/HP_textures/Tank_guy_DEAD_BaseColor.uasset" 5256
"C:/Users/Librake/AppData/Local/UnrealEngine/Common/DerivedDataCache/Buckets/BulkDataList/1f/0a/5b5056ea7481486d21faf94c1d064b447504.udd" 5257
"F:/Unreal Projects/DDay_bp/Content/3D/main_guy/Tank_guy/Mat/Tank_guy_lp_man_BaseColor.uasset" 5258
"C:/Users/Librake/AppData/Local/UnrealEngine/Common/DerivedDataCache/Buckets/BulkDataList/2d/c4/f89a8efe3a8b6e63cfd3282f74ed821a2abc.udd" 5259
"F:/Unreal Projects/DDay_bp/Content/UI/Resurses/resp/choose_soldier_grenadier.uasset" 5260
"C:/Users/Librake/AppData/Local/UnrealEngine/Common/DerivedDataCache/Buckets/BulkDataList/bc/69/df9a6524d83befee2b635e1ce1370d1f834d.udd" 5261
"F:/Unreal Projects/DDay_bp/Content/UI/Resurses/resp/choose_soldier_rifleman.uasset" 5262
"C:/Users/Librake/AppData/Local/UnrealEngine/Common/DerivedDataCache/Buckets/BulkDataList/df/f7/a7aba14d0062de249fe8070341b572d08506.udd" 5263
"F:/Unreal Projects/DDay_bp/Content/UI/Resurses/resp/choose_soldier_tank.uasset" 5264
"C:/Users/Librake/AppData/Local/UnrealEngine/Common/DerivedDataCache/Buckets/BulkDataList/88/93/5a23030f5c3a0c81aa59d040899ada0b1b72.udd" 5265
"F:/Unreal Projects/DDay_bp/Content/UI/Resurses/resp/choose_soldier_trooper.uasset" 5266
"C:/Users/Librake/AppData/Local/UnrealEngine/Common/DerivedDataCache/Buckets/BulkDataList/8a/c6/91c8b590089dc86b52d68b90bc34f42e7c93.udd" 5267
"C:/Users/Librake/AppData/Local/UnrealEngine/Common/DerivedDataCache/Buckets/LegacyAudio/8d/e9/31b75533de4a2d8e031e0974f54ea287634a.udd" 5268
"C:/Users/Librake/AppData/Local/UnrealEngine/Common/DerivedDataCache/Buckets/LegacySTREAMEDAUDIO/37/12/ebf114e88c763a682c96a5772a2fc891ef42.udd" 5269
"C:/Users/Librake/AppData/Local/UnrealEngine/Common/DerivedDataCache/Buckets/LegacySTREAMEDAUDIO/df/8d/d980188025fddf0343b3875ded6a6d6a600d.udd" 5270
"C:/Users/Librake/AppData/Local/UnrealEngine/Common/DerivedDataCache/Buckets/LegacySTREAMEDAUDIO/fd/41/e09a6ee59269d0b265697dfed2f98894c580.udd" 5271
"C:/Users/Librake/AppData/Local/UnrealEngine/Common/DerivedDataCache/Buckets/LegacyAudio/ba/52/497e7e3fcd3a304645e0b4f24a882b319f05.udd" 5272
"C:/Users/Librake/AppData/Local/UnrealEngine/Common/DerivedDataCache/Buckets/LegacySTREAMEDAUDIO/a0/2c/9917cce93d12e58e3746a555a806f33557f7.udd" 5273
"C:/Users/Librake/AppData/Local/UnrealEngine/Common/DerivedDataCache/Buckets/LegacySTREAMEDAUDIO/e3/b0/38da82fe8a28b3d842de987b2fbb40ba7716.udd" 5274
"C:/Users/Librake/AppData/Local/UnrealEngine/Common/DerivedDataCache/Buckets/LegacySTREAMEDAUDIO/94/1e/d09e0dc509e80a00f0f3d6abb11aacd368c0.udd" 5275
"C:/Users/Librake/AppData/Local/UnrealEngine/Common/DerivedDataCache/Buckets/LegacyTEXTURE/5e/29/91e718da355dadb9069c4073a3ed08db7321.udd" 5276
"C:/Users/Librake/AppData/Local/UnrealEngine/Common/DerivedDataCache/Buckets/LegacyTEXTURE/cb/58/e0bfc8e902791d54dbcfb37b4a9c2659034c.udd" 5277
"C:/Users/Librake/AppData/Local/UnrealEngine/Common/DerivedDataCache/Buckets/LegacyTEXTURE/b6/d1/341037d5002a5e30592896831c3f6af1df65.udd" 5278
"C:/Users/Librake/AppData/Local/UnrealEngine/Common/DerivedDataCache/Buckets/LegacyTEXTURE/41/2f/7380a5defa691c120ada3826aae2caf61cab.udd" 5279
"C:/Users/Librake/AppData/Local/UnrealEngine/Common/DerivedDataCache/Buckets/LegacyTEXTURE/98/18/0f8ab7470043825509c11aa91a91851a476a.udd" 5280
"C:/Users/Librake/AppData/Local/UnrealEngine/Common/DerivedDataCache/Buckets/LegacyTEXTURE/b5/ea/d8aa9a84c3aff74fb04460d99cac8b5828ae.udd" 5281
"C:/Users/Librake/AppData/Local/UnrealEngine/Common/DerivedDataCache/Buckets/LegacyTEXTURE/42/98/821c422025192a9d97205eb6de93049f768b.udd" 5282
"C:/Users/Librake/AppData/Local/UnrealEngine/Common/DerivedDataCache/Buckets/LegacyTEXTURE/ab/0b/de64e34c0502e98937bd90dddb5d907acba5.udd" 5283
"F:/Unreal Projects/DDay_bp/Content/UI/Resurses/Unit_Icons/rifleman_icon-aa__1_-aa.uasset" 5284
"C:/Users/Librake/AppData/Local/UnrealEngine/Common/DerivedDataCache/Buckets/LegacyTEXTURE/1f/e7/150f75569366ffff8c079b2e9b9361b16655.udd" 5285
"C:/Users/Librake/AppData/Local/UnrealEngine/Common/DerivedDataCache/Buckets/LegacyTEXTURE/ae/24/15196f82740c348995a68907c44c85fbcdef.udd" 5286
"C:/Users/Librake/AppData/Local/UnrealEngine/Common/DerivedDataCache/Buckets/LegacyTEXTURE/c0/21/0286fb92234f970e806771746bab999cf55c.udd" 5287
"C:/Users/Librake/AppData/Local/UnrealEngine/Common/DerivedDataCache/Buckets/LegacyTEXTURE/d8/d1/f538a05214198038895d14e4bc7e6f6e3441.udd" 5288
"C:/Users/Librake/AppData/Local/UnrealEngine/Common/DerivedDataCache/Buckets/LegacyTEXTURE/08/b2/a3821d49d980573e185bd9a95ff40e714e9f.udd" 5289
"C:/Users/Librake/AppData/Local/UnrealEngine/Common/DerivedDataCache/Buckets/LegacyTEXTURE/c1/06/b733e0174e8a0b46edabbdd9ac6046926fed.udd" 5290
"C:/Users/Librake/AppData/Local/UnrealEngine/Common/DerivedDataCache/Buckets/LegacyTEXTURE/30/06/d54a0a6adbf52e051ae6af372431e47d593f.udd" 5291
"C:/Users/Librake/AppData/Local/UnrealEngine/Common/DerivedDataCache/Buckets/LegacyTEXTURE/bc/c2/9a41f6c216f5d8ae5d6aa38e37469fcd57a9.udd" 5292
"C:/Users/Librake/AppData/Local/UnrealEngine/Common/DerivedDataCache/Buckets/LegacyTEXTURE/03/95/7978f1aef50d1c8a5c50fe2f4942d015a200.udd" 5293
"C:/Users/Librake/AppData/Local/UnrealEngine/Common/DerivedDataCache/Buckets/LegacyTEXTURE/12/fa/aa094857cfe71d4369411af96191b5fad503.udd" 5294
"C:/Users/Librake/AppData/Local/UnrealEngine/Common/DerivedDataCache/Buckets/LegacyTEXTURE/c2/14/789c2970f7fecd0d78a420dc873fca5074d1.udd" 5295
"C:/Users/Librake/AppData/Local/UnrealEngine/Common/DerivedDataCache/Buckets/BulkDataList/94/98/3e3d70a31eedf8071fca282df2c1a830c4a0.udd" 5296
"C:/Users/Librake/AppData/Local/UnrealEngine/Common/DerivedDataCache/Buckets/LegacyTEXTURE/b2/a3/8a8408065f4e43c05da012533fd0d4dd6ff6.udd" 5297
"F:/Unreal Projects/DDay_bp/Content/UI/Resurses/Unit_Icons/Shotguner_icon-aa.uasset" 5298
"C:/Users/Librake/AppData/Local/UnrealEngine/Common/DerivedDataCache/Buckets/LegacyTEXTURE/7f/be/b3229213c893b77da0bdbadcc0071b16ad51.udd" 5299
"C:/Users/Librake/AppData/Local/UnrealEngine/Common/DerivedDataCache/Buckets/LegacyTEXTURE/80/e7/e3cf89d4e4089a9bd4da4982e0bd7a9986f4.udd" 5300
"C:/Users/Librake/AppData/Local/UnrealEngine/Common/DerivedDataCache/Buckets/LegacyTEXTURE/38/fb/693fb855e63770b667e664d61597d8492ca6.udd" 5301
"C:/Users/Librake/AppData/Local/UnrealEngine/Common/DerivedDataCache/Buckets/LegacyTEXTURE/6a/03/879606d83cba2962f68459d51060ded167a0.udd" 5302
"C:/Users/Librake/AppData/Local/UnrealEngine/Common/DerivedDataCache/Buckets/LegacyTEXTURE/fc/95/93f872741f8c71c907b47256c79155258952.udd" 5303
"C:/Users/Librake/AppData/Local/UnrealEngine/Common/DerivedDataCache/Buckets/LegacyTEXTURE/4e/22/f71a209e1f7a62591a81c5493eb4fa0b976b.udd" 5304
"C:/Users/Librake/AppData/Local/UnrealEngine/Common/DerivedDataCache/Buckets/LegacyTEXTURE/e2/19/69c0278414b57fb45136c8bc96e4a787aa0e.udd" 5305
"C:/Users/Librake/AppData/Local/UnrealEngine/Common/DerivedDataCache/Buckets/LegacyTEXTURE/a7/44/524c8919e8d176a04d12e6d3c0060641368d.udd" 5306
"C:/Users/Librake/AppData/Local/UnrealEngine/Common/DerivedDataCache/Buckets/LegacyTEXTURE/dc/ff/bd2d275e0488b61fdfae7fbe0b5647c7ce83.udd" 5307
"C:/Users/Librake/AppData/Local/UnrealEngine/Common/DerivedDataCache/Buckets/LegacyTEXTURE/06/8a/a3b535f7a45fed5e696256f007584d504c48.udd" 5308
"C:/Users/Librake/AppData/Local/UnrealEngine/Common/DerivedDataCache/Buckets/LegacyTEXTURE/8c/db/dc2de99c61daf1d9bbf5b5bfd2fdf077147f.udd" 5309
"C:/Users/Librake/AppData/Local/UnrealEngine/Common/DerivedDataCache/Buckets/LegacyTEXTURE/b0/bf/5a3c245f430d707397138d3a805243356664.udd" 5310
"C:/Users/Librake/AppData/Local/UnrealEngine/Common/DerivedDataCache/Buckets/BulkDataList/91/84/0e2b5cc7f35e7c0e56ad39764b2e3199e1f5.udd" 5311
"C:/Users/Librake/AppData/Local/UnrealEngine/Common/DerivedDataCache/Buckets/LegacyTEXTURE/61/7c/d3a0781d2232d88c2185b5ce1b51f6025346.udd" 5312
"F:/Unreal Projects/DDay_bp/Content/UI/Resurses/Unit_Icons/tank-aa.uasset" 5313
"C:/Users/Librake/AppData/Local/UnrealEngine/Common/DerivedDataCache/Buckets/LegacyTEXTURE/3e/a7/c76ac37a8f1cb226682b81378f7b10b00d20.udd" 5314
"C:/Users/Librake/AppData/Local/UnrealEngine/Common/DerivedDataCache/Buckets/LegacyTEXTURE/32/a5/8e7bbe007be7feebe67a74441c9e41f382de.udd" 5315
"C:/Users/Librake/AppData/Local/UnrealEngine/Common/DerivedDataCache/Buckets/LegacyTEXTURE/3d/22/9290bc9007027ac998827dc6fb88c6765fcb.udd" 5316
"C:/Users/Librake/AppData/Local/UnrealEngine/Common/DerivedDataCache/Buckets/LegacyTEXTURE/45/7a/64d376ae9523fb1e224b861b410c9180bd30.udd" 5317
"C:/Users/Librake/AppData/Local/UnrealEngine/Common/DerivedDataCache/Buckets/LegacyTEXTURE/3b/37/696f6f02d0a89824d073cf118716c5df63c8.udd" 5318
"C:/Users/Librake/AppData/Local/UnrealEngine/Common/DerivedDataCache/Buckets/LegacyTEXTURE/9c/58/5eb64029a914a14a89389e586285d779d3dc.udd" 5319
"C:/Users/Librake/AppData/Local/UnrealEngine/Common/DerivedDataCache/Buckets/LegacyTEXTURE/63/62/b947e010223602a01547bc9cea70a1fc9718.udd" 5320
"C:/Users/Librake/AppData/Local/UnrealEngine/Common/DerivedDataCache/Buckets/LegacyTEXTURE/8c/52/0f9a253ee6b2f45d2856001573ecf38f8de8.udd" 5321
"C:/Users/Librake/AppData/Local/UnrealEngine/Common/DerivedDataCache/Buckets/LegacyTEXTURE/a3/59/fbd9434cf751e8c8687f411262ce439896dc.udd" 5322
"C:/Users/Librake/AppData/Local/UnrealEngine/Common/DerivedDataCache/Buckets/LegacyTEXTURE/16/e0/c83328265dc646a2dcd93fa16a608fc45532.udd" 5323
"C:/Users/Librake/AppData/Local/UnrealEngine/Common/DerivedDataCache/Buckets/LegacyTEXTURE/f3/ce/0a2fc5bcb3c012f62bf62b8b708f65d78fcc.udd" 5324
"C:/Users/Librake/AppData/Local/UnrealEngine/Common/DerivedDataCache/Buckets/LegacyTEXTURE/23/92/19352053ede2d4ce1973307352e05620113c.udd" 5325
"C:/Users/Librake/AppData/Local/UnrealEngine/Common/DerivedDataCache/Buckets/BulkDataList/8d/b5/f7a1a7014064cedf66d518169f2b25066dcf.udd" 5326
"C:/Users/Librake/AppData/Local/UnrealEngine/Common/DerivedDataCache/Buckets/LegacyTEXTURE/a0/15/2ac76be5eabbcdc188be258f9bb18a7ac4e6.udd" 5327
"C:/Users/Librake/AppData/Local/UnrealEngine/Common/DerivedDataCache/Buckets/LegacyTEXTURE/b7/f9/84fd4a2deb60d22dd640ac07663b147081b4.udd" 5328
"F:/Unreal Projects/DDay_bp/Content/UI/Resurses/Unit_Icons/trooper_icon-aa.uasset" 5329
"C:/Users/Librake/AppData/Local/UnrealEngine/Common/DerivedDataCache/Buckets/LegacyTEXTURE/2e/93/db4b1eadee0e9201062366a976a829901d1a.udd" 5330
"C:/Users/Librake/AppData/Local/UnrealEngine/Common/DerivedDataCache/Buckets/LegacyTEXTURE/67/b7/884af4a69f897539f4b468b5ec7b14c0912c.udd" 5331
"C:/Users/Librake/AppData/Local/UnrealEngine/Common/DerivedDataCache/Buckets/LegacyTEXTURE/ea/90/cefc5336e227fe7ea2fb10de924a8488bfb2.udd" 5332
"C:/Users/Librake/AppData/Local/UnrealEngine/Common/DerivedDataCache/Buckets/BulkDataList/87/56/3200a9424449b1e7330fce30f75a6624b3e4.udd" 5333
"F:/Unreal Projects/DDay_bp/Content/UI/Widgets/Game/Churchill_Once_Said.uasset" 5334
"C:/Users/Librake/AppData/Local/UnrealEngine/Common/DerivedDataCache/Buckets/BulkDataList/29/3d/a9f313f8abed28c12bf01ad0deea632410dc.udd" 5335
"F:/Unreal Projects/DDay_bp/Content/3D/cannon/textr/gray/cannon_cannon_Normal.uasset" 5336
"C:/Users/Librake/AppData/Local/UnrealEngine/Common/DerivedDataCache/Buckets/BulkDataList/15/2b/e5ad59c64d55590e9fcd58bce735111cbef3.udd" 5337
"F:/Unreal Projects/DDay_bp/Content/3D/cannon/textr/gray/cannon_cannon_OcclusionRoughnessMetallic.uasset" 5338
"C:/Users/Librake/AppData/Local/UnrealEngine/Common/DerivedDataCache/Buckets/BulkDataList/7d/21/d2a5970ef90df8c0a0dd57cbb910ed4974ce.udd" 5339
"F:/Unreal Projects/DDay_bp/Content/3D/cannon/textr/green/cannon_cannon_BaseColor.uasset" 5340
"C:/Users/Librake/AppData/Local/UnrealEngine/Common/DerivedDataCache/Buckets/BulkDataList/4e/f1/e7cd1c909812235099f058cdb1cb7dd217b3.udd" 5341
"../../../Engine/Content/Functions/Engine_MaterialFunctions02/Texturing/ScreenAlignedPixelToPixelUVs.uasset" 5342
"C:/Users/Librake/AppData/Local/UnrealEngine/Common/DerivedDataCache/Buckets/BulkDataList/d2/dd/05e4b24022a568b3818f256987cfcb50d45a.udd" 5343
"F:/Unreal Projects/DDay_bp/Content/other/Decals/crater_mat/Explosion_DefaultMaterial_BaseColor.uasset" 5344
"C:/Users/Librake/AppData/Local/UnrealEngine/Common/DerivedDataCache/Buckets/BulkDataList/90/88/1f28e5694756a747602e6817888a03b27098.udd" 5345
"F:/Unreal Projects/DDay_bp/Content/other/Decals/crater_mat/Explosion_DefaultMaterial_Normal.uasset" 5346
"C:/Users/Librake/AppData/Local/UnrealEngine/Common/DerivedDataCache/Buckets/BulkDataList/e4/d4/9c59529348d2bc2c502f000594ddeb05864d.udd" 5347
"F:/Unreal Projects/DDay_bp/Content/other/Decals/crater_mat/Explosion_DefaultMaterial_OcclusionRoughnessMetallic.uasset" 5348
"C:/Users/Librake/AppData/Local/UnrealEngine/Common/DerivedDataCache/Buckets/BulkDataList/8b/be/88fa4ed1aaa5b5de050ed9a9bf1ee9ab713a.udd" 5349
"F:/Unreal Projects/DDay_bp/Content/3D/tent/tent_tent_BaseColor.uasset" 5350
"C:/Users/Librake/AppData/Local/UnrealEngine/Common/DerivedDataCache/Buckets/BulkDataList/80/ef/0bcbf48b06367118f36e6e59148e50e3b25f.udd" 5351
"F:/Unreal Projects/DDay_bp/Content/3D/tent/tent_tent_Normal.uasset" 5352
"C:/Users/Librake/AppData/Local/UnrealEngine/Common/DerivedDataCache/Buckets/BulkDataList/ac/51/df6b6d677471b720a29fbb5a1d2508ea90c2.udd" 5353
"F:/Unreal Projects/DDay_bp/Content/3D/tent/tent_tent_OcclusionRoughnessMetallic.uasset" 5354
"C:/Users/Librake/AppData/Local/UnrealEngine/Common/DerivedDataCache/Buckets/BulkDataList/68/53/2b5dc430a310b202a1afa677306e908e3c1b.udd" 5355
"F:/Unreal Projects/DDay_bp/Content/3D/wire/wire_DefaultMaterial_BaseColor.uasset" 5356
"C:/Users/Librake/AppData/Local/UnrealEngine/Common/DerivedDataCache/Buckets/BulkDataList/8b/ab/deb62e4f0a635d46e0b6f83645d9bbd7cd56.udd" 5357
"C:/Users/Librake/AppData/Local/UnrealEngine/Common/DerivedDataCache/Buckets/LegacyTEXTURE/97/73/7c58e7723fad2295a1e65acd9c538ebb9ee2.udd" 5358
"C:/Users/Librake/AppData/Local/UnrealEngine/Common/DerivedDataCache/Buckets/LegacyTEXTURE/0d/37/736f22c9f030ff37976bab14171d2c335ec5.udd" 5359
"C:/Users/Librake/AppData/Local/UnrealEngine/Common/DerivedDataCache/Buckets/LegacyTEXTURE/17/34/e1228a503dd635d94abf7d77d82ca3b83643.udd" 5360
"C:/Users/Librake/AppData/Local/UnrealEngine/Common/DerivedDataCache/Buckets/LegacyTEXTURE/8c/f5/e23e32dcd3f122d187593c3e565e9c69e00f.udd" 5361
"C:/Users/Librake/AppData/Local/UnrealEngine/Common/DerivedDataCache/Buckets/LegacyTEXTURE/d7/c9/39f3b884b5a733633c1d1a94f3a066618ac7.udd" 5362
"C:/Users/Librake/AppData/Local/UnrealEngine/Common/DerivedDataCache/Buckets/LegacyTEXTURE/2e/52/041a0de9308e72abd3bc2680976a199b9e9d.udd" 5363
"C:/Users/Librake/AppData/Local/UnrealEngine/Common/DerivedDataCache/Buckets/LegacyTEXTURE/37/c2/4b8c461284a2f2082463bae2efd09896fd15.udd" 5364
"C:/Users/Librake/AppData/Local/UnrealEngine/Common/DerivedDataCache/Buckets/LegacyTEXTURE/59/e2/8ba803eb3ed5061d07f84ab505c388f4b7c8.udd" 5365
"C:/Users/Librake/AppData/Local/UnrealEngine/Common/DerivedDataCache/Buckets/LegacyTEXTURE/23/2c/7bac2c3650aea383965ccc280f52d20a6df1.udd" 5366
"C:/Users/Librake/AppData/Local/UnrealEngine/Common/DerivedDataCache/Buckets/LegacyTEXTURE/4e/8e/acfc5c3ed2b4a07d5ed7ba550b2cb2c6c0e7.udd" 5367
"C:/Users/Librake/AppData/Local/UnrealEngine/Common/DerivedDataCache/Buckets/LegacyTEXTURE/b4/a4/118da41656d84a89273f9024d8576699f52c.udd" 5368
"C:/Users/Librake/AppData/Local/UnrealEngine/Common/DerivedDataCache/Buckets/LegacyTEXTURE/0b/79/e01fa2485c9563c1746351f43874e7203c2c.udd" 5369
"C:/Users/Librake/AppData/Local/UnrealEngine/Common/DerivedDataCache/Buckets/LegacyTEXTURE/0a/20/532308604f5d1738f83ef2812ee7c40401ec.udd" 5370
"C:/Users/Librake/AppData/Local/UnrealEngine/Common/DerivedDataCache/Buckets/LegacyTEXTURE/53/94/2f78c4f09829946b6187f1193a574bc91fc4.udd" 5371
"C:/Users/Librake/AppData/Local/UnrealEngine/Common/DerivedDataCache/Buckets/LegacyTEXTURE/7a/75/78c35b1b809e786d8c11ad2e9424dffcbc13.udd" 5372
"F:/Unreal Projects/DDay_bp/Content/3D/wire/wire_DefaultMaterial_Normal.uasset" 5373
"C:/Users/Librake/AppData/Local/UnrealEngine/Common/DerivedDataCache/Buckets/LegacyTEXTURE/81/90/30c47dd8902428733ad53d2cf4a75043fd31.udd" 5374
"C:/Users/Librake/AppData/Local/UnrealEngine/Common/DerivedDataCache/Buckets/LegacyTEXTURE/9f/f8/4038b2e774e342b8a3c6bbf96e136440c768.udd" 5375
"C:/Users/Librake/AppData/Local/UnrealEngine/Common/DerivedDataCache/Buckets/LegacyTEXTURE/fb/bb/a601685a4d53f4fc02b6e8a1e33100fa9a1e.udd" 5376
"C:/Users/Librake/AppData/Local/UnrealEngine/Common/DerivedDataCache/Buckets/LegacyTEXTURE/9e/65/1e611070bf3458263d54c1e57f1d27a77855.udd" 5377
"C:/Users/Librake/AppData/Local/UnrealEngine/Common/DerivedDataCache/Buckets/LegacyTEXTURE/6a/46/ca48d18542d071e05abcddb0141ab96aa1a4.udd" 5378
"C:/Users/Librake/AppData/Local/UnrealEngine/Common/DerivedDataCache/Buckets/LegacyTEXTURE/b6/a8/6407156213489fca6d0fbafc857649ac52f3.udd" 5379
"C:/Users/Librake/AppData/Local/UnrealEngine/Common/DerivedDataCache/Buckets/LegacyTEXTURE/d0/d4/87acdc508b6113436cd3486ed401c65c3d76.udd" 5380
"C:/Users/Librake/AppData/Local/UnrealEngine/Common/DerivedDataCache/Buckets/LegacyTEXTURE/e2/41/7aaf2a60d4dadefd43cf13dd7a62ad9d951f.udd" 5381
"C:/Users/Librake/AppData/Local/UnrealEngine/Common/DerivedDataCache/Buckets/LegacyTEXTURE/e7/d0/5a9ee35caf02f635521b0e42fa9fa2dc2bc5.udd" 5382
"C:/Users/Librake/AppData/Local/UnrealEngine/Common/DerivedDataCache/Buckets/LegacyTEXTURE/4a/60/fedc15ff6037cd38dd65693c3b19593e538c.udd" 5383
"C:/Users/Librake/AppData/Local/UnrealEngine/Common/DerivedDataCache/Buckets/LegacyTEXTURE/b0/e6/44d8e1b8457b38d99fc982accf6555e77eed.udd" 5384
"C:/Users/Librake/AppData/Local/UnrealEngine/Common/DerivedDataCache/Buckets/LegacyTEXTURE/c4/b3/c7693b45a346f45db45bad86c003871c7db9.udd" 5385
"C:/Users/Librake/AppData/Local/UnrealEngine/Common/DerivedDataCache/Buckets/LegacyTEXTURE/09/ff/7c1fe804ce25228ac3abf69f74a144622a5d.udd" 5386
"C:/Users/Librake/AppData/Local/UnrealEngine/Common/DerivedDataCache/Buckets/LegacyTEXTURE/a0/38/0f210efa984883c945e78e6de0db6f301945.udd" 5387
"C:/Users/Librake/AppData/Local/UnrealEngine/Common/DerivedDataCache/Buckets/LegacyTEXTURE/ca/89/2788b40836ef288879c096705e3465ea9e6f.udd" 5388
"C:/Users/Librake/AppData/Local/UnrealEngine/Common/DerivedDataCache/Buckets/BulkDataList/dc/6e/77af316cf759988f24aa974e5d468c49b8cf.udd" 5389
"C:/Users/Librake/AppData/Local/UnrealEngine/Common/DerivedDataCache/Buckets/LegacyTEXTURE/0a/06/a364bae795bf048b683e7180ef6ede75d4fb.udd" 5390
"C:/Users/Librake/AppData/Local/UnrealEngine/Common/DerivedDataCache/Buckets/LegacyTEXTURE/74/6f/3800f8a9698511ea78ad2eb3f88c65822f47.udd" 5391
"C:/Users/Librake/AppData/Local/UnrealEngine/Common/DerivedDataCache/Buckets/LegacyTEXTURE/ef/0f/6620ba2aea0ad1133ef17f3dd85688c5ab9c.udd" 5392
"C:/Users/Librake/AppData/Local/UnrealEngine/Common/DerivedDataCache/Buckets/LegacyTEXTURE/78/0c/c26f8f2c1612f5ac1e88e9942c70ad6498a4.udd" 5393
"C:/Users/Librake/AppData/Local/UnrealEngine/Common/DerivedDataCache/Buckets/LegacyTEXTURE/20/7e/b86eb1aa05c1b9d2991a2e8c9701b430f855.udd" 5394
"F:/Unreal Projects/DDay_bp/Content/3D/wire/wire_DefaultMaterial_OcclusionRoughnessMetallic.uasset" 5395
"C:/Users/Librake/AppData/Local/UnrealEngine/Common/DerivedDataCache/Buckets/LegacyTEXTURE/4e/45/d97afb8fbaa9c29c0ffe07aa1ad0f418e219.udd" 5396
"C:/Users/Librake/AppData/Local/UnrealEngine/Common/DerivedDataCache/Buckets/LegacyTEXTURE/0f/27/cc75b71d5d0c36d7f3d7f04788e2b2442f27.udd" 5397
"C:/Users/Librake/AppData/Local/UnrealEngine/Common/DerivedDataCache/Buckets/LegacyTEXTURE/2f/65/5222f6a28627fe94d9a7d692e51f956505bb.udd" 5398
"C:/Users/Librake/AppData/Local/UnrealEngine/Common/DerivedDataCache/Buckets/LegacyTEXTURE/38/91/fa00ee7fe8143bafd5a59bd41890dad70675.udd" 5399
"C:/Users/Librake/AppData/Local/UnrealEngine/Common/DerivedDataCache/Buckets/LegacyTEXTURE/eb/fc/176e34d603f45a2b554bdbf7b87a475c4efe.udd" 5400
"C:/Users/Librake/AppData/Local/UnrealEngine/Common/DerivedDataCache/Buckets/LegacyTEXTURE/2f/88/d436c4a557b94545dbbd02e4a478c0bb0180.udd" 5401
"C:/Users/Librake/AppData/Local/UnrealEngine/Common/DerivedDataCache/Buckets/LegacyTEXTURE/a4/ff/e7168192cf6a30b5d3d3264d17be67fac407.udd" 5402
"C:/Users/Librake/AppData/Local/UnrealEngine/Common/DerivedDataCache/Buckets/LegacyTEXTURE/3d/a4/5ce29941f4cac0eeca6da089ce4238108a52.udd" 5403
"C:/Users/Librake/AppData/Local/UnrealEngine/Common/DerivedDataCache/Buckets/LegacyTEXTURE/b6/fc/709f295c05b88b83ef3834cd3ea15305a5bb.udd" 5404
"C:/Users/Librake/AppData/Local/UnrealEngine/Common/DerivedDataCache/Buckets/LegacyTEXTURE/83/0c/c7b1876f05759f8a5293c4fc193bdc2f03cc.udd" 5405
"C:/Users/Librake/AppData/Local/UnrealEngine/Common/DerivedDataCache/Buckets/LegacyTEXTURE/2c/dc/1826fb35b7f1c81c952716acd72ce22f0534.udd" 5406
"C:/Users/Librake/AppData/Local/UnrealEngine/Common/DerivedDataCache/Buckets/LegacyTEXTURE/05/b6/8ffa2a1c27f4d1b21571c5aa72ac94aa538d.udd" 5407
"C:/Users/Librake/AppData/Local/UnrealEngine/Common/DerivedDataCache/Buckets/LegacyTEXTURE/09/01/6d7b40933d83adba8873d24f7d2b2dcead9b.udd" 5408
"C:/Users/Librake/AppData/Local/UnrealEngine/Common/DerivedDataCache/Buckets/LegacyTEXTURE/c9/a2/3f4241558146cc65dc690e169eca862a33ee.udd" 5409
"C:/Users/Librake/AppData/Local/UnrealEngine/Common/DerivedDataCache/Buckets/LegacyTEXTURE/db/27/05303d81f1060be9f3988f49b39d324ddb8d.udd" 5410
"C:/Users/Librake/AppData/Local/UnrealEngine/Common/DerivedDataCache/Buckets/LegacyTEXTURE/61/6f/48dda66a7a179b7e83893b4a3cc5adc9a136.udd" 5411
"C:/Users/Librake/AppData/Local/UnrealEngine/Common/DerivedDataCache/Buckets/LegacyTEXTURE/e0/f4/a85f578f49de61090a0ebe3f4a1d33002afe.udd" 5412
"C:/Users/Librake/AppData/Local/UnrealEngine/Common/DerivedDataCache/Buckets/BulkDataList/51/f5/f252c78a9dd98f54b12c475ee4c17b00ba4e.udd" 5413
"C:/Users/Librake/AppData/Local/UnrealEngine/Common/DerivedDataCache/Buckets/LegacyTEXTURE/3f/ee/3548b01b1d59fb9b4a1ce87e2fd3e18b2d2c.udd" 5414
"C:/Users/Librake/AppData/Local/UnrealEngine/Common/DerivedDataCache/Buckets/LegacyTEXTURE/2c/93/c024bfe4bc578c1b4ee473ad166f79dbcdbf.udd" 5415
"C:/Users/Librake/AppData/Local/UnrealEngine/Common/DerivedDataCache/Buckets/LegacyTEXTURE/6a/29/13fa6fa423d761a6cdf729b11c3489ac387a.udd" 5416
"C:/Users/Librake/AppData/Local/UnrealEngine/Common/DerivedDataCache/Buckets/LegacyTEXTURE/91/24/1eadac76fada4a740c120a05a3385ffdecdb.udd" 5417
"C:/Users/Librake/AppData/Local/UnrealEngine/Common/DerivedDataCache/Buckets/LegacyTEXTURE/8d/fc/d3fb7a8baac084f7b20c0f91119f9337846a.udd" 5418
"F:/Unreal Projects/DDay_bp/Content/3D/main_guy/Main2/gun/Main2_rifle_PhysicsAsset.uasset" 5419
"C:/Users/Librake/AppData/Local/UnrealEngine/Common/DerivedDataCache/Buckets/LegacyTEXTURE/fc/50/8f596eda0175ddc0f68080b463552f3ed662.udd" 5420
"C:/Users/Librake/AppData/Local/UnrealEngine/Common/DerivedDataCache/Buckets/LegacyTEXTURE/2c/5a/fdeca5b457e19725eb02d4b03cd1172f4abb.udd" 5421
"C:/Users/Librake/AppData/Local/UnrealEngine/Common/DerivedDataCache/Buckets/LegacyTEXTURE/17/54/662e4d21bbccf93f5761a5aae38a1395dc08.udd" 5422
"C:/Users/Librake/AppData/Local/UnrealEngine/Common/DerivedDataCache/Buckets/LegacyTEXTURE/97/8d/5155c1aef8a7ad92a2ae4ac7b2f3fb52e04f.udd" 5423
"C:/Users/Librake/AppData/Local/UnrealEngine/Common/DerivedDataCache/Buckets/LegacyTEXTURE/05/09/ee61db464816c76ebe12228c691c64b94674.udd" 5424
"C:/Users/Librake/AppData/Local/UnrealEngine/Common/DerivedDataCache/Buckets/LegacyTEXTURE/f0/da/1ac9bbf67b3b4bfa735a917e6ef68832ef23.udd" 5425
"C:/Users/Librake/AppData/Local/UnrealEngine/Common/DerivedDataCache/Buckets/LegacyTEXTURE/c8/e3/453222faefac136bb767884fd9a70fda2ba6.udd" 5426
"C:/Users/Librake/AppData/Local/UnrealEngine/Common/DerivedDataCache/Buckets/LegacyTEXTURE/a4/e8/30c603904b1f7587487946e2f7416f4a52b7.udd" 5427
"C:/Users/Librake/AppData/Local/UnrealEngine/Common/DerivedDataCache/Buckets/LegacyTEXTURE/12/02/4b47eec4cdf312ed33a2fd4b51f019b302f8.udd" 5428
"C:/Users/Librake/AppData/Local/UnrealEngine/Common/DerivedDataCache/Buckets/LegacyTEXTURE/18/6b/9c527f0714b0508fb50565627b670b202208.udd" 5429
"C:/Users/Librake/AppData/Local/UnrealEngine/Common/DerivedDataCache/Buckets/LegacyTEXTURE/08/a0/eef91d76521120f6342512caa2560cbb1173.udd" 5430
"C:/Users/Librake/AppData/Local/UnrealEngine/Common/DerivedDataCache/Buckets/LegacyTEXTURE/5f/4d/d92db4c476239fc16b7ca83616ba97d018e3.udd" 5431
"C:/Users/Librake/AppData/Local/UnrealEngine/Common/DerivedDataCache/Buckets/LegacyTEXTURE/8e/5b/2916a3612238c4a3e6ffd416d86e11698932.udd" 5432
"C:/Users/Librake/AppData/Local/UnrealEngine/Common/DerivedDataCache/Buckets/LegacyTEXTURE/82/00/e5dfc962441e1f19ab64af5ae92b8a015a1f.udd" 5433
"C:/Users/Librake/AppData/Local/UnrealEngine/Common/DerivedDataCache/Buckets/BulkDataList/7e/5e/c849c781ed4239b40b9adbf522e252a988b1.udd" 5434
"C:/Users/Librake/AppData/Local/UnrealEngine/Common/DerivedDataCache/Buckets/LegacyTEXTURE/02/7d/3d6e943e9950c3532b7cceef75f714295beb.udd" 5435
"C:/Users/Librake/AppData/Local/UnrealEngine/Common/DerivedDataCache/Buckets/LegacyTEXTURE/fb/0e/e41a22340b2fb06d87bb6747475854ae3b4d.udd" 5436
"C:/Users/Librake/AppData/Local/UnrealEngine/Common/DerivedDataCache/Buckets/LegacyTEXTURE/06/a3/b20c8d97bdf143892d7c9798b91deb24ec85.udd" 5437
"F:/Unreal Projects/DDay_bp/Content/3D/main_guy/Main2/gun/Main2_rifle_Skeleton.uasset" 5438
"C:/Users/Librake/AppData/Local/UnrealEngine/Common/DerivedDataCache/Buckets/LegacyTEXTURE/f8/75/110c7846d1a93c88475a2e5a408bc6f5e0ce.udd" 5439
"C:/Users/Librake/AppData/Local/UnrealEngine/Common/DerivedDataCache/Buckets/LegacyTEXTURE/3e/32/0de032bd7e522b7bc6d540e5c8b304906dde.udd" 5440
"C:/Users/Librake/AppData/Local/UnrealEngine/Common/DerivedDataCache/Buckets/LegacyTEXTURE/46/9f/39f35f4fd42b1e70ccc40ba7bfea1a62737c.udd" 5441
"C:/Users/Librake/AppData/Local/UnrealEngine/Common/DerivedDataCache/Buckets/LegacyTEXTURE/6a/c8/b62d0b3841c504935f22930aea5b64546706.udd" 5442
"C:/Users/Librake/AppData/Local/UnrealEngine/Common/DerivedDataCache/Buckets/BulkDataList/66/19/44495bb310cf5dfa9ee9608b7d9aeeed8f1a.udd" 5443
"F:/Unreal Projects/DDay_bp/Content/Sounds/ally_rifle_sound.uasset" 5444
"C:/Users/Librake/AppData/Local/UnrealEngine/Common/DerivedDataCache/Buckets/LegacyTEXTURE/6a/88/f424ece2c2868d8f378b6b2376a9b6e9dd40.udd" 5445
"C:/Users/Librake/AppData/Local/UnrealEngine/Common/DerivedDataCache/Buckets/LegacyTEXTURE/50/23/04c990ae1d241a545edb2434d928bcf585cb.udd" 5446
"C:/Users/Librake/AppData/Local/UnrealEngine/Common/DerivedDataCache/Buckets/BulkDataList/17/1a/591832922218fa708b57ae431333328f65a8.udd" 5447
"F:/Unreal Projects/DDay_bp/Content/3D/enemy/enemy2/Gun/mp18_PhysicsAsset.uasset" 5448
"C:/Users/Librake/AppData/Local/UnrealEngine/Common/DerivedDataCache/Buckets/BulkDataList/75/c1/7fffd62683befd297a254a1c47dd81f1827e.udd" 5449
"F:/Unreal Projects/DDay_bp/Content/3D/enemy/enemy2/Gun/mp18_Skeleton.uasset" 5450
"C:/Users/Librake/AppData/Local/UnrealEngine/Common/DerivedDataCache/Buckets/BulkDataList/04/50/2879db626f9d53f750b08affb8b9a70a8300.udd" 5451
"F:/Unreal Projects/DDay_bp/Content/Sounds/mp18_sound.uasset" 5452
"C:/Users/Librake/AppData/Local/UnrealEngine/Common/DerivedDataCache/Buckets/BulkDataList/b8/10/b6a4f3706574cd92d41e5374ff2d23baf918.udd" 5453
"F:/Unreal Projects/DDay_bp/Content/3D/enemy/enemy1/Gun/Enemy1_rifle_PhysicsAsset.uasset" 5454
"C:/Users/Librake/AppData/Local/UnrealEngine/Common/DerivedDataCache/Buckets/BulkDataList/56/7b/40349fed8041d80e7dc3bf069295a338d9ac.udd" 5455
"F:/Unreal Projects/DDay_bp/Content/3D/enemy/enemy1/Gun/Enemy1_rifle_Skeleton.uasset" 5456
"C:/Users/Librake/AppData/Local/UnrealEngine/Common/DerivedDataCache/Buckets/BulkDataList/42/0b/c8e8a0e349168d3cd2b412ca2f204dd6cf3c.udd" 5457
"F:/Unreal Projects/DDay_bp/Content/Sounds/rifle_loop.uasset" 5458
"C:/Users/Librake/AppData/Local/UnrealEngine/Common/DerivedDataCache/Buckets/BulkDataList/ad/01/f7e715a106b340c3b320e3abb463ccb3bcb2.udd" 5459
"F:/Unreal Projects/DDay_bp/Content/3D/enemy/Enemy_shotgunner/Gun/enemy_shotgunner_gun_PhysicsAsset.uasset" 5460
"C:/Users/Librake/AppData/Local/UnrealEngine/Common/DerivedDataCache/Buckets/BulkDataList/44/0b/b67e7a7d0eeacaccbec0069b9540feb273f0.udd" 5461
"F:/Unreal Projects/DDay_bp/Content/3D/enemy/Enemy_shotgunner/Gun/enemy_shotgunner_gun_Skeleton.uasset" 5462
"C:/Users/Librake/AppData/Local/UnrealEngine/Common/DerivedDataCache/Buckets/BulkDataList/45/d1/acc2b1c50c11dfbfa253da28771c87a3b34c.udd" 5463
"F:/Unreal Projects/DDay_bp/Content/Sounds/Enemy_shotgun_sound.uasset" 5464
"C:/Users/Librake/AppData/Local/UnrealEngine/Common/DerivedDataCache/Buckets/BulkDataList/b5/35/fa8854794c61330dc55f05f9b80ecd0d69a4.udd" 5465
"F:/Unreal Projects/DDay_bp/Content/3D/machine_gun/machine_gun_machine_gun_BaseColor.uasset" 5466
"C:/Users/Librake/AppData/Local/UnrealEngine/Common/DerivedDataCache/Buckets/BulkDataList/e7/04/c6cc1d7b784c3533ea13835a546ada24fa20.udd" 5467
"F:/Unreal Projects/DDay_bp/Content/3D/machine_gun/machine_gun_machine_gun_Normal.uasset" 5468
"C:/Users/Librake/AppData/Local/UnrealEngine/Common/DerivedDataCache/Buckets/BulkDataList/1c/7d/259a6868db33e1a9c739d0b61255bfa137fa.udd" 5469
"C:/Users/Librake/AppData/Local/UnrealEngine/Common/DerivedDataCache/Buckets/LegacyTEXTURE/19/7a/afd98ef404746b2db1acbfdc95e31162d9fd.udd" 5470
"C:/Users/Librake/AppData/Local/UnrealEngine/Common/DerivedDataCache/Buckets/LegacyTEXTURE/3e/07/d83d1839997738835323f98150fc1af2c6ca.udd" 5471
"C:/Users/Librake/AppData/Local/UnrealEngine/Common/DerivedDataCache/Buckets/LegacyTEXTURE/27/a7/449cc45de4566e1d55d03381da30c2c86ac7.udd" 5472
"C:/Users/Librake/AppData/Local/UnrealEngine/Common/DerivedDataCache/Buckets/LegacyTEXTURE/52/42/27874bdbfbbccc69cf8d3e3b34f9bcb9acc2.udd" 5473
"C:/Users/Librake/AppData/Local/UnrealEngine/Common/DerivedDataCache/Buckets/LegacyTEXTURE/a2/37/e69df581638fce44f972d3cb737bfd61cd79.udd" 5474
"C:/Users/Librake/AppData/Local/UnrealEngine/Common/DerivedDataCache/Buckets/LegacyTEXTURE/53/0d/0b783f0ba5d3e8a3ca29c2624d162a7b51da.udd" 5475
"C:/Users/Librake/AppData/Local/UnrealEngine/Common/DerivedDataCache/Buckets/LegacyTEXTURE/be/6c/0b592deac44819ace7a961617875f4996670.udd" 5476
"C:/Users/Librake/AppData/Local/UnrealEngine/Common/DerivedDataCache/Buckets/LegacyTEXTURE/05/52/330f418fef71b63b4bf167f7c748c18cfae7.udd" 5477
"C:/Users/Librake/AppData/Local/UnrealEngine/Common/DerivedDataCache/Buckets/LegacyTEXTURE/d2/a0/b1fdcf33f84dbb6150876805536e118f0da4.udd" 5478
"C:/Users/Librake/AppData/Local/UnrealEngine/Common/DerivedDataCache/Buckets/LegacyTEXTURE/43/9e/92cf591dfd1533fe822ba36e86228ad2b3b2.udd" 5479
"C:/Users/Librake/AppData/Local/UnrealEngine/Common/DerivedDataCache/Buckets/LegacyTEXTURE/f8/b8/8e9af24bbef13de979acd5d71819fd726000.udd" 5480
"C:/Users/Librake/AppData/Local/UnrealEngine/Common/DerivedDataCache/Buckets/LegacyTEXTURE/a6/3c/d32d5fd6eff48009e96a921d94b1b60c2978.udd" 5481
"C:/Users/Librake/AppData/Local/UnrealEngine/Common/DerivedDataCache/Buckets/LegacyTEXTURE/8d/19/67d78b682ba2825322e448efd5daba04f930.udd" 5482
"C:/Users/Librake/AppData/Local/UnrealEngine/Common/DerivedDataCache/Buckets/LegacyTEXTURE/20/cc/61bf853231d068601d13c1dd16ba30671024.udd" 5483
"C:/Users/Librake/AppData/Local/UnrealEngine/Common/DerivedDataCache/Buckets/LegacyTEXTURE/c6/76/2e00bb83fa6cbdc2fab73b06d66062908d53.udd" 5484
"C:/Users/Librake/AppData/Local/UnrealEngine/Common/DerivedDataCache/Buckets/LegacyTEXTURE/ab/5d/dbaa35fe985796525ffdbf93c2c0e2832bd8.udd" 5485
"C:/Users/Librake/AppData/Local/UnrealEngine/Common/DerivedDataCache/Buckets/LegacyTEXTURE/5f/5f/4143f6481bdf5224860ebabe524976259e74.udd" 5486
"F:/Unreal Projects/DDay_bp/Content/3D/machine_gun/machine_gun_machine_gun_OcclusionRoughnessMetallic.uasset" 5487
"C:/Users/Librake/AppData/Local/UnrealEngine/Common/DerivedDataCache/Buckets/LegacyTEXTURE/89/6c/e52d637d480e048b8055644d203f802afcba.udd" 5488
"C:/Users/Librake/AppData/Local/UnrealEngine/Common/DerivedDataCache/Buckets/LegacyTEXTURE/9a/71/a112716ca7bdb0b86085a8f658a7ccd565d0.udd" 5489
"C:/Users/Librake/AppData/Local/UnrealEngine/Common/DerivedDataCache/Buckets/LegacyTEXTURE/da/ab/6c919c3ec5de4e6fc8375c7f1e76c48f28f8.udd" 5490
"C:/Users/Librake/AppData/Local/UnrealEngine/Common/DerivedDataCache/Buckets/LegacyTEXTURE/d7/82/8baa53a55ba9b204a3a533d5edecab11d024.udd" 5491
"C:/Users/Librake/AppData/Local/UnrealEngine/Common/DerivedDataCache/Buckets/LegacyTEXTURE/21/1b/93afd14eaf81639a243580f41843608abd57.udd" 5492
"C:/Users/Librake/AppData/Local/UnrealEngine/Common/DerivedDataCache/Buckets/LegacyTEXTURE/5b/b5/5e43c0607c13f4f20cde623d29be89d41a97.udd" 5493
"C:/Users/Librake/AppData/Local/UnrealEngine/Common/DerivedDataCache/Buckets/LegacyTEXTURE/d5/73/e72a952065a35d4e09792018b8d0b40253a0.udd" 5494
"C:/Users/Librake/AppData/Local/UnrealEngine/Common/DerivedDataCache/Buckets/LegacyTEXTURE/9c/9d/d31d1bbc8c3b9b2a30cb785eb979ccf6802b.udd" 5495
"C:/Users/Librake/AppData/Local/UnrealEngine/Common/DerivedDataCache/Buckets/LegacyTEXTURE/e1/89/6859543f92b6ffb9ccfdb244ebb04453c865.udd" 5496
"C:/Users/Librake/AppData/Local/UnrealEngine/Common/DerivedDataCache/Buckets/LegacyTEXTURE/73/e3/97de17497e049a041e47435d262be1cc3541.udd" 5497
"C:/Users/Librake/AppData/Local/UnrealEngine/Common/DerivedDataCache/Buckets/LegacyTEXTURE/ab/16/706832dd096a1dc9cf8de2872287bdcfacdd.udd" 5498
"C:/Users/Librake/AppData/Local/UnrealEngine/Common/DerivedDataCache/Buckets/LegacyTEXTURE/46/95/22914d4bc9dd346ed1915e2d117d6dd1a0b2.udd" 5499
"C:/Users/Librake/AppData/Local/UnrealEngine/Common/DerivedDataCache/Buckets/LegacyTEXTURE/a9/1a/ae5abaaafad5d3241ddb2ba5b2221a269e71.udd" 5500
"C:/Users/Librake/AppData/Local/UnrealEngine/Common/DerivedDataCache/Buckets/LegacyTEXTURE/93/49/450247ff199603246f3688e7146f679fa103.udd" 5501
"C:/Users/Librake/AppData/Local/UnrealEngine/Common/DerivedDataCache/Buckets/LegacyTEXTURE/ba/cc/9a771b19982dcf1a916f2c302694a3ca0483.udd" 5502
"C:/Users/Librake/AppData/Local/UnrealEngine/Common/DerivedDataCache/Buckets/BulkDataList/0c/6b/a59ff1b56f66914c520a0e6e8e677c3ae975.udd" 5503
"C:/Users/Librake/AppData/Local/UnrealEngine/Common/DerivedDataCache/Buckets/LegacyTEXTURE/17/b0/dc37e15f9dfd8727c009e7880fb432a61308.udd" 5504
"C:/Users/Librake/AppData/Local/UnrealEngine/Common/DerivedDataCache/Buckets/LegacyTEXTURE/8b/c4/6755f304b972adc9c49c2e9183f20760d4fc.udd" 5505
"F:/Unreal Projects/DDay_bp/Content/3D/machine_gun/skeletal/machine_gun_machine_gun_PhysicsAsset.uasset" 5506
"C:/Users/Librake/AppData/Local/UnrealEngine/Common/DerivedDataCache/Buckets/LegacyTEXTURE/cd/0b/2e63aa547b0b6ec070450bc57b95b97ce5c9.udd" 5507
"C:/Users/Librake/AppData/Local/UnrealEngine/Common/DerivedDataCache/Buckets/LegacyTEXTURE/1c/71/b9791a8512a46fc0d277a5e1dfdc129c01c5.udd" 5508
"C:/Users/Librake/AppData/Local/UnrealEngine/Common/DerivedDataCache/Buckets/LegacyTEXTURE/8e/95/ef7b2fc51b7692941d9c3fbabd47f808486f.udd" 5509
"C:/Users/Librake/AppData/Local/UnrealEngine/Common/DerivedDataCache/Buckets/LegacyTEXTURE/93/9c/2031939b70f172a47a54931a453865b7b962.udd" 5510
"C:/Users/Librake/AppData/Local/UnrealEngine/Common/DerivedDataCache/Buckets/LegacyTEXTURE/5f/61/c48acf0882edc50438162861ce8302680881.udd" 5511
"C:/Users/Librake/AppData/Local/UnrealEngine/Common/DerivedDataCache/Buckets/LegacyTEXTURE/74/bd/a992aa6f4dfe63e146b8cb4f5bfc9460e130.udd" 5512
"C:/Users/Librake/AppData/Local/UnrealEngine/Common/DerivedDataCache/Buckets/LegacyTEXTURE/15/0c/18727f0958b069ae76c08d1eb5c16c887e05.udd" 5513
"C:/Users/Librake/AppData/Local/UnrealEngine/Common/DerivedDataCache/Buckets/LegacyTEXTURE/dd/49/4cef41f01d0f6845119d8e76ca1a289a3147.udd" 5514
"C:/Users/Librake/AppData/Local/UnrealEngine/Common/DerivedDataCache/Buckets/LegacyTEXTURE/74/82/938c63518dbd5c9bce3e4b3d8ad82c3d1f50.udd" 5515
"C:/Users/Librake/AppData/Local/UnrealEngine/Common/DerivedDataCache/Buckets/LegacyTEXTURE/ac/49/037428c77634bb01d988d9436b14c212a7ca.udd" 5516
"C:/Users/Librake/AppData/Local/UnrealEngine/Common/DerivedDataCache/Buckets/LegacyTEXTURE/e1/31/8df0e2e004d8c68862357c1857d6edacb1a9.udd" 5517
"C:/Users/Librake/AppData/Local/UnrealEngine/Common/DerivedDataCache/Buckets/BulkDataList/9e/1a/495c44a44ef3245f3c0074bad427e05b9214.udd" 5518
"C:/Users/Librake/AppData/Local/UnrealEngine/Common/DerivedDataCache/Buckets/LegacyTEXTURE/b7/ae/0b46a449ecd3cc9f622dba8fd296342e227a.udd" 5519
"C:/Users/Librake/AppData/Local/UnrealEngine/Common/DerivedDataCache/Buckets/LegacyTEXTURE/61/f2/730181f97510e6d878add7fabb62bc396c73.udd" 5520
"C:/Users/Librake/AppData/Local/UnrealEngine/Common/DerivedDataCache/Buckets/LegacyTEXTURE/c9/8d/64addedaaa0efafac0da0f8910e3c9b431c2.udd" 5521
"F:/Unreal Projects/DDay_bp/Content/3D/machine_gun/skeletal/machine_gun_machine_gun_Skeleton.uasset" 5522
"C:/Users/Librake/AppData/Local/UnrealEngine/Common/DerivedDataCache/Buckets/LegacyTEXTURE/5a/53/09ff9f3ff58f0d51a1f95cae5c7c047d28b5.udd" 5523
"C:/Users/Librake/AppData/Local/UnrealEngine/Common/DerivedDataCache/Buckets/LegacyTEXTURE/26/94/4fa7579c465dcbdf538e62bee8664296dcde.udd" 5524
"C:/Users/Librake/AppData/Local/UnrealEngine/Common/DerivedDataCache/Buckets/LegacyTEXTURE/42/0a/fcfbcd95e16945fc33400d9a8e49283629fa.udd" 5525
"C:/Users/Librake/AppData/Local/UnrealEngine/Common/DerivedDataCache/Buckets/LegacyTEXTURE/61/49/edeeef4b6b3296c287e8cd160562f9e1a9d5.udd" 5526
"C:/Users/Librake/AppData/Local/UnrealEngine/Common/DerivedDataCache/Buckets/LegacyTEXTURE/f6/ed/6b37603388e8c2faaf2ae7f64b11cc3696c1.udd" 5527
"C:/Users/Librake/AppData/Local/UnrealEngine/Common/DerivedDataCache/Buckets/LegacyTEXTURE/80/3f/a50fc5ba6f3a686bebc0759d4bc7b941485d.udd" 5528
"C:/Users/Librake/AppData/Local/UnrealEngine/Common/DerivedDataCache/Buckets/LegacyTEXTURE/8d/6e/fb3ee8ad25e3dea9870f780058b16a7598fa.udd" 5529
"C:/Users/Librake/AppData/Local/UnrealEngine/Common/DerivedDataCache/Buckets/LegacyTEXTURE/a3/95/e496dcb5fca9661e8bdd9b7ae3e13cc51e3c.udd" 5530
"C:/Users/Librake/AppData/Local/UnrealEngine/Common/DerivedDataCache/Buckets/BulkDataList/85/01/6bae9c423fa52d27c417817a5fb8eb52916a.udd" 5531
"C:/Users/Librake/AppData/Local/UnrealEngine/Common/DerivedDataCache/Buckets/LegacyTEXTURE/6f/6b/b103c50bb2ad10aa5e27f9ac35c7419e454a.udd" 5532
"F:/Unreal Projects/DDay_bp/Content/3D/machine_gun/skeletal/machine_gun_tripod_PhysicsAsset.uasset" 5533
"C:/Users/Librake/AppData/Local/UnrealEngine/Common/DerivedDataCache/Buckets/LegacyTEXTURE/cb/f5/525c9e94ca4d223efb34ef27d1b639b50fc8.udd" 5534
"C:/Users/Librake/AppData/Local/UnrealEngine/Common/DerivedDataCache/Buckets/LegacyTEXTURE/6b/b9/c7db115681042861ccf88bb7ffcb9aa81e80.udd" 5535
"C:/Users/Librake/AppData/Local/UnrealEngine/Common/DerivedDataCache/Buckets/LegacyTEXTURE/f5/16/a2889fb0ff8b6695e2c37d17f04d5f7c4f81.udd" 5536
"C:/Users/Librake/AppData/Local/UnrealEngine/Common/DerivedDataCache/Buckets/LegacyTEXTURE/a7/a1/9804d773750aaa8aa0e7259d6d2ab852fe32.udd" 5537
"C:/Users/Librake/AppData/Local/UnrealEngine/Common/DerivedDataCache/Buckets/LegacyTEXTURE/c1/ea/8a989ac663b196162787b98e34c4fe15b3f2.udd" 5538
"C:/Users/Librake/AppData/Local/UnrealEngine/Common/DerivedDataCache/Buckets/LegacyTEXTURE/db/4e/864f472f7e42b242f47b047af7b8d069d7e1.udd" 5539
"F:/Unreal Projects/DDay_bp/Content/3D/machine_gun/skeletal/machine_gun_tripod_Skeleton.uasset" 5540
"C:/Users/Librake/AppData/Local/UnrealEngine/Common/DerivedDataCache/Buckets/LegacyTEXTURE/59/d0/69005b7fe20e70f93735652baffc8fd83984.udd" 5541
"C:/Users/Librake/AppData/Local/UnrealEngine/Common/DerivedDataCache/Buckets/LegacyTEXTURE/d8/82/acef8fcc8d9f22dc5e76e43244b21ab81404.udd" 5542
"C:/Users/Librake/AppData/Local/UnrealEngine/Common/DerivedDataCache/Buckets/BulkDataList/0b/60/8d37166856e789f801ef9414e4cdce326bd2.udd" 5543
"F:/Unreal Projects/DDay_bp/Content/Sounds/machine_gun_one_shot.uasset" 5544
"C:/Users/Librake/AppData/Local/UnrealEngine/Common/DerivedDataCache/Buckets/BulkDataList/c3/b3/0790139db6c99fbe44e8ec9998243d0df385.udd" 5545
"F:/Unreal Projects/DDay_bp/Content/3D/main_guy/Grenadier/gun/shotgun_PhysicsAsset.uasset" 5546
"C:/Users/Librake/AppData/Local/UnrealEngine/Common/DerivedDataCache/Buckets/BulkDataList/60/47/6511c255575d3b661839edda3300af7f1d17.udd" 5547
"F:/Unreal Projects/DDay_bp/Content/3D/main_guy/Grenadier/gun/shotgun_Skeleton.uasset" 5548
"F:/Unreal Projects/DDay_bp/Content/Data/structs/Shell_angle_deviation.uasset" 5549
"C:/Users/Librake/AppData/Local/UnrealEngine/Common/DerivedDataCache/Buckets/BulkDataList/83/bd/3c53fab269bde24670e5655f53cdcccf20b0.udd" 5550
"F:/Unreal Projects/DDay_bp/Content/Sounds/Shotgun_sound.uasset" 5551
"C:/Users/Librake/AppData/Local/UnrealEngine/Common/DerivedDataCache/Buckets/BulkDataList/04/91/02e701d305efb636361fc21e32e251ed0ae4.udd" 5552
"F:/Unreal Projects/DDay_bp/Content/3D/main_guy/Grenadier/grenadier_bone_down_PhysicsAsset.uasset" 5553
"C:/Users/Librake/AppData/Local/UnrealEngine/Common/DerivedDataCache/Buckets/BulkDataList/8e/f6/e516c178d1cc06dce77e939e95e7f58910ce.udd" 5554
"F:/Unreal Projects/DDay_bp/Content/3D/main_guy/Grenadier/grenadier_bone_down_Skeleton.uasset" 5555
"C:/Users/Librake/AppData/Local/UnrealEngine/Common/DerivedDataCache/Buckets/BulkDataList/96/e5/0b3deb0a31183874e1adf3539f55ca18b6d7.udd" 5556
"F:/Unreal Projects/DDay_bp/Content/3D/main_guy/Tank_guy/Tank_guy_lp_Man_lp_PhysicsAsset.uasset" 5557
"F:/Unreal Projects/DDay_bp/Content/3D/main_guy/Tank_guy/Tank_guy_lp_Man_lp_Skeleton.uasset" 5558
"C:/Users/Librake/AppData/Local/UnrealEngine/Common/DerivedDataCache/Buckets/BulkDataList/d8/51/cf788030b595189d2c53776902b6f7288c94.udd" 5559
"C:/Users/Librake/AppData/Local/UnrealEngine/Common/DerivedDataCache/Buckets/BulkDataList/76/b2/a0d9db577a8fb865886570c719221d03df70.udd" 5560
"F:/Unreal Projects/DDay_bp/Content/3D/enemy/Enemy_shotgunner/enemy_shotgunner_Man_lp_PhysicsAsset.uasset" 5561
"C:/Users/Librake/AppData/Local/UnrealEngine/Common/DerivedDataCache/Buckets/BulkDataList/63/59/88d7bb095ad7c7dfcf9990a0a90dada3b18c.udd" 5562
"F:/Unreal Projects/DDay_bp/Content/3D/enemy/Enemy_shotgunner/enemy_shotgunner_Man_lp_Skeleton.uasset" 5563
"C:/Users/Librake/AppData/Local/UnrealEngine/Common/DerivedDataCache/Buckets/BulkDataList/95/ed/3428ab23ce7fc2da963592d4cdd0c927d5b1.udd" 5564
"C:/Users/Librake/AppData/Local/UnrealEngine/Common/DerivedDataCache/Buckets/LegacyTEXTURE/be/28/c11e27d707814b7dcad3604c5cbf62bc5e4d.udd" 5565
"C:/Users/Librake/AppData/Local/UnrealEngine/Common/DerivedDataCache/Buckets/LegacyTEXTURE/c1/c8/07b78b8fbb0367619d47e7f9897674de415e.udd" 5566
"C:/Users/Librake/AppData/Local/UnrealEngine/Common/DerivedDataCache/Buckets/LegacyTEXTURE/cb/eb/6b0d5f9511a8f101f7f4c6af49dd69135c27.udd" 5567
"C:/Users/Librake/AppData/Local/UnrealEngine/Common/DerivedDataCache/Buckets/LegacyTEXTURE/4d/c7/abe249310a3c29a0ec1e331a19baae849e24.udd" 5568
"C:/Users/Librake/AppData/Local/UnrealEngine/Common/DerivedDataCache/Buckets/LegacyTEXTURE/1b/ea/e4c75d70eb9a6db0e86522da5b7da6f91f01.udd" 5569
"C:/Users/Librake/AppData/Local/UnrealEngine/Common/DerivedDataCache/Buckets/LegacyTEXTURE/8b/b7/2ad10a8ee1d201f9919af03ae63eba77af44.udd" 5570
"C:/Users/Librake/AppData/Local/UnrealEngine/Common/DerivedDataCache/Buckets/LegacyTEXTURE/c7/94/d9116de94a1c53696f3e0b586c760e32e465.udd" 5571
"C:/Users/Librake/AppData/Local/UnrealEngine/Common/DerivedDataCache/Buckets/LegacyTEXTURE/e8/3c/2dddbd3904f97619b7d041b73b9455188d80.udd" 5572
"C:/Users/Librake/AppData/Local/UnrealEngine/Common/DerivedDataCache/Buckets/LegacyTEXTURE/4f/9a/5240579823618779c88f47d45fc2e725f394.udd" 5573
"C:/Users/Librake/AppData/Local/UnrealEngine/Common/DerivedDataCache/Buckets/LegacyTEXTURE/65/52/936d3247a5f2d2c154c68d04e51b7e376021.udd" 5574
"C:/Users/Librake/AppData/Local/UnrealEngine/Common/DerivedDataCache/Buckets/LegacyTEXTURE/97/a7/4ae81b4f5734049cffd03429406a9be03583.udd" 5575
"C:/Users/Librake/AppData/Local/UnrealEngine/Common/DerivedDataCache/Buckets/LegacyTEXTURE/89/82/9ed364592d935c7bfd3b61019a2fa97f218a.udd" 5576
"F:/Unreal Projects/DDay_bp/Content/3D/enemy/enemy2/enemy2_Man_lp_PhysicsAsset.uasset" 5577
"C:/Users/Librake/AppData/Local/UnrealEngine/Common/DerivedDataCache/Buckets/LegacyTEXTURE/26/02/8a369984a628414591d191e046d83ac07c96.udd" 5578
"C:/Users/Librake/AppData/Local/UnrealEngine/Common/DerivedDataCache/Buckets/LegacyTEXTURE/26/43/db53820d93ef04bbe4a4434b084d56ee5b6e.udd" 5579
"C:/Users/Librake/AppData/Local/UnrealEngine/Common/DerivedDataCache/Buckets/LegacyTEXTURE/0e/47/8e1c9c09e28f9c6d6b241433c3f7789e0a85.udd" 5580
"C:/Users/Librake/AppData/Local/UnrealEngine/Common/DerivedDataCache/Buckets/LegacyTEXTURE/77/ef/fb5afe9d114cda4cbaeb0994078e7a97340a.udd" 5581
"C:/Users/Librake/AppData/Local/UnrealEngine/Common/DerivedDataCache/Buckets/LegacyTEXTURE/27/da/6dcbc5d178d88ca1e887a95891e795b5e339.udd" 5582
"C:/Users/Librake/AppData/Local/UnrealEngine/Common/DerivedDataCache/Buckets/LegacyTEXTURE/ad/06/3e1c1ff827d575bc1d12f7da81ddbd945fe9.udd" 5583
"C:/Users/Librake/AppData/Local/UnrealEngine/Common/DerivedDataCache/Buckets/LegacyTEXTURE/b2/92/2d9981160e9c8100324f08845a1dddf5ca8a.udd" 5584
"C:/Users/Librake/AppData/Local/UnrealEngine/Common/DerivedDataCache/Buckets/LegacyTEXTURE/ea/ab/98ed894fda1eb4f4535c8c8f02ec7d2eccae.udd" 5585
"C:/Users/Librake/AppData/Local/UnrealEngine/Common/DerivedDataCache/Buckets/LegacyTEXTURE/cd/3e/56f0e60a424375bfea8c3cab21d73094969c.udd" 5586
"C:/Users/Librake/AppData/Local/UnrealEngine/Common/DerivedDataCache/Buckets/LegacyTEXTURE/ef/c4/0a5ec7fdd23711c64da67e47261ca5198338.udd" 5587
"C:/Users/Librake/AppData/Local/UnrealEngine/Common/DerivedDataCache/Buckets/BulkDataList/58/11/0777c5c2f330e954f3ba36be24df8117fe28.udd" 5588
"C:/Users/Librake/AppData/Local/UnrealEngine/Common/DerivedDataCache/Buckets/LegacyTEXTURE/48/1e/0eab09fcf5be51ed64ee079df676536227e9.udd" 5589
"C:/Users/Librake/AppData/Local/UnrealEngine/Common/DerivedDataCache/Buckets/LegacyTEXTURE/95/d9/e3d805dbafb88bb665cb718bcbf619eba8fa.udd" 5590
"C:/Users/Librake/AppData/Local/UnrealEngine/Common/DerivedDataCache/Buckets/LegacyTEXTURE/37/c5/d8e2c32a31d28d0b618dfa364c25f2784584.udd" 5591
"C:/Users/Librake/AppData/Local/UnrealEngine/Common/DerivedDataCache/Buckets/LegacyTEXTURE/f4/d8/6eb393753f9d23f43fea5cce26d4181f340e.udd" 5592
"C:/Users/Librake/AppData/Local/UnrealEngine/Common/DerivedDataCache/Buckets/LegacyTEXTURE/73/d2/8fa8e069649d4f0047216b2b67b6c04610af.udd" 5593
"F:/Unreal Projects/DDay_bp/Content/3D/enemy/enemy2/enemy2_Man_lp_Skeleton.uasset" 5594
"C:/Users/Librake/AppData/Local/UnrealEngine/Common/DerivedDataCache/Buckets/LegacyTEXTURE/dc/0b/523dea6a64906b8f892a2378b0a2a4727c57.udd" 5595
"C:/Users/Librake/AppData/Local/UnrealEngine/Common/DerivedDataCache/Buckets/LegacyTEXTURE/1e/db/76e2fab9974592219df27c15e9357622f300.udd" 5596
"C:/Users/Librake/AppData/Local/UnrealEngine/Common/DerivedDataCache/Buckets/LegacyTEXTURE/a0/a6/fc2c4f64777068c7a1864c493508b0aaa850.udd" 5597
"C:/Users/Librake/AppData/Local/UnrealEngine/Common/DerivedDataCache/Buckets/LegacyTEXTURE/98/71/9a338a085c32e0f70ea45b15438b3fdf5c5a.udd" 5598
"C:/Users/Librake/AppData/Local/UnrealEngine/Common/DerivedDataCache/Buckets/LegacyTEXTURE/10/28/f83099efccf1e8e7dfc1107edeb2cbaabd66.udd" 5599
"C:/Users/Librake/AppData/Local/UnrealEngine/Common/DerivedDataCache/Buckets/LegacyTEXTURE/ba/16/1e21e12697a7fce8c794c112f3a1312f416c.udd" 5600
"C:/Users/Librake/AppData/Local/UnrealEngine/Common/DerivedDataCache/Buckets/LegacyTEXTURE/ad/83/c3167bd942d1c0c8980d67fcb61d9e710652.udd" 5601
"C:/Users/Librake/AppData/Local/UnrealEngine/Common/DerivedDataCache/Buckets/LegacyTEXTURE/58/4b/df09f34215c96389cc9ae1263ebdec251f7f.udd" 5602
"C:/Users/Librake/AppData/Local/UnrealEngine/Common/DerivedDataCache/Buckets/LegacyTEXTURE/59/57/8225fae2a54ae0bf0e53df3c25dbaabc9a71.udd" 5603
"../../../Engine/Content/VREditor/UI/KeyDiskMaterial.uasset" 5604
"C:/Users/Librake/AppData/Local/UnrealEngine/Common/DerivedDataCache/Buckets/LegacyTEXTURE/08/1a/c457d50a3b03ff35dcdea6967fd858935fed.udd" 5605
"C:/Users/Librake/AppData/Local/UnrealEngine/Common/DerivedDataCache/Buckets/LegacyTEXTURE/ff/83/5e4b1196f08677dc71218a19c8164ed249fa.udd" 5606
"C:/Users/Librake/AppData/Local/UnrealEngine/Common/DerivedDataCache/Buckets/LegacyTEXTURE/ca/c9/5d86957d777ddf7f3846c858343102bb9442.udd" 5607
"C:/Users/Librake/AppData/Local/UnrealEngine/Common/DerivedDataCache/Buckets/LegacyTEXTURE/96/84/aaf5926ab5ba736746d8bdd4f359ca3ee5bf.udd" 5608
"C:/Users/Librake/AppData/Local/UnrealEngine/Common/DerivedDataCache/Buckets/LegacyTEXTURE/97/67/28df184ce31b8dd4fd7ce30fe27651b88805.udd" 5609
"C:/Users/Librake/AppData/Local/UnrealEngine/Common/DerivedDataCache/Buckets/LegacyTEXTURE/36/4c/607f249a6a7033f02ed9abdaa9446bec218b.udd" 5610
"C:/Users/Librake/AppData/Local/UnrealEngine/Common/DerivedDataCache/Buckets/LegacyTEXTURE/cf/2f/97f46244b99b69841be350dd376339c74335.udd" 5611
"F:/Unreal Projects/DDay_bp/Content/Data/structs/Number_Interval.uasset" 5612
"C:/Users/Librake/AppData/Local/UnrealEngine/Common/DerivedDataCache/Buckets/LegacyTEXTURE/67/a6/7b6aa8afd15406f3395617f212d19960e730.udd" 5613
"C:/Users/Librake/AppData/Local/UnrealEngine/Common/DerivedDataCache/Buckets/LegacyTEXTURE/f6/2c/0bb765c5204251483068c10c3adde5ee3ff5.udd" 5614
"C:/Users/Librake/AppData/Local/UnrealEngine/Common/DerivedDataCache/Buckets/LegacyTEXTURE/a1/e9/3c6edf24fdd793f4bcf36561520e95ec21df.udd" 5615
"C:/Users/Librake/AppData/Local/UnrealEngine/Common/DerivedDataCache/Buckets/LegacyTEXTURE/6e/ba/118e81d88d818d70ecd306568c582d966e80.udd" 5616
"C:/Users/Librake/AppData/Local/UnrealEngine/Common/DerivedDataCache/Buckets/LegacyTEXTURE/21/3f/898ec262433ab6d4879ff1c9f18dd48700e9.udd" 5617
"C:/Users/Librake/AppData/Local/UnrealEngine/Common/DerivedDataCache/Buckets/LegacyTEXTURE/a9/12/9ec992fb34cb8542a4c88c6d478a4565fa78.udd" 5618
"C:/Users/Librake/AppData/Local/UnrealEngine/Common/DerivedDataCache/Buckets/LegacyTEXTURE/c1/84/10b564cf74047441af76f50fc7dd7d8fffce.udd" 5619
"C:/Users/Librake/AppData/Local/UnrealEngine/Common/DerivedDataCache/Buckets/LegacyTEXTURE/47/7e/91f75326716799c713d38ae294f49e95e632.udd" 5620
"C:/Users/Librake/AppData/Local/UnrealEngine/Common/DerivedDataCache/Buckets/BulkDataList/75/52/9733dd8b27d31dc42c310fdc03e5bb16e4fb.udd" 5621
"C:/Users/Librake/AppData/Local/UnrealEngine/Common/DerivedDataCache/Buckets/LegacyTEXTURE/3c/55/7c441e9756625b1c44062fac7ac9fecf864e.udd" 5622
"C:/Users/Librake/AppData/Local/UnrealEngine/Common/DerivedDataCache/Buckets/LegacyTEXTURE/a4/07/b6497b9ff6ea8f35610b35e0bd7a8d05219c.udd" 5623
"F:/Unreal Projects/DDay_bp/Content/Sounds/win_sound.uasset" 5624
"C:/Users/Librake/AppData/Local/UnrealEngine/Common/DerivedDataCache/Buckets/LegacyTEXTURE/82/00/76fa945aa562dd6061760e5eddb572244d02.udd" 5625
"C:/Users/Librake/AppData/Local/UnrealEngine/Common/DerivedDataCache/Buckets/LegacyTEXTURE/2e/29/5e9dd16caeeef8eaab0560bd833113bec0ff.udd" 5626
"C:/Users/Librake/AppData/Local/UnrealEngine/Common/DerivedDataCache/Buckets/LegacyTEXTURE/e6/b2/0fc692ccc9687136f220c591edf5b25ee9c4.udd" 5627
"C:/Users/Librake/AppData/Local/UnrealEngine/Common/DerivedDataCache/Buckets/LegacyTEXTURE/de/17/046e11f336334a237d7187c304b55a79fe3a.udd" 5628
"C:/Users/Librake/AppData/Local/UnrealEngine/Common/DerivedDataCache/Buckets/LegacyTEXTURE/d9/db/fab360d0315b5329f385fd6b09e57f026032.udd" 5629
"C:/Users/Librake/AppData/Local/UnrealEngine/Common/DerivedDataCache/Buckets/LegacyTEXTURE/4d/72/da747ce5ad33b4b84e68f1de4b44dcf74f3b.udd" 5630
"F:/Unreal Projects/DDay_bp/Content/3D/bullet/bullet/mat/bullet_bullet_BaseColor.uasset" 5631
"F:/Unreal Projects/DDay_bp/Content/3D/bullet/bullet/mat/bullet_bullet_Emissive.uasset" 5632
"C:/Users/Librake/AppData/Local/UnrealEngine/Common/DerivedDataCache/Buckets/BulkDataList/ee/8e/dea9c6649d235ae7ee6b89a729139af83294.udd" 5633
"F:/Unreal Projects/DDay_bp/Content/3D/bullet/bullet/mat/bullet_bullet_OcclusionRoughnessMetallic.uasset" 5634
"F:/Unreal Projects/DDay_bp/Content/Sounds/Artellery/incoming-mortar-3-86033.uasset" 5635
"F:/Unreal Projects/DDay_bp/Content/3D/flag/flag_PhysicsAsset.uasset" 5636
"C:/Users/Librake/AppData/Local/UnrealEngine/Common/DerivedDataCache/Buckets/BulkDataList/b9/ff/e07c92a4c97164860a798240e67716770e9f.udd" 5637
"F:/Unreal Projects/DDay_bp/Content/3D/flag/flag_Skeleton.uasset" 5638
"F:/Unreal Projects/DDay_bp/Content/3D/flag/txtr/britain/flag_britain_BaseColor.uasset" 5639
"F:/Unreal Projects/DDay_bp/Content/3D/flag/txtr/britain/flag_flag_Normal.uasset" 5640
"C:/Users/Librake/AppData/Local/UnrealEngine/Common/DerivedDataCache/Buckets/BulkDataList/f5/cf/9a6f1e5b737d1bede237492e53accd7ec849.udd" 5641
"F:/Unreal Projects/DDay_bp/Content/3D/flag/txtr/britain/flag_flag_OcclusionRoughnessMetallic.uasset" 5642
"C:/Users/Librake/AppData/Local/UnrealEngine/Common/DerivedDataCache/Buckets/BulkDataList/8d/02/021f00c107e093d17a8538ce78b05faa7272.udd" 5643
"F:/Unreal Projects/DDay_bp/Content/Sounds/Game_Events/tada-fanfare-a-6313.uasset" 5644
"C:/Users/Librake/AppData/Local/UnrealEngine/Common/DerivedDataCache/Buckets/BulkDataList/ab/0b/fed467c824056fe6454f2d9e6fb50155e2cd.udd" 5645
"../../../Engine/Content/EngineMaterials/DefaultCubemap.uasset" 5646
"C:/Users/Librake/AppData/Local/UnrealEngine/Common/DerivedDataCache/Buckets/BulkDataList/8a/af/a9073e99e53839a59b924c0f72adf3249adb.udd" 5647
"C:/Users/Librake/AppData/Local/UnrealEngine/Common/DerivedDataCache/Buckets/LegacyTEXTURE/2a/e5/cd2854ffaf761ede132e7586c2c3df5ae416.udd" 5648
"C:/Users/Librake/AppData/Local/UnrealEngine/Common/DerivedDataCache/Buckets/LegacyAudio/c1/fe/09d64a4bc9afdb3cfaa7c005631da2aafdfb.udd" 5649
"C:/Users/Librake/AppData/Local/UnrealEngine/Common/DerivedDataCache/Buckets/LegacyTEXTURE/b7/1a/a232787f3be84e63bb18e1c3b6348921c435.udd" 5650
"C:/Users/Librake/AppData/Local/UnrealEngine/Common/DerivedDataCache/Buckets/LegacyTEXTURE/ac/86/ff4b878a285c8602fd90428a13386875b4dd.udd" 5651
"C:/Users/Librake/AppData/Local/UnrealEngine/Common/DerivedDataCache/Buckets/LegacyTEXTURE/b7/ef/6b034962d74d15d8770ffffb5756c61a5022.udd" 5652
"C:/Users/Librake/AppData/Local/UnrealEngine/Common/DerivedDataCache/Buckets/LegacySTREAMEDAUDIO/08/2b/f1e66b12b5c1be617f13bf5c55f9a4353162.udd" 5653
"C:/Users/Librake/AppData/Local/UnrealEngine/Common/DerivedDataCache/Buckets/LegacySTREAMEDAUDIO/1d/65/e27e4eaf8137fa7699bb98bf8f1f1843f424.udd" 5654
"C:/Users/Librake/AppData/Local/UnrealEngine/Common/DerivedDataCache/Buckets/LegacySTREAMEDAUDIO/76/da/9eca6b316fee80be013b5751b2cae35bffc9.udd" 5655
"C:/Users/Librake/AppData/Local/UnrealEngine/Common/DerivedDataCache/Buckets/LegacyAudio/79/1c/70bf8823a69dae9ee383603a1a0313728bfe.udd" 5656
"C:/Users/Librake/AppData/Local/UnrealEngine/Common/DerivedDataCache/Buckets/LegacySTREAMEDAUDIO/09/07/d6d3009dac6889d09d2dd5758c9e072eeb94.udd" 5657
"C:/Users/Librake/AppData/Local/UnrealEngine/Common/DerivedDataCache/Buckets/LegacySTREAMEDAUDIO/01/fc/cbf2709d701e61ae8de3a274855a78421ffc.udd" 5658
"C:/Users/Librake/AppData/Local/UnrealEngine/Common/DerivedDataCache/Buckets/LegacySTREAMEDAUDIO/ea/13/65b70e5ceccd9be2f2c7a759db3b3201993c.udd" 5659
"C:/Users/Librake/AppData/Local/UnrealEngine/Common/DerivedDataCache/Buckets/LegacyAudio/6e/ba/647208989030303dfd5284ffbcee4397dffd.udd" 5660
"C:/Users/Librake/AppData/Local/UnrealEngine/Common/DerivedDataCache/Buckets/LegacySTREAMEDAUDIO/76/ca/df324ecf3f1b3b13986690a26819b949ed8d.udd" 5661
"C:/Users/Librake/AppData/Local/UnrealEngine/Common/DerivedDataCache/Buckets/LegacyAudio/20/4d/28693330e7aaf6ed706c1c0c6969c5b0cb34.udd" 5662
"C:/Users/Librake/AppData/Local/UnrealEngine/Common/DerivedDataCache/Buckets/LegacySTREAMEDAUDIO/59/9a/a2939af0313c07acf0e7d4a25604cf2103e5.udd" 5663
"C:/Users/Librake/AppData/Local/UnrealEngine/Common/DerivedDataCache/Buckets/LegacySTREAMEDAUDIO/16/31/df54a78b7aec08d19bcef65394b0b30fa379.udd" 5664
"F:/Unreal Projects/DDay_bp/Content/Sounds/mine_explosion_sound.uasset" 5665
"C:/Users/Librake/AppData/Local/UnrealEngine/Common/DerivedDataCache/Buckets/LegacySTREAMEDAUDIO/cc/73/491d2adba6efd4aa42f674a673aa62addc30.udd" 5666
"C:/Users/Librake/AppData/Local/UnrealEngine/Common/DerivedDataCache/Buckets/LegacySTREAMEDAUDIO/ec/cd/da36d533445765cdc7e8b1031c80dfac3ad6.udd" 5667
"C:/Users/Librake/AppData/Local/UnrealEngine/Common/DerivedDataCache/Buckets/LegacySTREAMEDAUDIO/ff/f7/fbad30210cdb87bee201c79f3883ae648fae.udd" 5668
"C:/Users/Librake/AppData/Local/UnrealEngine/Common/DerivedDataCache/Buckets/LegacyTEXTURE/9d/a8/1fce857e290562c3b3bae4dc3ff064cce5b2.udd" 5669
"C:/Users/Librake/AppData/Local/UnrealEngine/Common/DerivedDataCache/Buckets/LegacyTEXTURE/f8/f7/4fe25bb54491248b286711f62a93ee2ec2a4.udd" 5670
"C:/Users/Librake/AppData/Local/UnrealEngine/Common/DerivedDataCache/Buckets/LegacyTEXTURE/86/f4/6dbdb439758e62ea6e8534f76ae5f62cc4eb.udd" 5671
"C:/Users/Librake/AppData/Local/UnrealEngine/Common/DerivedDataCache/Buckets/LegacyTEXTURE/b2/11/4cbf91b5ff27273d5c539995ab4f4bbf42cc.udd" 5672
"C:/Users/Librake/AppData/Local/UnrealEngine/Common/DerivedDataCache/Buckets/LegacyTEXTURE/20/f5/3930b8dcceaf7321a09076a170641af75da6.udd" 5673
"../../../Engine/Content/EngineResources/AICON-Green.uasset" 5674
"C:/Users/Librake/AppData/Local/UnrealEngine/Common/DerivedDataCache/Buckets/LegacyTEXTURE/de/35/8ba808f165ae5d3072cc04d9570f3a24a02a.udd" 5675
"C:/Users/Librake/AppData/Local/UnrealEngine/Common/DerivedDataCache/Buckets/LegacyTEXTURE/38/7b/b337c421b4cb43df897c9f6b425e98ce497b.udd" 5676
"C:/Users/Librake/AppData/Local/UnrealEngine/Common/DerivedDataCache/Buckets/LegacyTEXTURE/c4/f6/92a59c3b89caa4f26a3a9ec25799abfcffb3.udd" 5677
"C:/Users/Librake/AppData/Local/UnrealEngine/Common/DerivedDataCache/Buckets/LegacyTEXTURE/ab/81/1317ae993359e536674df06fc5c4ff41418d.udd" 5678
"C:/Users/Librake/AppData/Local/UnrealEngine/Common/DerivedDataCache/Buckets/LegacyTEXTURE/b5/eb/eed7b21604b44115716f480674dee80439f3.udd" 5679
"C:/Users/Librake/AppData/Local/UnrealEngine/Common/DerivedDataCache/Buckets/LegacyTEXTURE/e3/b7/8ecc72aa705c34ae12f1ea48d548666f2266.udd" 5680
"C:/Users/Librake/AppData/Local/UnrealEngine/Common/DerivedDataCache/Buckets/LegacyTEXTURE/ed/f5/558726e01610b4808a21acf07f6919602f93.udd" 5681
"C:/Users/Librake/AppData/Local/UnrealEngine/Common/DerivedDataCache/Buckets/LegacyTEXTURE/6b/c6/fb03a9cb03a2991d7665c1c6528bf3e59871.udd" 5682
"C:/Users/Librake/AppData/Local/UnrealEngine/Common/DerivedDataCache/Buckets/LegacyTEXTURE/9b/39/c6938faa77e49860d55c9e5f478a44a3987a.udd" 5683
"C:/Users/Librake/AppData/Local/UnrealEngine/Common/DerivedDataCache/Buckets/LegacyTEXTURE/fa/4b/eefe36a8a29d06af8c954860666802154475.udd" 5684
"C:/Users/Librake/AppData/Local/UnrealEngine/Common/DerivedDataCache/Buckets/BulkDataList/7a/64/ebef4fb566250535e766ebe234f5b712a408.udd" 5685
"F:/Unreal Projects/DDay_bp/Content/UI/Resurses/Level_choose/Bonus_level_pict_Choose_level.uasset" 5686
"F:/Unreal Projects/DDay_bp/Content/UI/Resurses/Level_choose/First_level_pict_Choose_level.uasset" 5687
"C:/Users/Librake/AppData/Local/UnrealEngine/Common/DerivedDataCache/Buckets/BulkDataList/5d/3b/23d44f877407ed042ea64040c52820117228.udd" 5688
"F:/Unreal Projects/DDay_bp/Content/UI/Resurses/Level_choose/Bonus_level_pict_COLORED_Choose_level.uasset" 5689
"F:/Unreal Projects/DDay_bp/Content/Data/enums/Languages.uasset" 5690
"F:/Unreal Projects/DDay_bp/Content/UI/Resurses/Level_choose/Second_level_pict_Choose_level.uasset" 5691
"F:/Unreal Projects/DDay_bp/Content/UI/Resurses/Level_choose/First_level_pict_COLORED_Choose_level.uasset" 5692
"F:/Unreal Projects/DDay_bp/Content/Default/Input/Actions/IA_SetDestination_Touch.uasset" 5693
"F:/Unreal Projects/DDay_bp/Content/UI/Resurses/Level_choose/Second_level_pict_COLORED_Choose_level.uasset" 5694
"F:/Unreal Projects/DDay_bp/Content/UI/Resurses/Arc/arc.uasset" 5695
"F:/Unreal Projects/DDay_bp/Content/UI/Resurses/Level_choose/Study_level_pict_Choose_level.uasset" 5696
"F:/Unreal Projects/DDay_bp/Content/UI/Resurses/Level_choose/Study_level_pict_COLORED_Choose_level.uasset" 5697
"F:/Unreal Projects/DDay_bp/Content/UI/Resurses/Level_choose/Third_level_pict_COLORED_Choose_level.uasset" 5698
"C:/Users/Librake/AppData/Local/UnrealEngine/Common/DerivedDataCache/Buckets/LegacyAudio/55/af/471496759fae9343fc27010c92ab6c9d4802.udd" 5699
"F:/Unreal Projects/DDay_bp/Content/UI/Resurses/Level_choose/Third_level_pict_Choose_level.uasset" 5700
"C:/Users/Librake/AppData/Local/UnrealEngine/Common/DerivedDataCache/Buckets/LegacySTREAMEDAUDIO/06/3a/305468bd72018fcc29f10093ad056c14edca.udd" 5701
"C:/Users/Librake/AppData/Local/UnrealEngine/Common/DerivedDataCache/Buckets/LegacySTREAMEDAUDIO/1f/7b/2e269e23016cde99f9c133f4d7f0a95dde79.udd" 5702
"C:/Users/Librake/AppData/Local/UnrealEngine/Common/DerivedDataCache/Buckets/LegacySTREAMEDAUDIO/e4/d2/9bc2f950605e6a7ad9290a0e9e31c87c4d1a.udd" 5703
"F:/Unreal Projects/DDay_bp/Content/UI/Localization/Graphics_Preset.uasset" 5704
"C:/Users/Librake/AppData/Local/UnrealEngine/Common/DerivedDataCache/Buckets/LegacySTREAMEDAUDIO/98/28/1cef0935db52cccaf025bd26392364f9704d.udd" 5705
"C:/Users/Librake/AppData/Local/UnrealEngine/Common/DerivedDataCache/Buckets/LegacyAudio/21/1a/95a6f1df1a74e39426c6c3b2566e416667cf.udd" 5706
"C:/Users/Librake/AppData/Local/UnrealEngine/Common/DerivedDataCache/Buckets/LegacySTREAMEDAUDIO/d5/30/1975aa255bd2499d957a53bda1237d9608d6.udd" 5707
"C:/Users/Librake/AppData/Local/UnrealEngine/Common/DerivedDataCache/Buckets/LegacySTREAMEDAUDIO/a9/d5/adb9cb095372a9f8361bd8b3695dab80fdca.udd" 5708
"F:/Unreal Projects/DDay_bp/Content/UI/Resurses/Arc/arc2.uasset" 5709
"F:/Unreal Projects/DDay_bp/Content/UI/Widgets/Game/Blur_BackGrround.uasset" 5710
"F:/Unreal Projects/DDay_bp/Content/Sounds/Speaking/Level_01/Level_01_dialog_0_3.uasset" 5711
"F:/Unreal Projects/DDay_bp/Content/Sounds/Speaking/Level_01/Level_01_dialog_01.uasset" 5712
"C:/Users/Librake/AppData/Local/UnrealEngine/Common/DerivedDataCache/Buckets/BulkDataList/de/f5/4b3537e786340ed9c2be341bb42d5e1d9d48.udd" 5713
"F:/Unreal Projects/DDay_bp/Content/Sounds/Speaking/Level_01/Level_01_dialog_02.uasset" 5714
"C:/Users/Librake/AppData/Local/UnrealEngine/Common/DerivedDataCache/Buckets/BulkDataList/bd/f2/2ba4b30c27459ba815b851d31616a0ce6e06.udd" 5715
"F:/Unreal Projects/DDay_bp/Content/Sounds/Speaking/Level_01/Level_01_dialog_2_5.uasset" 5716
"C:/Users/Librake/AppData/Local/UnrealEngine/Common/DerivedDataCache/Buckets/BulkDataList/9d/5d/dcc85b19eb23acb10a545619fd83de7d9053.udd" 5717
"F:/Unreal Projects/DDay_bp/Content/Sounds/Speaking/Level_01/Level_01_dialog_2_5_2.uasset" 5718
"C:/Users/Librake/AppData/Local/UnrealEngine/Common/DerivedDataCache/Buckets/BulkDataList/9b/e5/2a32db1566e40b4b483e2427ceb932afd255.udd" 5719
"F:/Unreal Projects/DDay_bp/Content/Sounds/Speaking/Level_02/Level_02_dialog01.uasset" 5720
"C:/Users/Librake/AppData/Local/UnrealEngine/Common/DerivedDataCache/Buckets/BulkDataList/82/e8/559f4fbf58bea2e18cb4ecb934564ffec99d.udd" 5721
"F:/Unreal Projects/DDay_bp/Content/Sounds/Speaking/Level_02/Level_02_dialog02.uasset" 5722
"F:/Unreal Projects/DDay_bp/Content/Sounds/Speaking/Level_02/Level_02_dialog03.uasset" 5723
"F:/Unreal Projects/DDay_bp/Content/Sounds/Speaking/Level_02/Level_02_failure.uasset" 5724
"C:/Users/Librake/AppData/Local/UnrealEngine/Common/DerivedDataCache/Buckets/BulkDataList/65/dd/66b43951189064d132be78b5f170779c34f7.udd" 5725
"F:/Unreal Projects/DDay_bp/Content/Sounds/Speaking/Level_02/Level_02_win.uasset" 5726
"C:/Users/Librake/AppData/Local/UnrealEngine/Common/DerivedDataCache/Buckets/BulkDataList/6c/9b/149993a6ccc7135a69643f522f874fdc790c.udd" 5727
"F:/Unreal Projects/DDay_bp/Content/Sounds/Speaking/Level_03/Level_03_dialog_01.uasset" 5728
"C:/Users/Librake/AppData/Local/UnrealEngine/Common/DerivedDataCache/Buckets/BulkDataList/d3/45/ccbb86c64085a4af620e734f8090833a7109.udd" 5729
"F:/Unreal Projects/DDay_bp/Content/Sounds/Speaking/Level_03/Level_03_dialog_02.uasset" 5730
"C:/Users/Librake/AppData/Local/UnrealEngine/Common/DerivedDataCache/Buckets/BulkDataList/a3/22/e1eadb3311a5329beb96ed3b9ad9d609d7e6.udd" 5731
"F:/Unreal Projects/DDay_bp/Content/Sounds/Speaking/Level_03/Level_03_dialog_03.uasset" 5732
"F:/Unreal Projects/DDay_bp/Content/Sounds/Speaking/Level_03/Level_03_dialog_04.uasset" 5733
"C:/Users/Librake/AppData/Local/UnrealEngine/Common/DerivedDataCache/Buckets/BulkDataList/51/46/9837651e4854b00804a8e36aa47dd1b8ef26.udd" 5734
"C:/Users/Librake/AppData/Local/UnrealEngine/Common/DerivedDataCache/Buckets/BulkDataList/83/50/66a7f4e386883843ec9734e115a00ef4ca82.udd" 5735
"C:/Users/Librake/AppData/Local/UnrealEngine/Common/DerivedDataCache/Buckets/LegacyAudio/d1/ea/f96542c1e9194802a9093a87080af61762de.udd" 5736
"C:/Users/Librake/AppData/Local/UnrealEngine/Common/DerivedDataCache/Buckets/LegacySTREAMEDAUDIO/b7/b5/7405b278a6847f775d64a066616a137aba60.udd" 5737
"C:/Users/Librake/AppData/Local/UnrealEngine/Common/DerivedDataCache/Buckets/LegacySTREAMEDAUDIO/e9/94/c2718a34f9c711acb82e820a1e09b151581f.udd" 5738
"C:/Users/Librake/AppData/Local/UnrealEngine/Common/DerivedDataCache/Buckets/LegacySTREAMEDAUDIO/c9/a6/9905cc4c188137669ffcb9c2ae5d0f1fed05.udd" 5739
"C:/Users/Librake/AppData/Local/UnrealEngine/Common/DerivedDataCache/Buckets/LegacyAudio/9f/13/3520781467079efc81f599ac8227cf43540f.udd" 5740
"C:/Users/Librake/AppData/Local/UnrealEngine/Common/DerivedDataCache/Buckets/LegacyTEXTURE/53/17/470921493568b074d0dc153794dc8275bbf6.udd" 5741
"C:/Users/Librake/AppData/Local/UnrealEngine/Common/DerivedDataCache/Buckets/LegacyTEXTURE/59/dc/5a1c0a064cef97078f384ad776efcde3c636.udd" 5742
"C:/Users/Librake/AppData/Local/UnrealEngine/Common/DerivedDataCache/Buckets/LegacyTEXTURE/94/29/2655d6ba7d011e150a57f884d5f53fee128f.udd" 5743
"C:/Users/Librake/AppData/Local/UnrealEngine/Common/DerivedDataCache/Buckets/LegacyTEXTURE/34/be/bf8f6a86012b0978d84708363b473c755b54.udd" 5744
"C:/Users/Librake/AppData/Local/UnrealEngine/Common/DerivedDataCache/Buckets/LegacyTEXTURE/01/64/3558bd93a5dab01bc72d5f8f41609019cfcf.udd" 5745
"C:/Users/Librake/AppData/Local/UnrealEngine/Common/DerivedDataCache/Buckets/LegacyTEXTURE/0d/09/b866b3f38dd8510aecb63a9da02aabc831c3.udd" 5746
"C:/Users/Librake/AppData/Local/UnrealEngine/Common/DerivedDataCache/Buckets/LegacyTEXTURE/b2/ca/66801ea1f7a30e938591128bc9dcc2052d58.udd" 5747
"C:/Users/Librake/AppData/Local/UnrealEngine/Common/DerivedDataCache/Buckets/LegacyTEXTURE/77/06/fc088340e29eb570159b233ce814edbefe8c.udd" 5748
"C:/Users/Librake/AppData/Local/UnrealEngine/Common/DerivedDataCache/Buckets/LegacyTEXTURE/21/40/15c15515ae1a41b36818d6a9de35cad3d7c5.udd" 5749
"C:/Users/Librake/AppData/Local/UnrealEngine/Common/DerivedDataCache/Buckets/LegacyAudio/8e/4a/f0640d3e1c00c523091157dc9b0ee03079a1.udd" 5750
"C:/Users/Librake/AppData/Local/UnrealEngine/Common/DerivedDataCache/Buckets/LegacyAudio/28/3b/39e120461a66b5c3df987ef62020c79d8508.udd" 5751
"F:/Unreal Projects/DDay_bp/Content/Sounds/Speaking/Level_03/Level_03_dialog_05.uasset" 5752
"C:/Users/Librake/AppData/Local/UnrealEngine/Common/DerivedDataCache/Buckets/LegacySTREAMEDAUDIO/b8/f9/05351bf866bc99031359cd29d97f64e2da0a.udd" 5753
"C:/Users/Librake/AppData/Local/UnrealEngine/Common/DerivedDataCache/Buckets/LegacySTREAMEDAUDIO/91/ef/e104b4bd9654acb61b39edea60bac9596691.udd" 5754
"C:/Users/Librake/AppData/Local/UnrealEngine/Common/DerivedDataCache/Buckets/LegacySTREAMEDAUDIO/cf/41/033a65087d6901ba2913332576bc8ebf414b.udd" 5755
"C:/Users/Librake/AppData/Local/UnrealEngine/Common/DerivedDataCache/Buckets/BulkDataList/09/33/789c74150234e82f5ed3b280ad5275cc638b.udd" 5756
"F:/Unreal Projects/DDay_bp/Content/Sounds/Speaking/Level_03/Level_03_dialog_06.uasset" 5757
"C:/Users/Librake/AppData/Local/UnrealEngine/Common/DerivedDataCache/Buckets/LegacyTEXTURE/a3/3d/d28598cd581d1a420133b547adc994372845.udd" 5758
"C:/Users/Librake/AppData/Local/UnrealEngine/Common/DerivedDataCache/Buckets/LegacyTEXTURE/0d/da/6a627cd7c73c2cd06451e2a915cf26977a54.udd" 5759
"C:/Users/Librake/AppData/Local/UnrealEngine/Common/DerivedDataCache/Buckets/LegacyTEXTURE/36/97/d7af27120af31efe76904151dfd68a346a19.udd" 5760
"C:/Users/Librake/AppData/Local/UnrealEngine/Common/DerivedDataCache/Buckets/LegacyTEXTURE/1a/1a/b14061539dd2a7a6afb4e0b684fc6f622e52.udd" 5761
"C:/Users/Librake/AppData/Local/UnrealEngine/Common/DerivedDataCache/Buckets/LegacyTEXTURE/c8/02/2e8b0883a3fd83c668010e7b20fc621a3317.udd" 5762
"C:/Users/Librake/AppData/Local/UnrealEngine/Common/DerivedDataCache/Buckets/LegacyTEXTURE/4b/d9/bc0973b11f0525a0761675faed07582ef9fd.udd" 5763
"C:/Users/Librake/AppData/Local/UnrealEngine/Common/DerivedDataCache/Buckets/LegacyTEXTURE/e4/10/9d456e0f4e31cebc4173344bb73d8064416f.udd" 5764
"C:/Users/Librake/AppData/Local/UnrealEngine/Common/DerivedDataCache/Buckets/LegacyTEXTURE/03/af/1ff29ffcbb6ee393c9881d13adda6815bbcd.udd" 5765
"C:/Users/Librake/AppData/Local/UnrealEngine/Common/DerivedDataCache/Buckets/LegacyTEXTURE/f1/d3/29a4f851b511bca67e4e50bb2d4f2b79c969.udd" 5766
"C:/Users/Librake/AppData/Local/UnrealEngine/Common/DerivedDataCache/Buckets/BulkDataList/5e/0c/b9c7251b061a0eaf9a10a8eaf564ca9cae8e.udd" 5767
"F:/Unreal Projects/DDay_bp/Content/Sounds/Speaking/Level_03/Level_03_dialog_07.uasset" 5768
"C:/Users/Librake/AppData/Local/UnrealEngine/Common/DerivedDataCache/Buckets/LegacyTEXTURE/d5/14/138f0e586fa4ea26cb91be77a9d48299b02b.udd" 5769
"C:/Users/Librake/AppData/Local/UnrealEngine/Common/DerivedDataCache/Buckets/LegacyTEXTURE/52/fe/de6a7b832a4b71cb7422563e39fb065be872.udd" 5770
"C:/Users/Librake/AppData/Local/UnrealEngine/Common/DerivedDataCache/Buckets/LegacyTEXTURE/10/b0/282ecdbec343317b8e03edf14a502380a88c.udd" 5771
"C:/Users/Librake/AppData/Local/UnrealEngine/Common/DerivedDataCache/Buckets/LegacyTEXTURE/2d/b0/42099ed720d0ab2f4cf015c786369441ceb4.udd" 5772
"C:/Users/Librake/AppData/Local/UnrealEngine/Common/DerivedDataCache/Buckets/LegacyTEXTURE/81/29/03d44a36859e42cb2f34bf390859bc1bc51a.udd" 5773
"C:/Users/Librake/AppData/Local/UnrealEngine/Common/DerivedDataCache/Buckets/LegacyTEXTURE/0a/18/024e441057cb3809b257e2d371da519d4d38.udd" 5774
"C:/Users/Librake/AppData/Local/UnrealEngine/Common/DerivedDataCache/Buckets/LegacyTEXTURE/fc/03/e26d73191632d441b95eed2bcc9fe9572ce6.udd" 5775
"C:/Users/Librake/AppData/Local/UnrealEngine/Common/DerivedDataCache/Buckets/BulkDataList/ce/64/241da91c7773f5ab325f010d2f9ccc9a870d.udd" 5776
"F:/Unreal Projects/DDay_bp/Content/Sounds/Speaking/Level_03/Level_03_dialog_08.uasset" 5777
"C:/Users/Librake/AppData/Local/UnrealEngine/Common/DerivedDataCache/Buckets/LegacyTEXTURE/a7/44/fee849ef3972f4122ba74178c47d111a8028.udd" 5778
"C:/Users/Librake/AppData/Local/UnrealEngine/Common/DerivedDataCache/Buckets/LegacyTEXTURE/f8/27/4144e3ae619a73eba0dbdf63f0cc9397f513.udd" 5779
"C:/Users/Librake/AppData/Local/UnrealEngine/Common/DerivedDataCache/Buckets/LegacySTREAMEDAUDIO/6f/e6/73ed638f8d4de16cd98a55b0303ecd52d994.udd" 5780
"C:/Users/Librake/AppData/Local/UnrealEngine/Common/DerivedDataCache/Buckets/LegacySTREAMEDAUDIO/8d/87/07b724a6488659f5793a2936863c415577ab.udd" 5781
"C:/Users/Librake/AppData/Local/UnrealEngine/Common/DerivedDataCache/Buckets/LegacySTREAMEDAUDIO/55/7b/06e370852f3dc37b4e997bc5febcf47ff76a.udd" 5782
"C:/Users/Librake/AppData/Local/UnrealEngine/Common/DerivedDataCache/Buckets/BulkDataList/2d/45/cf4c57eb62c1926b5b19f9ce5287edbcc583.udd" 5783
"F:/Unreal Projects/DDay_bp/Content/Sounds/Walkie_Talkie_sound.uasset" 5784
"C:/Users/Librake/AppData/Local/UnrealEngine/Common/DerivedDataCache/Buckets/LegacySTREAMEDAUDIO/ad/34/fa7eaf5adcc311d928b5bec6f0f7db8698e0.udd" 5785
"C:/Users/Librake/AppData/Local/UnrealEngine/Common/DerivedDataCache/Buckets/LegacySTREAMEDAUDIO/81/e9/e5775334dba84d57ba18fd50b876b6689112.udd" 5786
"C:/Users/Librake/AppData/Local/UnrealEngine/Common/DerivedDataCache/Buckets/LegacySTREAMEDAUDIO/88/a5/75bd83288e262c390468efdace7e4a22974e.udd" 5787
"C:/Users/Librake/AppData/Local/UnrealEngine/Common/DerivedDataCache/Buckets/BulkDataList/55/b6/0a88a278e5efb36ec6c895e684dc878bd2ea.udd" 5788
"F:/Unreal Projects/DDay_bp/Content/UI/Fonts/EBGaramond.uasset" 5789
"C:/Users/Librake/AppData/Local/UnrealEngine/Common/DerivedDataCache/Buckets/BulkDataList/bb/0d/fc2bda99eab9653b97e0ca603239ca9c1b17.udd" 5790
"F:/Unreal Projects/DDay_bp/Content/UI/Resurses/HP/HP_in.uasset" 5791
"C:/Users/Librake/AppData/Local/UnrealEngine/Common/DerivedDataCache/Buckets/BulkDataList/4c/93/5f4e421ea4d583e49b2a11aa29f5789ccaea.udd" 5792
"F:/Unreal Projects/DDay_bp/Content/UI/Resurses/HP/HP_out.uasset" 5793
"C:/Users/Librake/AppData/Local/UnrealEngine/Common/DerivedDataCache/Buckets/BulkDataList/5b/5e/02bc48897c7cd30c4aeda21d4a5819010163.udd" 5794
"F:/Unreal Projects/DDay_bp/Content/UI/Resurses/Unit_Icons/trooper_icon.uasset" 5795
"C:/Users/Librake/AppData/Local/UnrealEngine/Common/DerivedDataCache/Buckets/BulkDataList/2e/f5/1f30447b8fd77b75090a80789aca28bf28e3.udd" 5796
"F:/Unreal Projects/DDay_bp/Content/3D/main_guy/Main1/gun/Mat/tommy_gun_Main_BaseColor.uasset" 5797
"C:/Users/Librake/AppData/Local/UnrealEngine/Common/DerivedDataCache/Buckets/BulkDataList/a8/90/d014d7a1dc4135a72db17d858d1287b5d11b.udd" 5798
"F:/Unreal Projects/DDay_bp/Content/3D/main_guy/Main1/gun/Mat/tommy_gun_Main_Normal.uasset" 5799
"C:/Users/Librake/AppData/Local/UnrealEngine/Common/DerivedDataCache/Buckets/BulkDataList/82/71/d5948baf8ad1fe1b1e4cd1963c792af7bcf1.udd" 5800
"F:/Unreal Projects/DDay_bp/Content/3D/main_guy/Main1/gun/Mat/tommy_gun_Main_OcclusionRoughnessMetallic.uasset" 5801
"../../../Engine/Plugins/FX/Niagara/Content/DefaultAssets/DefaultSpriteMaterial.uasset" 5802
"F:/Unreal Projects/DDay_bp/Content/other/Decals/Bullet_Hole_Decal.uasset" 5803
"F:/Unreal Projects/DDay_bp/Content/3D/bullet/Shell_casing/txtr/Shell_casing_bullet_BaseColor.uasset" 5804
"C:/Users/Librake/AppData/Local/UnrealEngine/Common/DerivedDataCache/Buckets/BulkDataList/96/1e/5300573625e7e0c2631fbe1fc18b382903c6.udd" 5805
"F:/Unreal Projects/DDay_bp/Content/3D/bullet/Shell_casing/txtr/Shell_casing_bullet_Normal.uasset" 5806
"C:/Users/Librake/AppData/Local/UnrealEngine/Common/DerivedDataCache/Buckets/BulkDataList/fc/4a/a17d80c859a283874a5a777631e3a9fe2dd9.udd" 5807
"C:/Users/Librake/AppData/Local/UnrealEngine/Common/DerivedDataCache/Buckets/LegacyTEXTURE/2c/82/e6c8220f3534a8ec7bef30c4c8cc6dc6ac66.udd" 5808
"C:/Users/Librake/AppData/Local/UnrealEngine/Common/DerivedDataCache/Buckets/LegacyTEXTURE/4c/bf/4bfab88d5f3a086ca806583be607901f6bc5.udd" 5809
"C:/Users/Librake/AppData/Local/UnrealEngine/Common/DerivedDataCache/Buckets/LegacyTEXTURE/0f/2e/494224ab1eabc1dd65b9cf0ce6ae25aad404.udd" 5810
"C:/Users/Librake/AppData/Local/UnrealEngine/Common/DerivedDataCache/Buckets/LegacyTEXTURE/28/c0/4585673674588e104f496b9dbee0d4b4a17f.udd" 5811
"C:/Users/Librake/AppData/Local/UnrealEngine/Common/DerivedDataCache/Buckets/LegacyTEXTURE/fb/70/84d43764266ebb63291d6aa2e841f2643b6b.udd" 5812
"C:/Users/Librake/AppData/Local/UnrealEngine/Common/DerivedDataCache/Buckets/LegacyTEXTURE/ce/38/56cc2b0614a7ca79609b4c3472adb47d3405.udd" 5813
"C:/Users/Librake/AppData/Local/UnrealEngine/Common/DerivedDataCache/Buckets/LegacyTEXTURE/82/51/72f964837085600cd614bc7bec31e6768f82.udd" 5814
"C:/Users/Librake/AppData/Local/UnrealEngine/Common/DerivedDataCache/Buckets/LegacyTEXTURE/dc/23/803bc45b3699460cdb699aad59167fc1eea1.udd" 5815
"C:/Users/Librake/AppData/Local/UnrealEngine/Common/DerivedDataCache/Buckets/LegacyTEXTURE/2f/14/5b695a589fadc1f1259b3b294402d08655d3.udd" 5816
"C:/Users/Librake/AppData/Local/UnrealEngine/Common/DerivedDataCache/Buckets/LegacyTEXTURE/0d/c6/9c90e6d32b7a2402a6e90dd9b2860be4b34e.udd" 5817
"C:/Users/Librake/AppData/Local/UnrealEngine/Common/DerivedDataCache/Buckets/LegacyTEXTURE/10/8c/513e2bb863336f12798d58122eee4a96cb71.udd" 5818
"C:/Users/Librake/AppData/Local/UnrealEngine/Common/DerivedDataCache/Buckets/LegacyTEXTURE/a5/27/9f58b4b37ab4df0bba34f35cbd3e22a24660.udd" 5819
"C:/Users/Librake/AppData/Local/UnrealEngine/Common/DerivedDataCache/Buckets/LegacyTEXTURE/a1/59/453fbbc66721810d4bf64e9846c742f41050.udd" 5820
"C:/Users/Librake/AppData/Local/UnrealEngine/Common/DerivedDataCache/Buckets/LegacyTEXTURE/b6/10/738798fb6f63061888bf60b6d388afad40d5.udd" 5821
"C:/Users/Librake/AppData/Local/UnrealEngine/Common/DerivedDataCache/Buckets/LegacyTEXTURE/00/e7/f9a38160bd6c5b81bdc1db4758caf9c5cb48.udd" 5822
"F:/Unreal Projects/DDay_bp/Content/3D/bullet/Shell_casing/txtr/Shell_casing_bullet_OcclusionRoughnessMetallic.uasset" 5823
"C:/Users/Librake/AppData/Local/UnrealEngine/Common/DerivedDataCache/Buckets/LegacyTEXTURE/8c/f6/2ae2df7117bb661ab6e42d1b4419b954a773.udd" 5824
"C:/Users/Librake/AppData/Local/UnrealEngine/Common/DerivedDataCache/Buckets/LegacyTEXTURE/28/b5/6085a99d8a89e198aa27728a42355e82a6a1.udd" 5825
"C:/Users/Librake/AppData/Local/UnrealEngine/Common/DerivedDataCache/Buckets/LegacyTEXTURE/bf/ac/736657a8b31fa4fdd57eed50602675502a88.udd" 5826
"C:/Users/Librake/AppData/Local/UnrealEngine/Common/DerivedDataCache/Buckets/LegacyTEXTURE/c3/75/44a26bf9898f65af807c9808744f429052b4.udd" 5827
"C:/Users/Librake/AppData/Local/UnrealEngine/Common/DerivedDataCache/Buckets/LegacyTEXTURE/4b/48/a4429569fd95f30f5972543826fcf1e55ae0.udd" 5828
"C:/Users/Librake/AppData/Local/UnrealEngine/Common/DerivedDataCache/Buckets/LegacyTEXTURE/24/6d/f1412dd7cc9aacee95d1e0adcd8546e7585c.udd" 5829
"C:/Users/Librake/AppData/Local/UnrealEngine/Common/DerivedDataCache/Buckets/LegacyTEXTURE/2c/1b/2f328c31de8341c8b8210348b8da34f39cce.udd" 5830
"C:/Users/Librake/AppData/Local/UnrealEngine/Common/DerivedDataCache/Buckets/LegacyTEXTURE/e0/f9/5a5ff797e4e9fbb91cc0614eb790d49aea3d.udd" 5831
"C:/Users/Librake/AppData/Local/UnrealEngine/Common/DerivedDataCache/Buckets/LegacyTEXTURE/af/3b/030fd249cb0dd547b520cbe3ca03664e1895.udd" 5832
"F:/Unreal Projects/DDay_bp/Content/3D/main_guy/Main1/mat/main_DefaultMaterial_Normal.uasset" 5833
"C:/Users/Librake/AppData/Local/UnrealEngine/Common/DerivedDataCache/Buckets/BulkDataList/68/23/41f3a32144aebe51c577e849226f6536f49e.udd" 5834
"F:/Unreal Projects/DDay_bp/Content/3D/main_guy/Main1/mat/main_DefaultMaterial_OcclusionRoughnessMetallic.uasset" 5835
"C:/Users/Librake/AppData/Local/UnrealEngine/Common/DerivedDataCache/Buckets/BulkDataList/2f/20/b64fec7a225ab63a37e025d83fe19753141c.udd" 5836
"F:/Unreal Projects/DDay_bp/Content/3D/main_guy/Main2/Mat/Main_rifle_lp_Wall_Paint_Normal.uasset" 5837
"C:/Users/Librake/AppData/Local/UnrealEngine/Common/DerivedDataCache/Buckets/BulkDataList/bc/94/a81959d74d9dd610b2cc1dbb0598a0809924.udd" 5838
"F:/Unreal Projects/DDay_bp/Content/3D/main_guy/Main2/Mat/Main_rifle_lp_Wall_Paint_OcclusionRoughnessMetallic.uasset" 5839
"C:/Users/Librake/AppData/Local/UnrealEngine/Common/DerivedDataCache/Buckets/BulkDataList/12/d9/6f44d7aff114b3ffb15167368d7dabceca1d.udd" 5840
"F:/Unreal Projects/DDay_bp/Content/3D/enemy/enemy1/Mat/enemy_DefaultMaterial_Normal.uasset" 5841
"C:/Users/Librake/AppData/Local/UnrealEngine/Common/DerivedDataCache/Buckets/BulkDataList/f8/b2/61fa95d22268de07b643057328488a534021.udd" 5842
"F:/Unreal Projects/DDay_bp/Content/3D/enemy/enemy1/Mat/enemy_DefaultMaterial_OcclusionRoughnessMetallic.uasset" 5843
"C:/Users/Librake/AppData/Local/UnrealEngine/Common/DerivedDataCache/Buckets/BulkDataList/f3/3c/1c5896e0e26aa74d34bf37c40a030979429b.udd" 5844
"F:/Unreal Projects/DDay_bp/Content/3D/ammo_box/txtr/ammo_box_01_-_Default_BaseColor.uasset" 5845
"C:/Users/Librake/AppData/Local/UnrealEngine/Common/DerivedDataCache/Buckets/BulkDataList/a1/5c/e2b5b26fcbba5f6d5d849537a0e0bee59883.udd" 5846
"F:/Unreal Projects/DDay_bp/Content/3D/ammo_box/txtr/ammo_box_01_-_Default_Normal.uasset" 5847
"C:/Users/Librake/AppData/Local/UnrealEngine/Common/DerivedDataCache/Buckets/BulkDataList/91/c5/f8d9607f33cac6642d73425aef39c69b9802.udd" 5848
"F:/Unreal Projects/DDay_bp/Content/3D/ammo_box/txtr/ammo_box_01_-_Default_OcclusionRoughnessMetallic.uasset" 5849
"C:/Users/Librake/AppData/Local/UnrealEngine/Common/DerivedDataCache/Buckets/BulkDataList/ec/35/35403e79ff8959e43e0ac3b640c9183f6a8b.udd" 5850
"F:/Unreal Projects/DDay_bp/Content/3D/sandbag/txtr/sandbag_Sandbag_BaseColor.uasset" 5851
"C:/Users/Librake/AppData/Local/UnrealEngine/Common/DerivedDataCache/Buckets/BulkDataList/42/e2/941747681025314f00453011ab209182d4ee.udd" 5852
"F:/Unreal Projects/DDay_bp/Content/3D/sandbag/txtr/sandbag_Sandbag_Normal.uasset" 5853
"C:/Users/Librake/AppData/Local/UnrealEngine/Common/DerivedDataCache/Buckets/BulkDataList/3b/cf/386829c4964b3a9f563898097476f13b6856.udd" 5854
"F:/Unreal Projects/DDay_bp/Content/3D/sandbag/txtr/sandbag_Sandbag_OcclusionRoughnessMetallic.uasset" 5855
"C:/Users/Librake/AppData/Local/UnrealEngine/Common/DerivedDataCache/Buckets/BulkDataList/5b/db/470167d789e9ed055403608ed2da5950bc77.udd" 5856
"F:/Unreal Projects/DDay_bp/Content/3D/enemy/enemy2/Gun/mat/mp18_Main_BaseColor.uasset" 5857
"C:/Users/Librake/AppData/Local/UnrealEngine/Common/DerivedDataCache/Buckets/BulkDataList/df/a9/d555f92838097654f29972c00133f3f12e17.udd" 5858
"F:/Unreal Projects/DDay_bp/Content/3D/enemy/enemy2/Gun/mat/mp18_Main_Normal.uasset" 5859
"C:/Users/Librake/AppData/Local/UnrealEngine/Common/DerivedDataCache/Buckets/BulkDataList/f4/67/60e339baa742071959f4b0eaff7d2f60269f.udd" 5860
"F:/Unreal Projects/DDay_bp/Content/3D/enemy/enemy2/Gun/mat/mp18_Main_OcclusionRoughnessMetallic.uasset" 5861
"C:/Users/Librake/AppData/Local/UnrealEngine/Common/DerivedDataCache/Buckets/BulkDataList/60/a3/dc928cf673603222cc6b6f1ebcf3dc07ac9a.udd" 5862
"C:/Users/Librake/AppData/Local/UnrealEngine/Common/DerivedDataCache/Buckets/LegacySTREAMEDAUDIO/ff/53/734f76bc5635308a95e34c922da690abb18c.udd" 5863
"C:/Users/Librake/AppData/Local/UnrealEngine/Common/DerivedDataCache/Buckets/LegacyAudio/97/4c/93c999c8207a7ac5e3b99373a6eb34f7c0f7.udd" 5864
"C:/Users/Librake/AppData/Local/UnrealEngine/Common/DerivedDataCache/Buckets/LegacyAudio/f4/da/857ced7207c0612a1d98591e504617fb3983.udd" 5865
"C:/Users/Librake/AppData/Local/UnrealEngine/Common/DerivedDataCache/Buckets/LegacySTREAMEDAUDIO/67/ab/b0b8b61c38180b8339889f2733f4b784d9aa.udd" 5866
"C:/Users/Librake/AppData/Local/UnrealEngine/Common/DerivedDataCache/Buckets/LegacySTREAMEDAUDIO/f5/e7/c72f25056909d803fe29ded07a719d717f36.udd" 5867
"C:/Users/Librake/AppData/Local/UnrealEngine/Common/DerivedDataCache/Buckets/LegacySTREAMEDAUDIO/7c/96/1121e5ca6fb749fe8042d8bbc1edf0856b2b.udd" 5868
"C:/Users/Librake/AppData/Local/UnrealEngine/Common/DerivedDataCache/Buckets/LegacySTREAMEDAUDIO/fd/ab/c0470780dfc4043eb8899a1dfeec24d1a0db.udd" 5869
"C:/Users/Librake/AppData/Local/UnrealEngine/Common/DerivedDataCache/Buckets/LegacySTREAMEDAUDIO/3d/b2/7592541b7b112276786ab680478abcb3e18c.udd" 5870
"C:/Users/Librake/AppData/Local/UnrealEngine/Common/DerivedDataCache/Buckets/LegacyAudio/b6/c6/b94e848b9d5a33fa92fb7e4c32ea4074416d.udd" 5871
"C:/Users/Librake/AppData/Local/UnrealEngine/Common/DerivedDataCache/Buckets/LegacySTREAMEDAUDIO/88/76/41449093ee7dabfb0fa01eca21f9732c4b2a.udd" 5872
"C:/Users/Librake/AppData/Local/UnrealEngine/Common/DerivedDataCache/Buckets/LegacySTREAMEDAUDIO/b1/b1/e0aaa8a7f1fae9c8b4c3a3a9ee737e0a2394.udd" 5873
"C:/Users/Librake/AppData/Local/UnrealEngine/Common/DerivedDataCache/Buckets/LegacySTREAMEDAUDIO/d2/e3/b2b48bd7aca5e0d4d8935064ef8299803cd7.udd" 5874
"C:/Users/Librake/AppData/Local/UnrealEngine/Common/DerivedDataCache/Buckets/LegacyAudio/f9/5f/81008ad875ac168a00e5ae7ee703168a85ed.udd" 5875
"F:/Unreal Projects/DDay_bp/Content/3D/enemy/Enemy_shotgunner/Gun/mat/enemy_shotgunner_lp_gun_BaseColor.uasset" 5876
"C:/Users/Librake/AppData/Local/UnrealEngine/Common/DerivedDataCache/Buckets/LegacyAudio/0d/58/8f2c404caa92edc0dce2c48d1162a73001b7.udd" 5877
"C:/Users/Librake/AppData/Local/UnrealEngine/Common/DerivedDataCache/Buckets/LegacyAudio/c4/d7/4bb611f43bbe7469f181e3e21931e8151bea.udd" 5878
"C:/Users/Librake/AppData/Local/UnrealEngine/Common/DerivedDataCache/Buckets/LegacyAudio/ca/cd/f3a550548ed3c5360e2f815bcfed26c99921.udd" 5879
"C:/Users/Librake/AppData/Local/UnrealEngine/Common/DerivedDataCache/Buckets/LegacyAudio/00/a4/722d9f853af74b0979f4af0a6b84f0f6d599.udd" 5880
"C:/Users/Librake/AppData/Local/UnrealEngine/Common/DerivedDataCache/Buckets/LegacyAudio/af/f1/af6fa45fe40e923599163f3669ccf5343bcf.udd" 5881
"C:/Users/Librake/AppData/Local/UnrealEngine/Common/DerivedDataCache/Buckets/LegacyAudio/df/a9/a41dffb81187516247801cc4f286ef6861ee.udd" 5882
"C:/Users/Librake/AppData/Local/UnrealEngine/Common/DerivedDataCache/Buckets/LegacyAudio/5a/c3/3188ddacc33d9649bf7bac615c4295558e58.udd" 5883
"C:/Users/Librake/AppData/Local/UnrealEngine/Common/DerivedDataCache/Buckets/LegacyAudio/f4/00/22ddeb0e4bf924f71825f4c18d0da797e67e.udd" 5884
"C:/Users/Librake/AppData/Local/UnrealEngine/Common/DerivedDataCache/Buckets/LegacyAudio/b6/ca/b9666dce09cfecd6ecdf065c13e8e0a4d967.udd" 5885
"C:/Users/Librake/AppData/Local/UnrealEngine/Common/DerivedDataCache/Buckets/LegacyAudio/0e/e5/2168943db7e4693ca3cbe90482afbe86c453.udd" 5886
"C:/Users/Librake/AppData/Local/UnrealEngine/Common/DerivedDataCache/Buckets/LegacyAudio/a5/4c/64ff86109719fea2dca2434291dfe28281d0.udd" 5887
"C:/Users/Librake/AppData/Local/UnrealEngine/Common/DerivedDataCache/Buckets/BulkDataList/dc/85/7c3bf38898fae0c9787559ab9d964e6fb46a.udd" 5888
"C:/Users/Librake/AppData/Local/UnrealEngine/Common/DerivedDataCache/Buckets/LegacySTREAMEDAUDIO/c1/6e/6ef8e15155689657d57faeaca50c01a64d0a.udd" 5889
"F:/Unreal Projects/DDay_bp/Content/3D/enemy/Enemy_shotgunner/Gun/mat/enemy_shotgunner_lp_gun_Normal.uasset" 5890
"C:/Users/Librake/AppData/Local/UnrealEngine/Common/DerivedDataCache/Buckets/LegacySTREAMEDAUDIO/29/40/569b4406f8941749af8e55aac3ce435cf85a.udd" 5891
"C:/Users/Librake/AppData/Local/UnrealEngine/Common/DerivedDataCache/Buckets/LegacySTREAMEDAUDIO/29/66/ffcc1c7264ed89d4c76072e1062c1ea16715.udd" 5892
"C:/Users/Librake/AppData/Local/UnrealEngine/Common/DerivedDataCache/Buckets/LegacySTREAMEDAUDIO/0d/55/402eaeb3197be6778597c7e86132db2dd3e8.udd" 5893
"C:/Users/Librake/AppData/Local/UnrealEngine/Common/DerivedDataCache/Buckets/BulkDataList/33/0a/04bcf5fc1ead5dbc33aae3afdf0612188f8f.udd" 5894
"C:/Users/Librake/AppData/Local/UnrealEngine/Common/DerivedDataCache/Buckets/LegacySTREAMEDAUDIO/33/05/9c45f62e7b9633796edeb88f60d7e90eb3cd.udd" 5895
"F:/Unreal Projects/DDay_bp/Content/3D/enemy/Enemy_shotgunner/Gun/mat/enemy_shotgunner_lp_gun_OcclusionRoughnessMetallic.uasset" 5896
"C:/Users/Librake/AppData/Local/UnrealEngine/Common/DerivedDataCache/Buckets/LegacySTREAMEDAUDIO/60/90/d365fbecc9a0d6e30563ed2f354d659eabd1.udd" 5897
"C:/Users/Librake/AppData/Local/UnrealEngine/Common/DerivedDataCache/Buckets/LegacySTREAMEDAUDIO/55/e7/8e47013bff099b71421c3d732be9a3d806c4.udd" 5898
"C:/Users/Librake/AppData/Local/UnrealEngine/Common/DerivedDataCache/Buckets/BulkDataList/91/6d/1eb5a8b153bc038caddb2b42b94571edcaf6.udd" 5899
"C:/Users/Librake/AppData/Local/UnrealEngine/Common/DerivedDataCache/Buckets/LegacySTREAMEDAUDIO/76/5e/faa5681fb7eed35c5f7e2d8ca82f3f246ca7.udd" 5900
"C:/Users/Librake/AppData/Local/UnrealEngine/Common/DerivedDataCache/Buckets/LegacySTREAMEDAUDIO/dc/2b/dc08a8b72190ef54538f996a0c50e9c7dba3.udd" 5901
"F:/Unreal Projects/DDay_bp/Content/3D/main_guy/Grenadier/gun/mat/grenadier_gun_BaseColor.uasset" 5902
"C:/Users/Librake/AppData/Local/UnrealEngine/Common/DerivedDataCache/Buckets/LegacySTREAMEDAUDIO/05/0f/6e022b659697e9b1a21474a3f7df21d82987.udd" 5903
"C:/Users/Librake/AppData/Local/UnrealEngine/Common/DerivedDataCache/Buckets/BulkDataList/f5/7d/ae160ccb2800ece1aa3a6662f3d363c9fed6.udd" 5904
"C:/Users/Librake/AppData/Local/UnrealEngine/Common/DerivedDataCache/Buckets/LegacySTREAMEDAUDIO/48/2f/60de390508114979580227f2de0b082443b1.udd" 5905
"C:/Users/Librake/AppData/Local/UnrealEngine/Common/DerivedDataCache/Buckets/LegacySTREAMEDAUDIO/26/b2/07737f8fe47cb3ce8fa3526f2076dfbc99e3.udd" 5906
"F:/Unreal Projects/DDay_bp/Content/3D/main_guy/Grenadier/gun/mat/grenadier_gun_Normal.uasset" 5907
"C:/Users/Librake/AppData/Local/UnrealEngine/Common/DerivedDataCache/Buckets/LegacySTREAMEDAUDIO/dd/c3/687e611f33439e60daa38626a1752bf9fa81.udd" 5908
"C:/Users/Librake/AppData/Local/UnrealEngine/Common/DerivedDataCache/Buckets/LegacySTREAMEDAUDIO/17/8f/f352e43ea00fd2efc83096460ac1051bceba.udd" 5909
"C:/Users/Librake/AppData/Local/UnrealEngine/Common/DerivedDataCache/Buckets/LegacySTREAMEDAUDIO/00/a1/b2195082c9505efb54c916b445dc23ebc7fa.udd" 5910
"F:/Unreal Projects/DDay_bp/Content/3D/main_guy/Grenadier/gun/mat/grenadier_gun_OcclusionRoughnessMetallic.uasset" 5911
"C:/Users/Librake/AppData/Local/UnrealEngine/Common/DerivedDataCache/Buckets/LegacySTREAMEDAUDIO/90/60/cc56fca9425977c9fb455673ae907a236b65.udd" 5912
"C:/Users/Librake/AppData/Local/UnrealEngine/Common/DerivedDataCache/Buckets/LegacySTREAMEDAUDIO/99/3b/6d3c31463b528a29f25bd22b2aaa7d29425a.udd" 5913
"C:/Users/Librake/AppData/Local/UnrealEngine/Common/DerivedDataCache/Buckets/LegacySTREAMEDAUDIO/85/38/9904c50fb3c7f9c79f88f798f61fc8b69693.udd" 5914
"C:/Users/Librake/AppData/Local/UnrealEngine/Common/DerivedDataCache/Buckets/BulkDataList/ec/8e/d4ac630f0f17e693c10aa651b08eecb3d9f6.udd" 5915
"C:/Users/Librake/AppData/Local/UnrealEngine/Common/DerivedDataCache/Buckets/LegacySTREAMEDAUDIO/48/7d/7b8d7a95048a68b17f91bed31abb66ee9a39.udd" 5916
"F:/Unreal Projects/DDay_bp/Content/3D/main_guy/Grenadier/mat/grenadier_Normal.uasset" 5917
"C:/Users/Librake/AppData/Local/UnrealEngine/Common/DerivedDataCache/Buckets/LegacySTREAMEDAUDIO/d2/1f/517fadc65dd1216245b15fb7d08568087922.udd" 5918
"C:/Users/Librake/AppData/Local/UnrealEngine/Common/DerivedDataCache/Buckets/LegacySTREAMEDAUDIO/be/d7/53e49390122794732da9f8dc12a84a9ab88c.udd" 5919
"C:/Users/Librake/AppData/Local/UnrealEngine/Common/DerivedDataCache/Buckets/LegacySTREAMEDAUDIO/88/78/7a6b7e247e4728ffc8e716a81cc707992a63.udd" 5920
"C:/Users/Librake/AppData/Local/UnrealEngine/Common/DerivedDataCache/Buckets/LegacySTREAMEDAUDIO/b4/97/3f0774db518e615744b704b7507cfe59cbfa.udd" 5921
"C:/Users/Librake/AppData/Local/UnrealEngine/Common/DerivedDataCache/Buckets/BulkDataList/0c/43/5312856cd5cf029da28f0f33ff29e82d8801.udd" 5922
"C:/Users/Librake/AppData/Local/UnrealEngine/Common/DerivedDataCache/Buckets/LegacySTREAMEDAUDIO/2b/e0/f034196d10665ea7851a34d2c9a459733ed7.udd" 5923
"F:/Unreal Projects/DDay_bp/Content/3D/main_guy/Grenadier/mat/grenadier_OcclusionRoughnessMetallic.uasset" 5924
"C:/Users/Librake/AppData/Local/UnrealEngine/Common/DerivedDataCache/Buckets/LegacySTREAMEDAUDIO/38/4d/2a87b719df46b9950a9ee4f85b6f539a42fb.udd" 5925
"C:/Users/Librake/AppData/Local/UnrealEngine/Common/DerivedDataCache/Buckets/LegacySTREAMEDAUDIO/8a/0f/3c67b45b1d83f752c7f6941ce368eed9a9c6.udd" 5926
"C:/Users/Librake/AppData/Local/UnrealEngine/Common/DerivedDataCache/Buckets/LegacySTREAMEDAUDIO/73/56/a530f40f7bc60b9ee945d06febe687ea0772.udd" 5927
"C:/Users/Librake/AppData/Local/UnrealEngine/Common/DerivedDataCache/Buckets/BulkDataList/d5/46/1c75ee03dcef1d9e9575e61c59e73af75161.udd" 5928
"F:/Unreal Projects/DDay_bp/Content/3D/main_guy/Tank_guy/Mat/Tank_guy_lp_man_Normal.uasset" 5929
"C:/Users/Librake/AppData/Local/UnrealEngine/Common/DerivedDataCache/Buckets/LegacySTREAMEDAUDIO/3c/7c/a0412b9b7ce9c1c88a8329e0e3bc1d4846f6.udd" 5930
"C:/Users/Librake/AppData/Local/UnrealEngine/Common/DerivedDataCache/Buckets/LegacySTREAMEDAUDIO/8e/35/abd7763db1f5941593704ddc2ce26e3979b9.udd" 5931
"C:/Users/Librake/AppData/Local/UnrealEngine/Common/DerivedDataCache/Buckets/LegacySTREAMEDAUDIO/2e/3e/8847cea0310db80c55f3bad562c343a55ad0.udd" 5932
"C:/Users/Librake/AppData/Local/UnrealEngine/Common/DerivedDataCache/Buckets/LegacySTREAMEDAUDIO/ad/c4/7da974409dd9fdde7d3ef3cfdecdcf75765b.udd" 5933
"C:/Users/Librake/AppData/Local/UnrealEngine/Common/DerivedDataCache/Buckets/BulkDataList/ab/f8/622133521abf67e5f269851fbb91750365c1.udd" 5934
"C:/Users/Librake/AppData/Local/UnrealEngine/Common/DerivedDataCache/Buckets/LegacySTREAMEDAUDIO/c5/cb/0d2a394ac302245a11d566d8f0598e85cd24.udd" 5935
"C:/Users/Librake/AppData/Local/UnrealEngine/Common/DerivedDataCache/Buckets/LegacySTREAMEDAUDIO/54/5a/af535e8a1ec2659cbad0f755456b79f71c57.udd" 5936
"F:/Unreal Projects/DDay_bp/Content/3D/main_guy/Tank_guy/Mat/Tank_guy_lp_man_OcclusionRoughnessMetallic.uasset" 5937
"C:/Users/Librake/AppData/Local/UnrealEngine/Common/DerivedDataCache/Buckets/LegacySTREAMEDAUDIO/14/21/16e1934477ef63f38b3d88bb45d34d328542.udd" 5938
"C:/Users/Librake/AppData/Local/UnrealEngine/Common/DerivedDataCache/Buckets/LegacySTREAMEDAUDIO/64/10/d6020e4a36efe8446667a76ced4d7e8c2ce0.udd" 5939
"C:/Users/Librake/AppData/Local/UnrealEngine/Common/DerivedDataCache/Buckets/LegacySTREAMEDAUDIO/5f/b8/33820be146e878a84929ff46df648172b577.udd" 5940
"C:/Users/Librake/AppData/Local/UnrealEngine/Common/DerivedDataCache/Buckets/BulkDataList/57/fa/086c650e4ac7d5003ff8edcba30bc780f598.udd" 5941
"F:/Unreal Projects/DDay_bp/Content/3D/main_guy/Tank_guy/Gun/Tank_guy_gun2_lp_PhysicsAsset.uasset" 5942
"C:/Users/Librake/AppData/Local/UnrealEngine/Common/DerivedDataCache/Buckets/BulkDataList/f0/89/2005745183f85fd8de2eae6ae589367bd119.udd" 5943
"F:/Unreal Projects/DDay_bp/Content/3D/main_guy/Tank_guy/Gun/Tank_guy_gun2_lp_Skeleton.uasset" 5944
"F:/Unreal Projects/DDay_bp/Content/Sounds/Revolver_sound.uasset" 5945
"C:/Users/Librake/AppData/Local/UnrealEngine/Common/DerivedDataCache/Buckets/BulkDataList/9f/7a/028da9d8e853d93eb2db8adb293d0f500dd5.udd" 5946
"F:/Unreal Projects/DDay_bp/Content/3D/enemy/Enemy_shotgunner/Mat/enemy_shotgunner_lp_enemy_Normal.uasset" 5947
"C:/Users/Librake/AppData/Local/UnrealEngine/Common/DerivedDataCache/Buckets/BulkDataList/86/64/b4fe288c553f320da88397309b30067ad07a.udd" 5948
"F:/Unreal Projects/DDay_bp/Content/3D/enemy/Enemy_shotgunner/Mat/enemy_shotgunner_lp_enemy_OcclusionRoughnessMetallic.uasset" 5949
"C:/Users/Librake/AppData/Local/UnrealEngine/Common/DerivedDataCache/Buckets/BulkDataList/31/63/9985d9ddf826d0e5c548845d3838bc5a4821.udd" 5950
"F:/Unreal Projects/DDay_bp/Content/3D/enemy/enemy2/Mat/enemy2_DefaultMaterial_Normal.uasset" 5951
"C:/Users/Librake/AppData/Local/UnrealEngine/Common/DerivedDataCache/Buckets/BulkDataList/45/41/2b220417b9f3a8a7b00e995e2d459ac99026.udd" 5952
"C:/Users/Librake/AppData/Local/UnrealEngine/Common/DerivedDataCache/Buckets/LegacyAudio/f9/55/de84d4402999c6dce410b257a66cbcd9789d.udd" 5953
"C:/Users/Librake/AppData/Local/UnrealEngine/Common/DerivedDataCache/Buckets/LegacySTREAMEDAUDIO/35/42/85c3e4d361f6cc2f2c126aaf0479ac1733f1.udd" 5954
"C:/Users/Librake/AppData/Local/UnrealEngine/Common/DerivedDataCache/Buckets/LegacyAudio/20/b6/e8e63e7579c300c229fa09a9c6ceb602713c.udd" 5955
"C:/Users/Librake/AppData/Local/UnrealEngine/Common/DerivedDataCache/Buckets/LegacyAudio/d9/83/90b83b462ac370f357c4890db68df78ca1b3.udd" 5956
"C:/Users/Librake/AppData/Local/UnrealEngine/Common/DerivedDataCache/Buckets/LegacyAudio/af/44/7fdb17ddf94d85f9ad465855014b83f9cd39.udd" 5957
"C:/Users/Librake/AppData/Local/UnrealEngine/Common/DerivedDataCache/Buckets/LegacySTREAMEDAUDIO/e7/09/0203e3b7755b24c428e47c6f1856923c3514.udd" 5958
"C:/Users/Librake/AppData/Local/UnrealEngine/Common/DerivedDataCache/Buckets/LegacySTREAMEDAUDIO/09/68/c9d90417c455f6780195883a35fb721dde08.udd" 5959
"C:/Users/Librake/AppData/Local/UnrealEngine/Common/DerivedDataCache/Buckets/LegacyTEXTURE/3c/bc/5eab4dff9af184ab04a92c96074ff717dd1c.udd" 5960
"C:/Users/Librake/AppData/Local/UnrealEngine/Common/DerivedDataCache/Buckets/LegacyTEXTURE/89/d7/5b26bebbc77c789d98f4a28ed71738e4bcb1.udd" 5961
"C:/Users/Librake/AppData/Local/UnrealEngine/Common/DerivedDataCache/Buckets/LegacySTREAMEDAUDIO/bd/44/351cc70ca10d551c8353b5b5ef415e09f545.udd" 5962
"C:/Users/Librake/AppData/Local/UnrealEngine/Common/DerivedDataCache/Buckets/LegacySTREAMEDAUDIO/86/89/b9383e4f701dca17dee9dbf1750e8f0a9f7c.udd" 5963
"C:/Users/Librake/AppData/Local/UnrealEngine/Common/DerivedDataCache/Buckets/LegacySTREAMEDAUDIO/55/b5/5ae0182941e3dea0f0e735126f0655a12ca8.udd" 5964
"C:/Users/Librake/AppData/Local/UnrealEngine/Common/DerivedDataCache/Buckets/LegacySTREAMEDAUDIO/a9/5d/b5d56175671387bccaa76d75d236f52689ea.udd" 5965
"C:/Users/Librake/AppData/Local/UnrealEngine/Common/DerivedDataCache/Buckets/LegacySTREAMEDAUDIO/30/d4/48fe801e2dcc1e6fa1b1c43e54307d756a6b.udd" 5966
"C:/Users/Librake/AppData/Local/UnrealEngine/Common/DerivedDataCache/Buckets/LegacySTREAMEDAUDIO/88/2a/838c3235268538494dc78cd8055320ab5bf4.udd" 5967
"C:/Users/Librake/AppData/Local/UnrealEngine/Common/DerivedDataCache/Buckets/LegacySTREAMEDAUDIO/8b/e2/7161f53c21425ec77972d4f73b80fe6b517c.udd" 5968
"C:/Users/Librake/AppData/Local/UnrealEngine/Common/DerivedDataCache/Buckets/LegacySTREAMEDAUDIO/60/d7/09e36357d18cd1202831e4f6c189a0a9cf89.udd" 5969
"C:/Users/Librake/AppData/Local/UnrealEngine/Common/DerivedDataCache/Buckets/LegacySTREAMEDAUDIO/cc/31/61e8815dee2aa9e0517f605503d6662b8870.udd" 5970
"C:/Users/Librake/AppData/Local/UnrealEngine/Common/DerivedDataCache/Buckets/LegacyTEXTURE/18/0d/1a2d35d7a907a7298b79942a5c577b88dc28.udd" 5971
"C:/Users/Librake/AppData/Local/UnrealEngine/Common/DerivedDataCache/Buckets/LegacyTEXTURE/98/5b/8c1ed53b5f8dd7b585820ead5a5fd16932ee.udd" 5972
"C:/Users/Librake/AppData/Local/UnrealEngine/Common/DerivedDataCache/Buckets/LegacyTEXTURE/ac/4c/7bf31803f1732c3a8bd8a263014ea0c02d9e.udd" 5973
"C:/Users/Librake/AppData/Local/UnrealEngine/Common/DerivedDataCache/Buckets/LegacyTEXTURE/20/c5/6f68a0db521f0f009f6f72685528afc3f080.udd" 5974
"C:/Users/Librake/AppData/Local/UnrealEngine/Common/DerivedDataCache/Buckets/LegacyTEXTURE/dd/7e/966081222ff06cfaa9dc921dd06da93a26fb.udd" 5975
"C:/Users/Librake/AppData/Local/UnrealEngine/Common/DerivedDataCache/Buckets/LegacyTEXTURE/63/59/e4d678d58bd76b12853046349b585a9964ec.udd" 5976
"C:/Users/Librake/AppData/Local/UnrealEngine/Common/DerivedDataCache/Buckets/LegacyTEXTURE/ec/c7/0cb7b381720d71a12dcb341699de9717b6a3.udd" 5977
"C:/Users/Librake/AppData/Local/UnrealEngine/Common/DerivedDataCache/Buckets/LegacyTEXTURE/d4/ea/3de846717626c560cc96ac11882084603d45.udd" 5978
"C:/Users/Librake/AppData/Local/UnrealEngine/Common/DerivedDataCache/Buckets/LegacyTEXTURE/a0/6b/21e9700fa13a331dc26b5a9126c9a9d0eadc.udd" 5979
"C:/Users/Librake/AppData/Local/UnrealEngine/Common/DerivedDataCache/Buckets/LegacyTEXTURE/08/44/c0d5f4ec7c1892e59f0f62f85a84d1acbc3b.udd" 5980
"C:/Users/Librake/AppData/Local/UnrealEngine/Common/DerivedDataCache/Buckets/LegacyTEXTURE/f5/e6/fcc851254028d9412518e386a39ec84098b6.udd" 5981
"C:/Users/Librake/AppData/Local/UnrealEngine/Common/DerivedDataCache/Buckets/LegacyTEXTURE/d4/5d/382bfc879088298e6a7088877fe8433545e1.udd" 5982
"C:/Users/Librake/AppData/Local/UnrealEngine/Common/DerivedDataCache/Buckets/LegacyTEXTURE/28/ee/29f2a55562f144ee62fe31dc852599c553a7.udd" 5983
"C:/Users/Librake/AppData/Local/UnrealEngine/Common/DerivedDataCache/Buckets/LegacyTEXTURE/2a/cf/0df53af21e1c36ca8a0f37ada2cb70d78d4f.udd" 5984
"C:/Users/Librake/AppData/Local/UnrealEngine/Common/DerivedDataCache/Buckets/LegacyTEXTURE/54/1b/704a9498c2f66a8c317a4622a982017e4ccf.udd" 5985
"C:/Users/Librake/AppData/Local/UnrealEngine/Common/DerivedDataCache/Buckets/LegacyTEXTURE/d5/bf/38bf181c4223ad3ebda484807a0263ec0235.udd" 5986
"C:/Users/Librake/AppData/Local/UnrealEngine/Common/DerivedDataCache/Buckets/LegacyTEXTURE/71/7d/f3eb407e2bd7fe8bede87e88cea484c3e518.udd" 5987
"C:/Users/Librake/AppData/Local/UnrealEngine/Common/DerivedDataCache/Buckets/LegacyTEXTURE/85/86/9b21a93735f28b42bc78a1fbb7d5216ef0af.udd" 5988
"F:/Unreal Projects/DDay_bp/Content/3D/enemy/enemy2/Mat/enemy2_DefaultMaterial_OcclusionRoughnessMetallic.uasset" 5989
"C:/Users/Librake/AppData/Local/UnrealEngine/Common/DerivedDataCache/Buckets/LegacyTEXTURE/37/d9/e855cbabf67147a4e9fcf9acc20b8a9c3c21.udd" 5990
"C:/Users/Librake/AppData/Local/UnrealEngine/Common/DerivedDataCache/Buckets/LegacyTEXTURE/28/01/2769b9681080b017c3c9e5992f4f0b9ec07f.udd" 5991
"C:/Users/Librake/AppData/Local/UnrealEngine/Common/DerivedDataCache/Buckets/LegacyTEXTURE/33/f2/1bb1f7299e709e1925d029984634c0ce7cbf.udd" 5992
"C:/Users/Librake/AppData/Local/UnrealEngine/Common/DerivedDataCache/Buckets/BulkDataList/a2/72/61c942061689c279286c8bd8493a26e80aa7.udd" 5993
"F:/Unreal Projects/DDay_bp/Content/Sounds/big_explosion_sound.uasset" 5994
"C:/Users/Librake/AppData/Local/UnrealEngine/Common/DerivedDataCache/Buckets/LegacyTEXTURE/35/64/cbfed46204594cb408bf87d55bd61ce877c0.udd" 5995
"C:/Users/Librake/AppData/Local/UnrealEngine/Common/DerivedDataCache/Buckets/LegacyTEXTURE/68/9c/f1327931bff606fb297ae0d06c7d91af54aa.udd" 5996
"C:/Users/Librake/AppData/Local/UnrealEngine/Common/DerivedDataCache/Buckets/BulkDataList/d0/41/3c0ccff8d63df54306a36e67998675c7b9b4.udd" 5997
"F:/Unreal Projects/DDay_bp/Content/3D/flag/txtr/flag_flagpole_BaseColor.uasset" 5998
"C:/Users/Librake/AppData/Local/UnrealEngine/Common/DerivedDataCache/Buckets/BulkDataList/ae/48/5ee142ae3d900b4f596947ef6e1494ea63f6.udd" 5999
"F:/Unreal Projects/DDay_bp/Content/3D/flag/txtr/flag_flagpole_Normal.uasset" 6000
"C:/Users/Librake/AppData/Local/UnrealEngine/Common/DerivedDataCache/Buckets/BulkDataList/41/79/c560d3cb0046527ef3dd0dc26cf2e1e7c43a.udd" 6001
"F:/Unreal Projects/DDay_bp/Content/3D/flag/txtr/flag_flagpole_OcclusionRoughnessMetallic.uasset" 6002
"C:/Users/Librake/AppData/Local/UnrealEngine/Common/DerivedDataCache/Buckets/LegacyTEXTURE/12/14/041ac465bf1b2ef7aa6d1cc7053c67536877.udd" 6003
"C:/Users/Librake/AppData/Local/UnrealEngine/Common/DerivedDataCache/Buckets/BulkDataList/11/02/60243c993934982379ec69690e0168c0d900.udd" 6004
"F:/Unreal Projects/DDay_bp/Content/3D/mines/mines_mines_BaseColor.uasset" 6005
"C:/Users/Librake/AppData/Local/UnrealEngine/Common/DerivedDataCache/Buckets/BulkDataList/a3/05/759fc01f021e3872050216964ee39641aa18.udd" 6006
"F:/Unreal Projects/DDay_bp/Content/3D/mines/mines_mines_Normal.uasset" 6007
"C:/Users/Librake/AppData/Local/UnrealEngine/Common/DerivedDataCache/Buckets/BulkDataList/1b/00/e46e47dff87fb86db2b123e7263a51610ddc.udd" 6008
"F:/Unreal Projects/DDay_bp/Content/3D/mines/mines_mines_OcclusionRoughnessMetallic.uasset" 6009
"C:/Users/Librake/AppData/Local/UnrealEngine/Common/DerivedDataCache/Buckets/BulkDataList/0e/bb/af4a950e805ddd7c1908d26b8fb735375084.udd" 6010
"F:/Unreal Projects/DDay_bp/Content/Realistic_Starter_VFX_Pack_Vol2/Materials/M_Derbis.uasset" 6011
"C:/Users/Librake/AppData/Local/UnrealEngine/Common/DerivedDataCache/Buckets/BulkDataList/33/cd/066332546ce8b82deb583b62b04389f92032.udd" 6012
"F:/Unreal Projects/DDay_bp/Content/3D/platforms/mater/hill/hill_corner_2/textr/dirt/hill_corner_2_hill_corner_2_BaseColor.uasset" 6013
"C:/Users/Librake/AppData/Local/UnrealEngine/Common/DerivedDataCache/Buckets/BulkDataList/e1/ad/e6768c4ef43a78c263c5c0a3687932994369.udd" 6014
"F:/Unreal Projects/DDay_bp/Content/3D/platforms/mater/hill/hill_corner_2/textr/dirt/hill_corner_2_hill_corner_2_Normal.uasset" 6015
"C:/Users/Librake/AppData/Local/UnrealEngine/Common/DerivedDataCache/Buckets/BulkDataList/e9/82/0d7037cf5940f307061e96e8adb952fe2f9f.udd" 6016
"F:/Unreal Projects/DDay_bp/Content/3D/platforms/mater/hill/hill_corner_2/textr/dirt/hill_corner_2_hill_corner_2_OcclusionRoughnessMetallic.uasset" 6017
"C:/Users/Librake/AppData/Local/UnrealEngine/Common/DerivedDataCache/Buckets/BulkDataList/ef/4c/7fca59c7d6cd69113516393a987393452b67.udd" 6018
"F:/Unreal Projects/DDay_bp/Content/3D/platforms/mater/hill/hill_corner_2/textr/dirt_grass/hill_corner_2_hill_corner_2_BaseColor.uasset" 6019
"C:/Users/Librake/AppData/Local/UnrealEngine/Common/DerivedDataCache/Buckets/BulkDataList/6d/12/26349585b25acaa833f914cfe530cd57295d.udd" 6020
"F:/Unreal Projects/DDay_bp/Content/3D/platforms/mater/hill/hill_corner_2/textr/dirt_grass/hill_corner_2_hill_corner_2_Normal.uasset" 6021
"C:/Users/Librake/AppData/Local/UnrealEngine/Common/DerivedDataCache/Buckets/BulkDataList/a6/20/b113a3e90b368ff28eb0f83665cab929b944.udd" 6022
"F:/Unreal Projects/DDay_bp/Content/3D/platforms/mater/hill/hill_corner_2/textr/dirt_grass/hill_corner_2_hill_corner_2_OcclusionRoughnessMetallic.uasset" 6023
"C:/Users/Librake/AppData/Local/UnrealEngine/Common/DerivedDataCache/Buckets/BulkDataList/12/21/add754e635ff7e2dfaa58b8f3ac854abdbe8.udd" 6024
"F:/Unreal Projects/DDay_bp/Content/3D/platforms/mater/hill/hill_corner_2/textr/grass/hill_corner_2_hill_corner_2_BaseColor.uasset" 6025
"C:/Users/Librake/AppData/Local/UnrealEngine/Common/DerivedDataCache/Buckets/BulkDataList/51/2b/8bbc5c7e608e12b07fc5c0ed5089f53d4608.udd" 6026
"C:/Users/Librake/AppData/Local/UnrealEngine/Common/DerivedDataCache/Buckets/LegacyTEXTURE/fc/25/cf16fa02859d9cd16207b0b2b5180a95893e.udd" 6027
"C:/Users/Librake/AppData/Local/UnrealEngine/Common/DerivedDataCache/Buckets/LegacyTEXTURE/8f/a9/ed20823a84ed28c509b3551787916dfa297f.udd" 6028
"C:/Users/Librake/AppData/Local/UnrealEngine/Common/DerivedDataCache/Buckets/LegacyTEXTURE/71/d1/ce1b1bbead68ce3ef5d00712fb4fd25c2da4.udd" 6029
"C:/Users/Librake/AppData/Local/UnrealEngine/Common/DerivedDataCache/Buckets/LegacyTEXTURE/3d/b1/bbae6886db657f5ea3a68b6ab84d5b6c270e.udd" 6030
"C:/Users/Librake/AppData/Local/UnrealEngine/Common/DerivedDataCache/Buckets/LegacyTEXTURE/34/b3/bac7adf390d274dff61069641d0139aae58b.udd" 6031
"C:/Users/Librake/AppData/Local/UnrealEngine/Common/DerivedDataCache/Buckets/LegacyTEXTURE/b7/ff/2e7242794da9fd657ad496f14817f2e1b4cc.udd" 6032
"C:/Users/Librake/AppData/Local/UnrealEngine/Common/DerivedDataCache/Buckets/LegacyTEXTURE/94/ae/93f1940cb532b10f54b9d51fa6c0279df627.udd" 6033
"C:/Users/Librake/AppData/Local/UnrealEngine/Common/DerivedDataCache/Buckets/LegacyTEXTURE/db/db/77feb7aea04f8fe24e98f7a3b38dc3a65956.udd" 6034
"C:/Users/Librake/AppData/Local/UnrealEngine/Common/DerivedDataCache/Buckets/LegacyTEXTURE/ae/7a/edf58f02bbb3bbbd5648e2ac71d3fe3a2a07.udd" 6035
"C:/Users/Librake/AppData/Local/UnrealEngine/Common/DerivedDataCache/Buckets/LegacyTEXTURE/09/08/7f4314521efc00841f7cf1642c342867a2de.udd" 6036
"C:/Users/Librake/AppData/Local/UnrealEngine/Common/DerivedDataCache/Buckets/LegacyTEXTURE/08/f3/b09e1a9491b6294fc34ab26cad3a310f139d.udd" 6037
"C:/Users/Librake/AppData/Local/UnrealEngine/Common/DerivedDataCache/Buckets/LegacyTEXTURE/be/8c/ad5405844b3d4ec0ef82d7e449aae594f944.udd" 6038
"C:/Users/Librake/AppData/Local/UnrealEngine/Common/DerivedDataCache/Buckets/LegacyTEXTURE/83/aa/3e7f4a068a96b56ec780b35728cee4e5b876.udd" 6039
"C:/Users/Librake/AppData/Local/UnrealEngine/Common/DerivedDataCache/Buckets/LegacyTEXTURE/7b/44/76adc309a7785ee19c1b3204914f2e15bf76.udd" 6040
"C:/Users/Librake/AppData/Local/UnrealEngine/Common/DerivedDataCache/Buckets/LegacyTEXTURE/b1/10/424790f1a4b833a3fabbf2a56d9e4ffb6c20.udd" 6041
"C:/Users/Librake/AppData/Local/UnrealEngine/Common/DerivedDataCache/Buckets/LegacyTEXTURE/8f/b4/1579b74fc4f206a546e6723cf9466db2de5d.udd" 6042
"C:/Users/Librake/AppData/Local/UnrealEngine/Common/DerivedDataCache/Buckets/LegacyTEXTURE/52/13/283db5d2633c476b6930f08024d1dd0626b9.udd" 6043
"C:/Users/Librake/AppData/Local/UnrealEngine/Common/DerivedDataCache/Buckets/LegacyTEXTURE/28/f0/8f5d096a7ac509d046df15d8b67fb8c7b5d8.udd" 6044
"C:/Users/Librake/AppData/Local/UnrealEngine/Common/DerivedDataCache/Buckets/LegacyTEXTURE/4e/c6/645e9b43359cb3f57318c0db593bfee2c514.udd" 6045
"C:/Users/Librake/AppData/Local/UnrealEngine/Common/DerivedDataCache/Buckets/LegacyTEXTURE/af/d5/fb6cf574d58bcaaa4f07312bcd6c79d07606.udd" 6046
"C:/Users/Librake/AppData/Local/UnrealEngine/Common/DerivedDataCache/Buckets/LegacyTEXTURE/99/49/d0dca60904d012c450f360d71c42c5734040.udd" 6047
"C:/Users/Librake/AppData/Local/UnrealEngine/Common/DerivedDataCache/Buckets/LegacyTEXTURE/68/c6/1948cf8aedb6b6fce7442701915ede37a4c3.udd" 6048
"C:/Users/Librake/AppData/Local/UnrealEngine/Common/DerivedDataCache/Buckets/LegacyTEXTURE/c3/3b/e45c21333f3ac13cd86b00866275e96b9e7b.udd" 6049
"C:/Users/Librake/AppData/Local/UnrealEngine/Common/DerivedDataCache/Buckets/LegacyTEXTURE/f8/f0/00f561884bc7f27f9378074608fd50105dae.udd" 6050
"C:/Users/Librake/AppData/Local/UnrealEngine/Common/DerivedDataCache/Buckets/LegacyTEXTURE/c3/29/079b960d58f294da3f224e672653aeb168a7.udd" 6051
"F:/Unreal Projects/DDay_bp/Content/3D/platforms/mater/hill/hill_corner_2/textr/grass/hill_corner_2_hill_corner_2_Normal.uasset" 6052
"C:/Users/Librake/AppData/Local/UnrealEngine/Common/DerivedDataCache/Buckets/LegacyTEXTURE/cf/47/0d745272dc17e4c8fa07f2af67bc96933e5b.udd" 6053
"C:/Users/Librake/AppData/Local/UnrealEngine/Common/DerivedDataCache/Buckets/LegacyTEXTURE/8c/70/23951f657d9e9c203bb0f1cb5131e8648611.udd" 6054
"C:/Users/Librake/AppData/Local/UnrealEngine/Common/DerivedDataCache/Buckets/LegacyTEXTURE/ca/b9/e97e3debc06409f4c1b183ea16f1e6fab690.udd" 6055
"C:/Users/Librake/AppData/Local/UnrealEngine/Common/DerivedDataCache/Buckets/LegacyTEXTURE/a3/7c/d3d49cb794bc221da868f5a0dec9c68d9e13.udd" 6056
"C:/Users/Librake/AppData/Local/UnrealEngine/Common/DerivedDataCache/Buckets/LegacyTEXTURE/02/1f/7f31cb24f64b04a7c584164d70beeb8db29e.udd" 6057
"C:/Users/Librake/AppData/Local/UnrealEngine/Common/DerivedDataCache/Buckets/LegacyTEXTURE/72/d3/78a771ad92fe52451c944882f3413b371a19.udd" 6058
"C:/Users/Librake/AppData/Local/UnrealEngine/Common/DerivedDataCache/Buckets/LegacyTEXTURE/24/28/6864431f52a7f5c21a80e73348b40adf177b.udd" 6059
"C:/Users/Librake/AppData/Local/UnrealEngine/Common/DerivedDataCache/Buckets/LegacyTEXTURE/c2/17/f895a2c1e3e6e6f075fcf7907f6ce5ef7626.udd" 6060
"C:/Users/Librake/AppData/Local/UnrealEngine/Common/DerivedDataCache/Buckets/LegacyTEXTURE/02/83/5935592d53997e8e01c4d2250ca30666b048.udd" 6061
"C:/Users/Librake/AppData/Local/UnrealEngine/Common/DerivedDataCache/Buckets/LegacyTEXTURE/3f/6d/a9fd6904584c282b5fd62c1d39723efc3994.udd" 6062
"C:/Users/Librake/AppData/Local/UnrealEngine/Common/DerivedDataCache/Buckets/LegacyTEXTURE/3f/79/ea659a25d11542f6849b1c1f289014ce0f5f.udd" 6063
"C:/Users/Librake/AppData/Local/UnrealEngine/Common/DerivedDataCache/Buckets/LegacyTEXTURE/64/a2/82e8542ab7f81afcf1457ad4b1d9c547ee5e.udd" 6064
"C:/Users/Librake/AppData/Local/UnrealEngine/Common/DerivedDataCache/Buckets/LegacyTEXTURE/16/a0/4afc0e4d09b881d71e4a11b5d85a14c68535.udd" 6065
"C:/Users/Librake/AppData/Local/UnrealEngine/Common/DerivedDataCache/Buckets/LegacyTEXTURE/3d/00/c511b5c6c8c7411c0fa05b4166903037ded8.udd" 6066
"C:/Users/Librake/AppData/Local/UnrealEngine/Common/DerivedDataCache/Buckets/LegacyTEXTURE/d0/ab/445d6b5ab51872d3d7d674c27ea78c39903d.udd" 6067
"C:/Users/Librake/AppData/Local/UnrealEngine/Common/DerivedDataCache/Buckets/LegacyTEXTURE/8e/19/a7b0106654c7439d860394775232325de630.udd" 6068
"C:/Users/Librake/AppData/Local/UnrealEngine/Common/DerivedDataCache/Buckets/LegacyTEXTURE/a2/04/c12f95630c0426d112c61ca2491a9cd783a4.udd" 6069
"C:/Users/Librake/AppData/Local/UnrealEngine/Common/DerivedDataCache/Buckets/LegacyTEXTURE/b1/4f/80b823ebd4d5bcbca2d8bda61ebbb59f0631.udd" 6070
"C:/Users/Librake/AppData/Local/UnrealEngine/Common/DerivedDataCache/Buckets/LegacyTEXTURE/f5/bf/2f7c1ce8c68d9abcac6f2d2e9e803b70fa2a.udd" 6071
"C:/Users/Librake/AppData/Local/UnrealEngine/Common/DerivedDataCache/Buckets/LegacyTEXTURE/ac/b6/f384f15081cf0bab32c757e5609ae03f0b1b.udd" 6072
"C:/Users/Librake/AppData/Local/UnrealEngine/Common/DerivedDataCache/Buckets/LegacyTEXTURE/b4/11/33fc80b5df0bd3807d92798c255a738afc52.udd" 6073
"C:/Users/Librake/AppData/Local/UnrealEngine/Common/DerivedDataCache/Buckets/BulkDataList/83/2a/391bf1c8871f493da8d3c2abe8802bd4e64b.udd" 6074
"C:/Users/Librake/AppData/Local/UnrealEngine/Common/DerivedDataCache/Buckets/LegacyTEXTURE/e8/19/322f4f429b568a898acc11908813328d8953.udd" 6075
"C:/Users/Librake/AppData/Local/UnrealEngine/Common/DerivedDataCache/Buckets/LegacyTEXTURE/49/74/c7b75aeec2f0eb4b230b4d6cb018ce5f221f.udd" 6076
"C:/Users/Librake/AppData/Local/UnrealEngine/Common/DerivedDataCache/Buckets/LegacyTEXTURE/8d/5c/bcdf89662648233f34159df5c276fa3b0d2f.udd" 6077
"C:/Users/Librake/AppData/Local/UnrealEngine/Common/DerivedDataCache/Buckets/LegacyTEXTURE/bf/d1/d9447fd08584d211d6b4ecf2820812d81376.udd" 6078
"F:/Unreal Projects/DDay_bp/Content/3D/platforms/mater/hill/hill_corner_2/textr/grass/hill_corner_2_hill_corner_2_OcclusionRoughnessMetallic.uasset" 6079
"C:/Users/Librake/AppData/Local/UnrealEngine/Common/DerivedDataCache/Buckets/LegacyTEXTURE/f8/9b/559059e7fa342fdd08d103626cced1c130fd.udd" 6080
"C:/Users/Librake/AppData/Local/UnrealEngine/Common/DerivedDataCache/Buckets/LegacyTEXTURE/aa/74/637852104260df61f50eca380557859af1ed.udd" 6081
"C:/Users/Librake/AppData/Local/UnrealEngine/Common/DerivedDataCache/Buckets/LegacyTEXTURE/11/21/7eb3d762fd6eca25015aa7f548cc24c09993.udd" 6082
"C:/Users/Librake/AppData/Local/UnrealEngine/Common/DerivedDataCache/Buckets/LegacyTEXTURE/d1/4a/104d3f16362ca337aaf2cce483d860728d2f.udd" 6083
"C:/Users/Librake/AppData/Local/UnrealEngine/Common/DerivedDataCache/Buckets/LegacyTEXTURE/a7/29/f5acec544b628667faeca90a8276e918f9f2.udd" 6084
"C:/Users/Librake/AppData/Local/UnrealEngine/Common/DerivedDataCache/Buckets/LegacyTEXTURE/00/56/59ec9a841228d46ba746591d903b671f5077.udd" 6085
"C:/Users/Librake/AppData/Local/UnrealEngine/Common/DerivedDataCache/Buckets/LegacyTEXTURE/19/f0/4673608771c3f0af8dfc6b1c07668bd485d7.udd" 6086
"C:/Users/Librake/AppData/Local/UnrealEngine/Common/DerivedDataCache/Buckets/LegacyTEXTURE/31/74/4b3e77212d9d0c3ad25c4033b2f6cef9469c.udd" 6087
"C:/Users/Librake/AppData/Local/UnrealEngine/Common/DerivedDataCache/Buckets/LegacyTEXTURE/63/6e/4733bfd9763804da6b94b055047ec75460e3.udd" 6088
"C:/Users/Librake/AppData/Local/UnrealEngine/Common/DerivedDataCache/Buckets/LegacyTEXTURE/f9/9e/476f34d4633bd935fefef24bfcb7de2be172.udd" 6089
"C:/Users/Librake/AppData/Local/UnrealEngine/Common/DerivedDataCache/Buckets/LegacyTEXTURE/d7/ff/045ea5cf1d0754dfcd7cc4e88945e9d6938b.udd" 6090
"C:/Users/Librake/AppData/Local/UnrealEngine/Common/DerivedDataCache/Buckets/LegacyTEXTURE/38/27/19901296f223a688df04de36e49937f6f217.udd" 6091
"C:/Users/Librake/AppData/Local/UnrealEngine/Common/DerivedDataCache/Buckets/BulkDataList/09/73/0843044a4c631f35b9a87246e1c95e9290ab.udd" 6092
"../../../Engine/Content/Functions/Engine_MaterialFunctions02/ExampleContent/Textures/OffsetNoiseDistanceFields_ForNormals.uasset" 6093
"C:/Users/Librake/AppData/Local/UnrealEngine/Common/DerivedDataCache/Buckets/LegacyTEXTURE/c9/51/7ff105676741d795a79aab2a6c6903c5cf1b.udd" 6094
"C:/Users/Librake/AppData/Local/UnrealEngine/Common/DerivedDataCache/Buckets/LegacyTEXTURE/d7/4f/ba525caf4818e016e2e0e28d87e2967eee9e.udd" 6095
"C:/Users/Librake/AppData/Local/UnrealEngine/Common/DerivedDataCache/Buckets/BulkDataList/e0/9f/bf324349d147897ee26b14713837612e81bb.udd" 6096
"C:/Users/Librake/AppData/Local/UnrealEngine/Common/DerivedDataCache/Buckets/BulkDataList/6f/55/05fbc837d269d09bb671d395da8924325ce0.udd" 6097
"F:/Unreal Projects/DDay_bp/Content/UI/Fonts/b52.uasset" 6098
"C:/Users/Librake/AppData/Local/UnrealEngine/Common/DerivedDataCache/Buckets/BulkDataList/73/7b/1ae4a52e4b6af1ee6043568d575ecb61562f.udd" 6099
"F:/Unreal Projects/DDay_bp/Content/Realistic_Starter_VFX_Pack_Vol2/Textures/T_Flare_A.uasset" 6100
"C:/Users/Librake/AppData/Local/UnrealEngine/Common/DerivedDataCache/Buckets/BulkDataList/86/c1/114192ed4c9ff7805e7732f379fcd4eaa428.udd" 6101
"F:/Unreal Projects/DDay_bp/Content/Realistic_Starter_VFX_Pack_Vol2/Textures/T_Splash_A.uasset" 6102
"C:/Users/Librake/AppData/Local/UnrealEngine/Common/DerivedDataCache/Buckets/BulkDataList/59/d7/1126dca25539db4b9c332fc77334ddb3eaa7.udd" 6103
"../../../Engine/Content/Functions/Engine_MaterialFunctions02/Texturing/CustomRotator.uasset" 6104
"C:/Users/Librake/AppData/Local/UnrealEngine/Common/DerivedDataCache/Buckets/BulkDataList/4c/3d/8d6e3e4517b23d90537a6082fa24a1dec15b.udd" 6105
"F:/Unreal Projects/DDay_bp/Content/Realistic_Starter_VFX_Pack_Vol2/Textures/T_Dirt_C.uasset" 6106
"C:/Users/Librake/AppData/Local/UnrealEngine/Common/DerivedDataCache/Buckets/BulkDataList/8a/a5/dedd4b9b3a54ee8c97384efb5c82f83aee50.udd" 6107
"F:/Unreal Projects/DDay_bp/Content/Realistic_Starter_VFX_Pack_Vol2/Textures/T_Smoke_B.uasset" 6108
"F:/Unreal Projects/DDay_bp/Content/Sounds/Level_02_fon.uasset" 6109
"../../../Engine/Content/Functions/Engine_MaterialFunctions01/Density/ExponentialDensity.uasset" 6110
"F:/Unreal Projects/DDay_bp/Content/3D/main_guy/Tank_guy/Gun/Mat/Tank_guy_lp_gun_BaseColor.uasset" 6111
"C:/Users/Librake/AppData/Local/UnrealEngine/Common/DerivedDataCache/Buckets/BulkDataList/ca/39/ba49fea0d78b695b8e190dafb01b055f4218.udd" 6112
"C:/Users/Librake/AppData/Local/UnrealEngine/Common/DerivedDataCache/Buckets/BulkDataList/e3/17/eaa10eded91f93031107f9ba385910f0527b.udd" 6113
"F:/Unreal Projects/DDay_bp/Content/3D/main_guy/Tank_guy/Gun/Mat/Tank_guy_lp_gun_Normal.uasset" 6114
"F:/Unreal Projects/DDay_bp/Content/3D/main_guy/Tank_guy/Gun/Mat/Tank_guy_lp_gun_OcclusionRoughnessMetallic.uasset" 6115
"C:/Users/Librake/AppData/Local/UnrealEngine/Common/DerivedDataCache/Buckets/BulkDataList/f8/a0/a70631efe71f25ae190dbc527624a7d90986.udd" 6116
"F:/Unreal Projects/DDay_bp/Content/Realistic_Starter_VFX_Pack_Vol2/Textures/T_Spark_B.uasset" 6117
"C:/Users/Librake/AppData/Local/UnrealEngine/Common/DerivedDataCache/Buckets/BulkDataList/68/c4/806a87aad9c29f15bffb6697fc0fe52fa072.udd" 6118
"F:/Unreal Projects/DDay_bp/Content/Realistic_Starter_VFX_Pack_Vol2/Textures/T_Rocks.uasset" 6119
"C:/Users/Librake/AppData/Local/UnrealEngine/Common/DerivedDataCache/Buckets/BulkDataList/f0/9a/5483166bc5d88cf964322af2bd944e485bec.udd" 6120
"C:/Users/Librake/AppData/Local/UnrealEngine/Common/DerivedDataCache/Buckets/LegacyTEXTURE/b2/e1/edb555f8f93cf90b308b0cffab3ed0fdf0bb.udd" 6121
"C:/Users/Librake/AppData/Local/UnrealEngine/Common/DerivedDataCache/Buckets/LegacyTEXTURE/11/a1/12673d10d3130d5adaeaf3738ac8b11f74ea.udd" 6122
"C:/Users/Librake/AppData/Local/UnrealEngine/Common/DerivedDataCache/Buckets/LegacyTEXTURE/bd/91/6cd63f87357be6fa58a6f2a8afdc4a9e4f2d.udd" 6123
"C:/Users/Librake/AppData/Local/UnrealEngine/Common/DerivedDataCache/Buckets/LegacyTEXTURE/f4/e4/adf72bae34492c4ab20058b5f5fab753fc73.udd" 6124
"C:/Users/Librake/AppData/Local/UnrealEngine/Common/DerivedDataCache/Buckets/LegacyTEXTURE/a4/96/beb11cd1b59df8e528bb6991886e30cbd347.udd" 6125
"C:/Users/Librake/AppData/Local/UnrealEngine/Common/DerivedDataCache/Buckets/LegacyTEXTURE/45/d4/d151a6fa1b4647a56bab2284ee059ff05b05.udd" 6126
"C:/Users/Librake/AppData/Local/UnrealEngine/Common/DerivedDataCache/Buckets/LegacyTEXTURE/50/50/9b7dccdacda26bac635b72574933486362cf.udd" 6127
"C:/Users/Librake/AppData/Local/UnrealEngine/Common/DerivedDataCache/Buckets/LegacyTEXTURE/26/8c/3b1553a1d9252768c6c28dbd0daae3098831.udd" 6128
"C:/Users/Librake/AppData/Local/UnrealEngine/Common/DerivedDataCache/Buckets/LegacyTEXTURE/c0/d0/0ee208c0d49f3a4d4e2c5bcf784daa821d37.udd" 6129
"C:/Users/Librake/AppData/Local/UnrealEngine/Common/DerivedDataCache/Buckets/LegacyTEXTURE/fd/51/2a69a705671ce413e92904362ddd2b287b9a.udd" 6130
"C:/Users/Librake/AppData/Local/UnrealEngine/Common/DerivedDataCache/Buckets/LegacyTEXTURE/e0/37/f1a6490ce9a332ab4a618e8ac3b9500d176b.udd" 6131
"C:/Users/Librake/AppData/Local/UnrealEngine/Common/DerivedDataCache/Buckets/LegacyTEXTURE/3f/79/8ea1526954ef8c0dd835eb6675d726899663.udd" 6132
"C:/Users/Librake/AppData/Local/UnrealEngine/Common/DerivedDataCache/Buckets/LegacyTEXTURE/a4/ab/f323d138122fabd4c76dbb726e6f7210db37.udd" 6133
"C:/Users/Librake/AppData/Local/UnrealEngine/Common/DerivedDataCache/Buckets/LegacyTEXTURE/2e/2d/e9853fcdec9c4bf8f9b9113ff622d81904a1.udd" 6134
"C:/Users/Librake/AppData/Local/UnrealEngine/Common/DerivedDataCache/Buckets/LegacyAudio/ef/d2/8dc1bd249d32cfb3f976d06b4efc6eb15dac.udd" 6135
"C:/Users/Librake/AppData/Local/UnrealEngine/Common/DerivedDataCache/Buckets/LegacyTEXTURE/97/ea/f388bd981023d050898570cb774a797f72d5.udd" 6136
"C:/Users/Librake/AppData/Local/UnrealEngine/Common/DerivedDataCache/Buckets/LegacyTEXTURE/32/f9/32a411db4033a8b35a2fd138ea332b2ff4a5.udd" 6137
"C:/Users/Librake/AppData/Local/UnrealEngine/Common/DerivedDataCache/Buckets/LegacyTEXTURE/22/b2/edd6aaa0ab52d1d6d46db590b2996226edb0.udd" 6138
"C:/Users/Librake/AppData/Local/UnrealEngine/Common/DerivedDataCache/Buckets/LegacyTEXTURE/45/63/348cdbcea36803ca16f1199603bbdb7f1a78.udd" 6139
"C:/Users/Librake/AppData/Local/UnrealEngine/Common/DerivedDataCache/Buckets/LegacyTEXTURE/43/32/8be03b025add1eabd325844d56d6de3d2e2f.udd" 6140
"C:/Users/Librake/AppData/Local/UnrealEngine/Common/DerivedDataCache/Buckets/LegacyTEXTURE/6e/bd/4cedb41522d3666338737e722917718a7256.udd" 6141
"C:/Users/Librake/AppData/Local/UnrealEngine/Common/DerivedDataCache/Buckets/LegacyTEXTURE/d7/b0/df26f3599da2f3e8d98fc69d12192a4f5aa5.udd" 6142
"C:/Users/Librake/AppData/Local/UnrealEngine/Common/DerivedDataCache/Buckets/LegacyTEXTURE/a2/89/3fe8b533bef383affdc9976df9f3645ef8fa.udd" 6143
"C:/Users/Librake/AppData/Local/UnrealEngine/Common/DerivedDataCache/Buckets/LegacyTEXTURE/3d/a5/fbe34b7d89758bb8daa02a120c7efd9f55a8.udd" 6144
"C:/Users/Librake/AppData/Local/UnrealEngine/Common/DerivedDataCache/Buckets/LegacyTEXTURE/4b/9b/6ebbcfac7e5f4e6cd6b1ba400ccedb4930a6.udd" 6145
"C:/Users/Librake/AppData/Local/UnrealEngine/Common/DerivedDataCache/Buckets/LegacyTEXTURE/5e/e6/40889c1fde2dfb386951c1314c7d0fd3f1a7.udd" 6146
"C:/Users/Librake/AppData/Local/UnrealEngine/Common/DerivedDataCache/Buckets/LegacyTEXTURE/78/30/15eb6b55d6483168c1d46016e646654c7cfe.udd" 6147
"C:/Users/Librake/AppData/Local/UnrealEngine/Common/DerivedDataCache/Buckets/LegacyTEXTURE/6b/5d/48e42cefdf0afa0a77b63a02cf7ee38568a0.udd" 6148
"C:/Users/Librake/AppData/Local/UnrealEngine/Common/DerivedDataCache/Buckets/LegacyTEXTURE/65/b2/5c168d6695321407f9cdd54fb4fe3e83bad9.udd" 6149
"C:/Users/Librake/AppData/Local/UnrealEngine/Common/DerivedDataCache/Buckets/LegacyTEXTURE/db/ae/99c492737e3d7594880d46715fd738b7fec0.udd" 6150
"C:/Users/Librake/AppData/Local/UnrealEngine/Common/DerivedDataCache/Buckets/LegacyTEXTURE/81/c3/1662f3f41985f0ef867b15fac45131c0281a.udd" 6151
"C:/Users/Librake/AppData/Local/UnrealEngine/Common/DerivedDataCache/Buckets/LegacyTEXTURE/17/dc/7479d8feff287beffd2153ddf26c1cec7273.udd" 6152
"C:/Users/Librake/AppData/Local/UnrealEngine/Common/DerivedDataCache/Buckets/LegacyTEXTURE/e8/af/044ed8eaf022fc6772e7b7f38641031fd68f.udd" 6153
"C:/Users/Librake/AppData/Local/UnrealEngine/Common/DerivedDataCache/Buckets/LegacyTEXTURE/07/99/28197dc55137e4d785204830dd5997378c33.udd" 6154
"F:/Unreal Projects/DDay_bp/Content/Realistic_Starter_VFX_Pack_Vol2/Textures/T_Rocks_NM.uasset" 6155
"C:/Users/Librake/AppData/Local/UnrealEngine/Common/DerivedDataCache/Buckets/LegacyTEXTURE/a8/4d/78d18635fa8f32bfbfdf7f1885c205639d5e.udd" 6156
"C:/Users/Librake/AppData/Local/UnrealEngine/Common/DerivedDataCache/Buckets/LegacyTEXTURE/a2/9a/424803821790e23532252fdc93e969fc75b9.udd" 6157
"C:/Users/Librake/AppData/Local/UnrealEngine/Common/DerivedDataCache/Buckets/LegacyTEXTURE/24/85/484d51485de6b6686f49b31d0f530446e140.udd" 6158
"C:/Users/Librake/AppData/Local/UnrealEngine/Common/DerivedDataCache/Buckets/LegacyTEXTURE/08/30/fe73ed3f73c2eba5bc3cd2029c297f4a77de.udd" 6159
"C:/Users/Librake/AppData/Local/UnrealEngine/Common/DerivedDataCache/Buckets/LegacyTEXTURE/78/b7/4aac27fa1d5270855527ef1539c53c781d14.udd" 6160
"C:/Users/Librake/AppData/Local/UnrealEngine/Common/DerivedDataCache/Buckets/BulkDataList/32/98/d1ab9bf5e783087c83d8f86df0260083f366.udd" 6161
"F:/Unreal Projects/DDay_bp/Content/Realistic_Starter_VFX_Pack_Vol2/Textures/T_Smoke_Wisp.uasset" 6162
"C:/Users/Librake/AppData/Local/UnrealEngine/Common/DerivedDataCache/Buckets/LegacyTEXTURE/bd/fc/b1791d60180b28707262d279063a9a1fbfe8.udd" 6163
"C:/Users/Librake/AppData/Local/UnrealEngine/Common/DerivedDataCache/Buckets/LegacyTEXTURE/73/3b/d76158180a93496984962ea2a7fecacd1c60.udd" 6164
"C:/Users/Librake/AppData/Local/UnrealEngine/Common/DerivedDataCache/Buckets/BulkDataList/1a/68/c2594ab7971a856f1af5c1e0c3120e76d88c.udd" 6165
"F:/Unreal Projects/DDay_bp/Content/Realistic_Starter_VFX_Pack_Vol2/Textures/T_Paper.uasset" 6166
"C:/Users/Librake/AppData/Local/UnrealEngine/Common/DerivedDataCache/Buckets/LegacySTREAMEDAUDIO/2b/f4/188636eeddabfbde1d56803ce3f9fd903b06.udd" 6167
"C:/Users/Librake/AppData/Local/UnrealEngine/Common/DerivedDataCache/Buckets/LegacySTREAMEDAUDIO/60/7b/4455afd2c6ad82ab64b58bf65702ffdfee40.udd" 6168
"C:/Users/Librake/AppData/Local/UnrealEngine/Common/DerivedDataCache/Buckets/LegacySTREAMEDAUDIO/75/08/da8e9306664105741b441fc8f460fd8b0e77.udd" 6169
"C:/Users/Librake/AppData/Local/UnrealEngine/Common/DerivedDataCache/Buckets/LegacyTEXTURE/7b/11/d23244e92edd4abec39cc2131fbe7aa2c08e.udd" 6170
"C:/Users/Librake/AppData/Local/UnrealEngine/Common/DerivedDataCache/Buckets/LegacyTEXTURE/7a/5f/278c406fcba8f7bf99d9e806e160e75a97bf.udd" 6171
"C:/Users/Librake/AppData/Local/UnrealEngine/Common/DerivedDataCache/Buckets/BulkDataList/d1/29/405d3b32aacaba483e5fd1d2e06cf54b59ca.udd" 6172
"C:/Users/Librake/AppData/Local/UnrealEngine/Common/DerivedDataCache/Buckets/LegacyTEXTURE/19/b4/8e8abdc01cfd35f533fc37b9965bf6e7e16c.udd" 6173
"C:/Users/Librake/AppData/Local/UnrealEngine/Common/DerivedDataCache/Buckets/LegacyTEXTURE/e3/fa/45c1ba3f388b12f283dc79bc4090b92bbe30.udd" 6174
"F:/Unreal Projects/DDay_bp/Content/3D/bush/big_bush/big_bush_leaves_BaseColor.uasset" 6175
"C:/Users/Librake/AppData/Local/UnrealEngine/Common/DerivedDataCache/Buckets/LegacyTEXTURE/fd/f7/cff225bc0f6a0ee446d78fccfb5cf5d15b94.udd" 6176
"C:/Users/Librake/AppData/Local/UnrealEngine/Common/DerivedDataCache/Buckets/LegacyTEXTURE/99/39/180c7bf4bb00155cd1faf1ba3d48c46d8bed.udd" 6177
"C:/Users/Librake/AppData/Local/UnrealEngine/Common/DerivedDataCache/Buckets/LegacyTEXTURE/67/05/99045eea2c73e01ee5f7f4445551426e6422.udd" 6178
"C:/Users/Librake/AppData/Local/UnrealEngine/Common/DerivedDataCache/Buckets/LegacyTEXTURE/27/ac/a8c906a3e4313cccff2b2334776b6d80d8b7.udd" 6179
"C:/Users/Librake/AppData/Local/UnrealEngine/Common/DerivedDataCache/Buckets/LegacyTEXTURE/10/59/5b902938f445f4a9b30cf0cb52320a456d15.udd" 6180
"C:/Users/Librake/AppData/Local/UnrealEngine/Common/DerivedDataCache/Buckets/LegacyTEXTURE/09/5f/9db410c7f961cab199bcea4370df6d6a0c36.udd" 6181
"C:/Users/Librake/AppData/Local/UnrealEngine/Common/DerivedDataCache/Buckets/LegacyTEXTURE/ad/47/fc6f6fbcb26d220865ca9afa6781c2609c3f.udd" 6182
"C:/Users/Librake/AppData/Local/UnrealEngine/Common/DerivedDataCache/Buckets/LegacyTEXTURE/3f/89/1a6d729261a7b41f78298a9f23e4f24e03e7.udd" 6183
"C:/Users/Librake/AppData/Local/UnrealEngine/Common/DerivedDataCache/Buckets/LegacyTEXTURE/2a/36/c40768f754a27226bffade21b3d631ba22bc.udd" 6184
"C:/Users/Librake/AppData/Local/UnrealEngine/Common/DerivedDataCache/Buckets/LegacyTEXTURE/0e/57/d4ea9b5d024a5c36687666a0bf10a245450c.udd" 6185
"C:/Users/Librake/AppData/Local/UnrealEngine/Common/DerivedDataCache/Buckets/LegacyTEXTURE/23/33/e3c7da589ff32899fb3026c893b0b7e399a6.udd" 6186
"C:/Users/Librake/AppData/Local/UnrealEngine/Common/DerivedDataCache/Buckets/BulkDataList/3e/a8/fd2c99d91da7e252cd243191cf2998725c25.udd" 6187
"C:/Users/Librake/AppData/Local/UnrealEngine/Common/DerivedDataCache/Buckets/LegacyTEXTURE/7d/89/c55ecba7fd59c8510d831ec19007a9773e4e.udd" 6188
"C:/Users/Librake/AppData/Local/UnrealEngine/Common/DerivedDataCache/Buckets/LegacyTEXTURE/3c/3e/09d41d74c326d050a887414d76666026c64c.udd" 6189
"F:/Unreal Projects/DDay_bp/Content/3D/bush/big_bush/big_bush_leaves_OcclusionRoughnessMetallic.uasset" 6190
"C:/Users/Librake/AppData/Local/UnrealEngine/Common/DerivedDataCache/Buckets/LegacyTEXTURE/72/51/9cc70fe5725b5fdc81ac9233fe1bbd8110f4.udd" 6191
"C:/Users/Librake/AppData/Local/UnrealEngine/Common/DerivedDataCache/Buckets/LegacyTEXTURE/58/ec/9bb522d252915cc8c9028144bdfa9989974e.udd" 6192
"C:/Users/Librake/AppData/Local/UnrealEngine/Common/DerivedDataCache/Buckets/BulkDataList/05/d0/fe5528cf65ef0d74230b1852bbc16fc3530d.udd" 6193
"C:/Users/Librake/AppData/Local/UnrealEngine/Common/DerivedDataCache/Buckets/LegacyTEXTURE/28/94/006941464ff19924cca24112e92d173ab0ed.udd" 6194
"F:/Unreal Projects/DDay_bp/Content/3D/bush/big_bush/leaves_op.uasset" 6195
"C:/Users/Librake/AppData/Local/UnrealEngine/Common/DerivedDataCache/Buckets/BulkDataList/1f/2c/e1e313f632de334a6622f2640aabdd33c03f.udd" 6196
"../../../Engine/Content/Functions/Engine_MaterialFunctions01/WorldPositionOffset/SimpleGrassWind.uasset" 6197
"C:/Users/Librake/AppData/Local/UnrealEngine/Common/DerivedDataCache/Buckets/BulkDataList/85/49/eff648a1ced198d32c95ea5db49177ad95ea.udd" 6198
"../../../Engine/Content/Functions/Engine_MaterialFunctions02/Utility/MakeFloat3.uasset" 6199
"../../../Engine/Content/Functions/Engine_MaterialFunctions02/WorldPositionOffset/ObjectPivotPoint.uasset" 6200
"C:/Users/Librake/AppData/Local/UnrealEngine/Common/DerivedDataCache/Buckets/BulkDataList/8e/d0/77d0ecaee7099714a72e51611d6574807a9f.udd" 6201
"F:/Unreal Projects/DDay_bp/Content/3D/tree_with_leaves/Tree1/textr/Instanc/Trees_wind_speed_vector.uasset" 6202
"C:/Users/Librake/AppData/Local/UnrealEngine/Common/DerivedDataCache/Buckets/BulkDataList/03/1e/a2fdc07133cf36bd4eb33e26188bdf2453ca.udd" 6203
"F:/Unreal Projects/DDay_bp/Content/3D/bush/big_bush/big_bush_leaves_tree_2_BaseColor.uasset" 6204
"C:/Users/Librake/AppData/Local/UnrealEngine/Common/DerivedDataCache/Buckets/BulkDataList/5f/4b/0f63f84752574e23327894751e976a4a58e3.udd" 6205
"F:/Unreal Projects/DDay_bp/Content/3D/bush/big_bush/big_bush_leaves_tree_2_OcclusionRoughnessMetallic.uasset" 6206
"C:/Users/Librake/AppData/Local/UnrealEngine/Common/DerivedDataCache/Buckets/BulkDataList/2b/8d/1bc70ba481c5e2518641d912d32d4468974d.udd" 6207
"F:/Unreal Projects/DDay_bp/Content/3D/bush/Bush_defoult/textr/bush_bush_BaseColor.uasset" 6208
"C:/Users/Librake/AppData/Local/UnrealEngine/Common/DerivedDataCache/Buckets/BulkDataList/50/5d/50cc8f304b3a007f966585c6a78a2c71881f.udd" 6209
"F:/Unreal Projects/DDay_bp/Content/3D/bush/Bush_defoult/textr/bush_bush_Normal.uasset" 6210
"C:/Users/Librake/AppData/Local/UnrealEngine/Common/DerivedDataCache/Buckets/BulkDataList/28/4d/0dfd30cc5c7422b2de9e902ed9ab56e23e34.udd" 6211
"F:/Unreal Projects/DDay_bp/Content/3D/bush/Bush_defoult/textr/bush_bush_OcclusionRoughnessMetallic.uasset" 6212
"C:/Users/Librake/AppData/Local/UnrealEngine/Common/DerivedDataCache/Buckets/BulkDataList/20/cd/93ed20c83de4f333dd2afeb4e01e4d76ef65.udd" 6213
"F:/Unreal Projects/DDay_bp/Content/3D/bush/Long_bush/Bush_wind_speed_vector.uasset" 6214
"C:/Users/Librake/AppData/Local/UnrealEngine/Common/DerivedDataCache/Buckets/BulkDataList/ec/66/d6eb033b13cbd2f5e62706fd60b9fcc53d56.udd" 6215
"C:/Users/Librake/AppData/Local/UnrealEngine/Common/DerivedDataCache/Buckets/LegacyAudio/09/43/9f887b5e649e34b65c81e3acd4314fca6335.udd" 6216
"C:/Users/Librake/AppData/Local/UnrealEngine/Common/DerivedDataCache/Buckets/LegacySTREAMEDAUDIO/09/d8/7e626e815b63c2d3252b8de1863c759d4b70.udd" 6217
"C:/Users/Librake/AppData/Local/UnrealEngine/Common/DerivedDataCache/Buckets/LegacySTREAMEDAUDIO/88/27/69282bc9974c74f3740a6e5be938a379880d.udd" 6218
"C:/Users/Librake/AppData/Local/UnrealEngine/Common/DerivedDataCache/Buckets/LegacySTREAMEDAUDIO/6e/7a/ce52ae2ada4a3db1e64dddc8e9f43131d63f.udd" 6219
"C:/Users/Librake/AppData/Local/UnrealEngine/Common/DerivedDataCache/Buckets/LegacyTEXTURE/95/6d/2ddf4f878314fcbf7fa277f2c994e1f9f3c3.udd" 6220
"C:/Users/Librake/AppData/Local/UnrealEngine/Common/DerivedDataCache/Buckets/LegacyTEXTURE/80/b7/58319530dadee6b9b5d1cd29edd33c5013f6.udd" 6221
"C:/Users/Librake/AppData/Local/UnrealEngine/Common/DerivedDataCache/Buckets/LegacyTEXTURE/00/5c/0ca5b2231fcb363f75315608a1c44da9bce1.udd" 6222
"C:/Users/Librake/AppData/Local/UnrealEngine/Common/DerivedDataCache/Buckets/LegacyTEXTURE/1b/a7/01c4a5b4e43d3ade800c9d6800d37a5bca3c.udd" 6223
"C:/Users/Librake/AppData/Local/UnrealEngine/Common/DerivedDataCache/Buckets/LegacyTEXTURE/c5/c5/eadae2bf8a26195dd53e2de9b30d907dbf73.udd" 6224
"C:/Users/Librake/AppData/Local/UnrealEngine/Common/DerivedDataCache/Buckets/LegacyTEXTURE/43/bb/5454389f8b45b5421c8834ab2532c0d6258d.udd" 6225
"C:/Users/Librake/AppData/Local/UnrealEngine/Common/DerivedDataCache/Buckets/LegacyTEXTURE/a4/ef/baa2269386f9bdd3a6d6b6f2343be4ee99c3.udd" 6226
"C:/Users/Librake/AppData/Local/UnrealEngine/Common/DerivedDataCache/Buckets/LegacyTEXTURE/cf/87/ee1eaf8266cc03a86b33b005a084a244bde7.udd" 6227
"C:/Users/Librake/AppData/Local/UnrealEngine/Common/DerivedDataCache/Buckets/MaterialShaderMap/7a/f8/06e643f60e5c16304e802473aa5936ce5153.udd" 6228
"C:/Users/Librake/AppData/Local/UnrealEngine/Common/DerivedDataCache/Buckets/LegacyTEXTURE/04/d5/de201799fc3ae4d5328e586a5ae3b7312eca.udd" 6229
"C:/Users/Librake/AppData/Local/UnrealEngine/Common/DerivedDataCache/Buckets/LegacyTEXTURE/6f/81/78748cd4163b6229fa225f18e33374d0d24b.udd" 6230
"C:/Users/Librake/AppData/Local/UnrealEngine/Common/DerivedDataCache/Buckets/LegacyTEXTURE/ae/36/09a7a617d90712ff9ab77ec7893dd21e2ad7.udd" 6231
"C:/Users/Librake/AppData/Local/UnrealEngine/Common/DerivedDataCache/Buckets/LegacyTEXTURE/38/99/64224f462aa685fd86ba7a9d3478c0dda909.udd" 6232
"C:/Users/Librake/AppData/Local/UnrealEngine/Common/DerivedDataCache/Buckets/LegacyTEXTURE/c1/9d/0f495e0f57534a81a4fa7f9a3eb5da1f9850.udd" 6233
"C:/Users/Librake/AppData/Local/UnrealEngine/Common/DerivedDataCache/Buckets/LegacyTEXTURE/6e/4f/7304b7646bceb7cda70e5465be5bf487a27d.udd" 6234
"C:/Users/Librake/AppData/Local/UnrealEngine/Common/DerivedDataCache/Buckets/LegacyTEXTURE/bc/1c/dcd94adb38d726174527b2f7d10d8c461af0.udd" 6235
"C:/Users/Librake/AppData/Local/UnrealEngine/Common/DerivedDataCache/Buckets/LegacyTEXTURE/9a/ea/11741d9308bc0f2fc0e8eaca4ddaf8f3e77e.udd" 6236
"C:/Users/Librake/AppData/Local/UnrealEngine/Common/DerivedDataCache/Buckets/LegacyTEXTURE/21/e9/26af4bad3ea8b48b716174da4c8c87a7d9be.udd" 6237
"C:/Users/Librake/AppData/Local/UnrealEngine/Common/DerivedDataCache/Buckets/LegacyTEXTURE/b7/39/7efdf1305522bbe65a2b3f20d1df2b2df1c5.udd" 6238
"C:/Users/Librake/AppData/Local/UnrealEngine/Common/DerivedDataCache/Buckets/LegacyTEXTURE/37/92/d829abfbe7c3563f42683df1e86baf80dc17.udd" 6239
"C:/Users/Librake/AppData/Local/UnrealEngine/Common/DerivedDataCache/Buckets/LegacyTEXTURE/8a/8a/7752b9ba54e9b35fe9a7e1e1b29a54b97c02.udd" 6240
"C:/Users/Librake/AppData/Local/UnrealEngine/Common/DerivedDataCache/Buckets/LegacyTEXTURE/1d/90/e853343ad2e7624481b6fd793396be72640d.udd" 6241
"C:/Users/Librake/AppData/Local/UnrealEngine/Common/DerivedDataCache/Buckets/LegacyTEXTURE/c2/fc/497082cf459bac85e1ed71fb0a6c326d3bf1.udd" 6242
"C:/Users/Librake/AppData/Local/UnrealEngine/Common/DerivedDataCache/Buckets/LegacyTEXTURE/d4/2f/9d7c5f373d71b12c27e800b9de6abb3e6d5c.udd" 6243
"C:/Users/Librake/AppData/Local/UnrealEngine/Common/DerivedDataCache/Buckets/LegacyTEXTURE/1b/bd/0bb8053a20d086f732d359accdf07c05967e.udd" 6244
"C:/Users/Librake/AppData/Local/UnrealEngine/Common/DerivedDataCache/Buckets/LegacyTEXTURE/b4/11/a62fccb4efa9832f8481458d34c22e24be5d.udd" 6245
"C:/Users/Librake/AppData/Local/UnrealEngine/Common/DerivedDataCache/Buckets/LegacyTEXTURE/79/a7/948dc49d33026d18488f72f922586b897023.udd" 6246
"C:/Users/Librake/AppData/Local/UnrealEngine/Common/DerivedDataCache/Buckets/MaterialShaderMap/0c/43/084e1c28e63e396d5e8e1990788e7d4b4e79.udd" 6247
"C:/Users/Librake/AppData/Local/UnrealEngine/Common/DerivedDataCache/Buckets/LegacyTEXTURE/3a/b4/8a8e93794ef88067a8272d4b098eca7092d3.udd" 6248
"C:/Users/Librake/AppData/Local/UnrealEngine/Common/DerivedDataCache/Buckets/LegacyTEXTURE/75/04/aede95ce7ba06a9db54906072564b846c371.udd" 6249
"C:/Users/Librake/AppData/Local/UnrealEngine/Common/DerivedDataCache/Buckets/LegacyTEXTURE/95/c0/77510f7b936c7a9d23dbdacc02b8eb11a340.udd" 6250
"C:/Users/Librake/AppData/Local/UnrealEngine/Common/DerivedDataCache/Buckets/LegacyTEXTURE/87/86/652322ec6882e903e128f047227af366d15c.udd" 6251
"C:/Users/Librake/AppData/Local/UnrealEngine/Common/DerivedDataCache/Buckets/LegacyTEXTURE/1c/e2/fad1e6c2b60bbe8bb6b9c91e80682734de6d.udd" 6252
"C:/Users/Librake/AppData/Local/UnrealEngine/Common/DerivedDataCache/Buckets/LegacyTEXTURE/66/86/db2ee7b5e335cc0aa1b9c48b0961a3211d8b.udd" 6253
"C:/Users/Librake/AppData/Local/UnrealEngine/Common/DerivedDataCache/Buckets/LegacyTEXTURE/4f/b3/dd606a93a7837c89b9128ce28efed130f963.udd" 6254
"C:/Users/Librake/AppData/Local/UnrealEngine/Common/DerivedDataCache/Buckets/LegacyTEXTURE/56/e1/33292c1440d6cfd481581a91a445797518a3.udd" 6255
"C:/Users/Librake/AppData/Local/UnrealEngine/Common/DerivedDataCache/Buckets/LegacyTEXTURE/a4/62/4eaac1e13c97dabc902047f6d10d3845b6ea.udd" 6256
"C:/Users/Librake/AppData/Local/UnrealEngine/Common/DerivedDataCache/Buckets/LegacyTEXTURE/d2/d1/2cc66ea7dc5a85cefdde1e7c3aff60956070.udd" 6257
"C:/Users/Librake/AppData/Local/UnrealEngine/Common/DerivedDataCache/Buckets/LegacyTEXTURE/08/7b/ce286f3fc1b529e5f5f224d106a4779722c0.udd" 6258
"C:/Users/Librake/AppData/Local/UnrealEngine/Common/DerivedDataCache/Buckets/LegacyTEXTURE/57/56/9e60aaea6d205a0f94133593f58726962574.udd" 6259
"C:/Users/Librake/AppData/Local/UnrealEngine/Common/DerivedDataCache/Buckets/LegacyTEXTURE/fc/cf/82e3e143c7921948f406854f3d476778a595.udd" 6260
"C:/Users/Librake/AppData/Local/UnrealEngine/Common/DerivedDataCache/Buckets/LegacyTEXTURE/54/0a/d04d32eee9c08181c4568e257f7dfdbf8f7e.udd" 6261
"F:/Unreal Projects/DDay_bp/Content/3D/bush/Long_bush/long_bush_bush_BaseColor.uasset" 6262
"C:/Users/Librake/AppData/Local/UnrealEngine/Common/DerivedDataCache/Buckets/LegacyTEXTURE/87/4f/7270ff4dccfa5b5c70e7c19a125dc1b5ee8c.udd" 6263
"C:/Users/Librake/AppData/Local/UnrealEngine/Common/DerivedDataCache/Buckets/LegacyTEXTURE/cf/5e/574c1016a09487e6a14545549f69064c39f8.udd" 6264
"F:/Unreal Projects/DDay_bp/Content/3D/bush/Long_bush/long_bush_bush_Normal.uasset" 6265
"C:/Users/Librake/AppData/Local/UnrealEngine/Common/DerivedDataCache/Buckets/LegacyTEXTURE/c1/cc/7c735d9f71753fd2b492071f6322e1e57436.udd" 6266
"C:/Users/Librake/AppData/Local/UnrealEngine/Common/DerivedDataCache/Buckets/LegacyTEXTURE/12/06/8ea4b1f052d9fef4afbf8a4cc018442b70df.udd" 6267
"C:/Users/Librake/AppData/Local/UnrealEngine/Common/DerivedDataCache/Buckets/BulkDataList/f7/b4/7f3e16a88d51bcd4c27f630924925d1ee38c.udd" 6268
"C:/Users/Librake/AppData/Local/UnrealEngine/Common/DerivedDataCache/Buckets/LegacyTEXTURE/3c/a0/381e9196d2216c39d110152491bc6e323408.udd" 6269
"C:/Users/Librake/AppData/Local/UnrealEngine/Common/DerivedDataCache/Buckets/LegacyTEXTURE/d7/f6/a619493e57d7769ed745167ef062f3c18779.udd" 6270
"C:/Users/Librake/AppData/Local/UnrealEngine/Common/DerivedDataCache/Buckets/LegacyTEXTURE/e4/24/aece49e207c892cfcb2f02d9fd67d7bdcddd.udd" 6271
"C:/Users/Librake/AppData/Local/UnrealEngine/Common/DerivedDataCache/Buckets/LegacyTEXTURE/cb/6b/50a3563b5522badc0074a769c67eceda2985.udd" 6272
"C:/Users/Librake/AppData/Local/UnrealEngine/Common/DerivedDataCache/Buckets/LegacyTEXTURE/0b/cd/55a1736ecb7a9adedfea2a1f0abfe7529b3c.udd" 6273
"C:/Users/Librake/AppData/Local/UnrealEngine/Common/DerivedDataCache/Buckets/LegacyTEXTURE/37/ea/3cb96d5693550e1d1baf3bfe443d927ca9bc.udd" 6274
"C:/Users/Librake/AppData/Local/UnrealEngine/Common/DerivedDataCache/Buckets/LegacyTEXTURE/2c/c2/94dce7cef4179fc4d14779bba523625136df.udd" 6275
"C:/Users/Librake/AppData/Local/UnrealEngine/Common/DerivedDataCache/Buckets/LegacyTEXTURE/10/30/1bc4ec0eb3d795bfa39921c6789be22878e0.udd" 6276
"C:/Users/Librake/AppData/Local/UnrealEngine/Common/DerivedDataCache/Buckets/LegacyTEXTURE/b0/5a/6ac3b5b2fd1573f61c75ef09e1e78246292f.udd" 6277
"C:/Users/Librake/AppData/Local/UnrealEngine/Common/DerivedDataCache/Buckets/BulkDataList/55/2a/133b7a2d9b986aad4617f25fb65353eb811b.udd" 6278
"C:/Users/Librake/AppData/Local/UnrealEngine/Common/DerivedDataCache/Buckets/LegacyTEXTURE/06/f7/ec5dfb8f8829aa9149641bfbbac80089b978.udd" 6279
"F:/Unreal Projects/DDay_bp/Content/3D/bush/Long_bush/long_bush_bush_OcclusionRoughnessMetallic.uasset" 6280
"C:/Users/Librake/AppData/Local/UnrealEngine/Common/DerivedDataCache/Buckets/LegacyTEXTURE/80/83/c6c1ee6b5f7851b784c8ce04e700369c234e.udd" 6281
"C:/Users/Librake/AppData/Local/UnrealEngine/Common/DerivedDataCache/Buckets/LegacyTEXTURE/92/54/a67e60f3104fd3e5b12afc3e262b94608f46.udd" 6282
"C:/Users/Librake/AppData/Local/UnrealEngine/Common/DerivedDataCache/Buckets/LegacyTEXTURE/4b/99/3c1b7cf2a171f62efb0c63135fd7ecc8cb46.udd" 6283
"C:/Users/Librake/AppData/Local/UnrealEngine/Common/DerivedDataCache/Buckets/BulkDataList/6e/de/104b93cb23f5cfcd45f0e3b0e3593d4addb8.udd" 6284
"F:/Unreal Projects/DDay_bp/Content/3D/destroyed_trees/destr_tree1/txtr/destr_tree1_destr_tree1_BaseColor.uasset" 6285
"C:/Users/Librake/AppData/Local/UnrealEngine/Common/DerivedDataCache/Buckets/LegacyTEXTURE/48/2d/48abf48d407809a497a24f08a7219186a54b.udd" 6286
"C:/Users/Librake/AppData/Local/UnrealEngine/Common/DerivedDataCache/Buckets/LegacyTEXTURE/58/52/10c10a9113201b94a68bfbb7cf194b303288.udd" 6287
"C:/Users/Librake/AppData/Local/UnrealEngine/Common/DerivedDataCache/Buckets/LegacyTEXTURE/0d/54/c412e3819ede7cc607046197af1d717250a4.udd" 6288
"F:/Unreal Projects/DDay_bp/Content/3D/destroyed_trees/destr_tree1/txtr/destr_tree1_destr_tree1_Normal.uasset" 6289
"C:/Users/Librake/AppData/Local/UnrealEngine/Common/DerivedDataCache/Buckets/LegacyTEXTURE/3f/da/ae77fec95051cf4e45c30b5b1d0b3adbc361.udd" 6290
"C:/Users/Librake/AppData/Local/UnrealEngine/Common/DerivedDataCache/Buckets/LegacyTEXTURE/c8/68/dfa30c33b7e5898d33d1c93035c7481f1a55.udd" 6291
"C:/Users/Librake/AppData/Local/UnrealEngine/Common/DerivedDataCache/Buckets/BulkDataList/14/4b/d80d3df4c1d4b3b9f6b0e6115693bbd5aec2.udd" 6292
"C:/Users/Librake/AppData/Local/UnrealEngine/Common/DerivedDataCache/Buckets/LegacyTEXTURE/b7/ea/5bf0e61ad0619aa8bfd3b94dc28b5564bef4.udd" 6293
"F:/Unreal Projects/DDay_bp/Content/3D/destroyed_trees/destr_tree1/txtr/destr_tree1_destr_tree1_OcclusionRoughnessMetallic.uasset" 6294
"C:/Users/Librake/AppData/Local/UnrealEngine/Common/DerivedDataCache/Buckets/BulkDataPayloadId/c7/f3/479dfc167c32d208b670e20bf99307158c0f.udd" 6295
"C:/Users/Librake/AppData/Local/UnrealEngine/Common/DerivedDataCache/Buckets/BulkDataList/a4/d3/a526caffe8cb03382542e8b034a0f54b4396.udd" 6296
"C:/Users/Librake/AppData/Local/UnrealEngine/Common/DerivedDataCache/Buckets/LegacyTEXTURE/97/a7/f12eda763ed3190b86519effbf58cdb703e6.udd" 6297
"F:/Unreal Projects/DDay_bp/Content/3D/destroyed_trees/destr_tree2/txtr/destr_tree2_destr_tree2_BaseColor.uasset" 6298
"C:/Users/Librake/AppData/Local/UnrealEngine/Common/DerivedDataCache/Buckets/LegacyTEXTURE/94/7d/023420e22c5f2fa1c4402c68c44026169577.udd" 6299
"C:/Users/Librake/AppData/Local/UnrealEngine/Common/DerivedDataCache/Buckets/BulkDataPayloadId/68/f2/f9128bbb7e870cd21a57c6b72bc33e9d800a.udd" 6300
"C:/Users/Librake/AppData/Local/UnrealEngine/Common/DerivedDataCache/Buckets/LegacyTEXTURE/74/9f/9e559f47282af2116b48cb9809d82064e34f.udd" 6301
"C:/Users/Librake/AppData/Local/UnrealEngine/Common/DerivedDataCache/Buckets/LegacyTEXTURE/2a/b6/7980f5bbe333046d8559b9c68a0a29092351.udd" 6302
"F:/Unreal Projects/DDay_bp/Content/3D/destroyed_trees/destr_tree2/txtr/destr_tree2_destr_tree2_Normal.uasset" 6303
"C:/Users/Librake/AppData/Local/UnrealEngine/Common/DerivedDataCache/Buckets/BulkDataList/f5/c6/59a23ceab69d749ede2cacc7aefdcd8092d7.udd" 6304
"F:/Unreal Projects/DDay_bp/Content/3D/destroyed_trees/destr_tree2/txtr/destr_tree2_destr_tree2_OcclusionRoughnessMetallic.uasset" 6305
"C:/Users/Librake/AppData/Local/UnrealEngine/Common/DerivedDataCache/Buckets/BulkDataPayloadId/9b/23/b3bed44af956f1bd2f9c8166a1ce2e8fca2a.udd" 6306
"C:/Users/Librake/AppData/Local/UnrealEngine/Common/DerivedDataCache/Buckets/BulkDataList/df/20/d84d0100ba6e5c3e9c3650361a3cd936c85c.udd" 6307
"F:/Unreal Projects/DDay_bp/Content/3D/destroyed_trees/destr_tree3/txtr/destr_tree3_destr_tree3_BaseColor.uasset" 6308
"C:/Users/Librake/AppData/Local/UnrealEngine/Common/DerivedDataCache/Buckets/BulkDataPayloadId/a2/22/316b0a79552cd607039c673da7f29df3efcf.udd" 6309
"F:/Unreal Projects/DDay_bp/Content/3D/destroyed_trees/destr_tree3/txtr/destr_tree3_destr_tree3_Normal.uasset" 6310
"C:/Users/Librake/AppData/Local/UnrealEngine/Common/DerivedDataCache/Buckets/BulkDataList/43/0b/c43cd5e5aff001ed1cc6647352138f3b5e94.udd" 6311
"F:/Unreal Projects/DDay_bp/Content/3D/destroyed_trees/destr_tree3/txtr/destr_tree3_destr_tree3_OcclusionRoughnessMetallic.uasset" 6312
"C:/Users/Librake/AppData/Local/UnrealEngine/Common/DerivedDataCache/Buckets/BulkDataList/9d/6f/0477ff9d1944d3d9b81024a734be7d2c5477.udd" 6313
"F:/Unreal Projects/DDay_bp/Content/3D/rock/rock1/rock_rock_BaseColor.uasset" 6314
"C:/Users/Librake/AppData/Local/UnrealEngine/Common/DerivedDataCache/Buckets/BulkDataList/04/c4/5e350a1264a2c6ca49b26a60f469eb49e092.udd" 6315
"F:/Unreal Projects/DDay_bp/Content/3D/rock/rock1/rock_rock_Normal.uasset" 6316
"C:/Users/Librake/AppData/Local/UnrealEngine/Common/DerivedDataCache/Buckets/BulkDataList/ba/f6/fd8818dcaf31f446ec67e0a487feac17ff7f.udd" 6317
"F:/Unreal Projects/DDay_bp/Content/3D/rock/rock1/rock_rock_OcclusionRoughnessMetallic.uasset" 6318
"C:/Users/Librake/AppData/Local/UnrealEngine/Common/DerivedDataCache/Buckets/BulkDataPayloadId/b7/4a/c821288652a3867ed450157180f1b636ab39.udd" 6319
"C:/Users/Librake/AppData/Local/UnrealEngine/Common/DerivedDataCache/Buckets/BulkDataList/11/c7/4b92bda66201994124ab7d3b57f97979d9fc.udd" 6320
"F:/Unreal Projects/DDay_bp/Content/3D/rock/rock2/rock2_rock2_BaseColor.uasset" 6321
"C:/Users/Librake/AppData/Local/UnrealEngine/Common/DerivedDataCache/Buckets/BulkDataPayloadId/0f/35/20232cf681695227ce00c5b71614008e2ec9.udd" 6322
"C:/Users/Librake/AppData/Local/UnrealEngine/Common/DerivedDataCache/Buckets/BulkDataList/00/14/f7ed9eb92255bf0bdb87a86f5afd7f88f7c6.udd" 6323
"C:/Users/Librake/AppData/Local/UnrealEngine/Common/DerivedDataCache/Buckets/BulkDataPayloadId/92/d1/321a3a181906dd3e3426ee27dacee77aa297.udd" 6324
"C:/Users/Librake/AppData/Local/UnrealEngine/Common/DerivedDataCache/Buckets/LegacyTEXTURE/cd/4b/1bab40057b97883644c77de23c0fede0702c.udd" 6325
"C:/Users/Librake/AppData/Local/UnrealEngine/Common/DerivedDataCache/Buckets/LegacyTEXTURE/52/f9/4e4599d7033025fc45d6374ccf8b397cdeb5.udd" 6326
"C:/Users/Librake/AppData/Local/UnrealEngine/Common/DerivedDataCache/Buckets/LegacyAudio/4d/82/3e3c755d3ec00ecc030f012e0f892fcf600e.udd" 6327
"C:/Users/Librake/AppData/Local/UnrealEngine/Common/DerivedDataCache/Buckets/LegacyTEXTURE/b2/c4/ae0fab7ee631e976ed21ef0351cd2493b274.udd" 6328
"C:/Users/Librake/AppData/Local/UnrealEngine/Common/DerivedDataCache/Content/b0/d9/b692fde7f3e5e6e9627e979ded30e46d5b96.udd" 6329
"C:/Users/Librake/AppData/Local/UnrealEngine/Common/DerivedDataCache/Buckets/LegacyTEXTURE/1e/29/e3cb4d0bb6bf5a22daae70b5471c19268463.udd" 6330
"C:/Users/Librake/AppData/Local/UnrealEngine/Common/DerivedDataCache/Buckets/LegacyTEXTURE/97/2c/265c1167839a4bd51b7a22a08192041d0745.udd" 6331
"C:/Users/Librake/AppData/Local/UnrealEngine/Common/DerivedDataCache/Buckets/LegacySTREAMEDAUDIO/47/7c/81b3c1138900288bec125bbb7c9056f42a8f.udd" 6332
"C:/Users/Librake/AppData/Local/UnrealEngine/Common/DerivedDataCache/Buckets/LegacySTREAMEDAUDIO/27/52/2ba5acb3320d3b9ebc81675c32ee0ca948ff.udd" 6333
"C:/Users/Librake/AppData/Local/UnrealEngine/Common/DerivedDataCache/Buckets/LegacySTREAMEDAUDIO/45/be/34da86d3b39b50bef2041bfc2fb1df0cc5f4.udd" 6334
"C:/Users/Librake/AppData/Local/UnrealEngine/Common/DerivedDataCache/Buckets/LegacySTREAMEDAUDIO/ec/82/9decc2d213310d3aa926dd45df4a62243d95.udd" 6335
"C:/Users/Librake/AppData/Local/UnrealEngine/Common/DerivedDataCache/Buckets/LegacySTREAMEDAUDIO/e1/c8/a0de895de9335b9b9c634d85ea21b1177d11.udd" 6336
"C:/Users/Librake/AppData/Local/UnrealEngine/Common/DerivedDataCache/Buckets/LegacySTREAMEDAUDIO/be/5c/083aad82e00d157d628c9e6721460f708e46.udd" 6337
"C:/Users/Librake/AppData/Local/UnrealEngine/Common/DerivedDataCache/Buckets/LegacySTREAMEDAUDIO/7f/0b/9eaeb18275cac98bd5a183b658a9c11e8e44.udd" 6338
"C:/Users/Librake/AppData/Local/UnrealEngine/Common/DerivedDataCache/Buckets/LegacySTREAMEDAUDIO/a5/7d/1d19b117b059a20a3b48f23ec385c6e82245.udd" 6339
"C:/Users/Librake/AppData/Local/UnrealEngine/Common/DerivedDataCache/Buckets/LegacySTREAMEDAUDIO/d4/fb/4d28a0cd9a5ec4534ad1008628eb88ff6ad7.udd" 6340
"C:/Users/Librake/AppData/Local/UnrealEngine/Common/DerivedDataCache/Buckets/LegacySTREAMEDAUDIO/25/98/2fdc026dd83c9c3d359d3b447f4fc077e3ca.udd" 6341
"C:/Users/Librake/AppData/Local/UnrealEngine/Common/DerivedDataCache/Buckets/LegacySTREAMEDAUDIO/d1/93/bef8cd7177e9d3eb5f956618f10a17f682aa.udd" 6342
"C:/Users/Librake/AppData/Local/UnrealEngine/Common/DerivedDataCache/Buckets/LegacySTREAMEDAUDIO/2b/e1/edcd55e1172a5028d90cc04c1aeb4a5e6a50.udd" 6343
"C:/Users/Librake/AppData/Local/UnrealEngine/Common/DerivedDataCache/Buckets/LegacySTREAMEDAUDIO/57/b0/b31f112b2e686356ba3f7d9d9bca70fa1319.udd" 6344
"C:/Users/Librake/AppData/Local/UnrealEngine/Common/DerivedDataCache/Buckets/LegacyTEXTURE/b3/cb/753604cef568b229ef05c6d25533717dba53.udd" 6345
"C:/Users/Librake/AppData/Local/UnrealEngine/Common/DerivedDataCache/Buckets/LegacyTEXTURE/8d/58/4e49477e5576fdf28614276c484d00b2edd6.udd" 6346
"C:/Users/Librake/AppData/Local/UnrealEngine/Common/DerivedDataCache/Buckets/LegacyTEXTURE/12/77/eb415f67743833bed1cac27882f4eedcdd14.udd" 6347
"C:/Users/Librake/AppData/Local/UnrealEngine/Common/DerivedDataCache/Buckets/LegacyTEXTURE/ee/8c/93a6b6f90736a3d449217f094929b41a3d57.udd" 6348
"C:/Users/Librake/AppData/Local/UnrealEngine/Common/DerivedDataCache/Buckets/LegacyTEXTURE/46/0c/6bace2f6a46636cd892eb128d51172f5db9a.udd" 6349
"C:/Users/Librake/AppData/Local/UnrealEngine/Common/DerivedDataCache/Buckets/LegacyTEXTURE/81/06/2dc9f7beff359c63f6b9a97b6eee9c4f062f.udd" 6350
"C:/Users/Librake/AppData/Local/UnrealEngine/Common/DerivedDataCache/Buckets/LegacyTEXTURE/3b/00/f4fcc1422794bd41efe0c35137524d88d7b1.udd" 6351
"C:/Users/Librake/AppData/Local/UnrealEngine/Common/DerivedDataCache/Buckets/LegacyTEXTURE/72/3c/de3121180dff576136ebc1d8759cb71910f6.udd" 6352
"C:/Users/Librake/AppData/Local/UnrealEngine/Common/DerivedDataCache/Buckets/LegacyTEXTURE/99/f1/50fbd76814ff85bbfaf9068feee2e749b139.udd" 6353
"C:/Users/Librake/AppData/Local/UnrealEngine/Common/DerivedDataCache/Buckets/LegacyTEXTURE/53/0b/f9572c05ce8bcaa5216a2ce6dd8d81f97a47.udd" 6354
"C:/Users/Librake/AppData/Local/UnrealEngine/Common/DerivedDataCache/Buckets/LegacyTEXTURE/d3/c7/796c068f0665cf7d12446005a441fac539ff.udd" 6355
"C:/Users/Librake/AppData/Local/UnrealEngine/Common/DerivedDataCache/Buckets/LegacyTEXTURE/85/c4/b6af27024070dea03a602d5fb04075d76d8c.udd" 6356
"C:/Users/Librake/AppData/Local/UnrealEngine/Common/DerivedDataCache/Buckets/LegacyTEXTURE/75/43/4094235bfaf936e24eeb03cc00930b810db9.udd" 6357
"C:/Users/Librake/AppData/Local/UnrealEngine/Common/DerivedDataCache/Buckets/LegacyTEXTURE/9b/65/f4fac1808db741a5d63dbe67034e3d55a222.udd" 6358
"C:/Users/Librake/AppData/Local/UnrealEngine/Common/DerivedDataCache/Buckets/LegacyTEXTURE/cb/a0/b512580d5f402e7e8c1202e32d7be1c6f1ee.udd" 6359
"C:/Users/Librake/AppData/Local/UnrealEngine/Common/DerivedDataCache/Buckets/LegacyTEXTURE/b1/c1/afee0338dedd2dd39ec9fdf7c8be4db63319.udd" 6360
"C:/Users/Librake/AppData/Local/UnrealEngine/Common/DerivedDataCache/Buckets/LegacyTEXTURE/f9/f6/8b405a6fb58de6852beabf6bb013f96da361.udd" 6361
"C:/Users/Librake/AppData/Local/UnrealEngine/Common/DerivedDataCache/Buckets/LegacyTEXTURE/a1/e4/f604747414759a2c95469db55e70c2a1fe3f.udd" 6362
"C:/Users/Librake/AppData/Local/UnrealEngine/Common/DerivedDataCache/Buckets/LegacyTEXTURE/1c/dc/2982ff8a6471d2339637316d6d503f994382.udd" 6363
"C:/Users/Librake/AppData/Local/UnrealEngine/Common/DerivedDataCache/Buckets/LegacyTEXTURE/7b/9c/f0d79beca6f14d02c72b4da18a7d4f34d775.udd" 6364
"C:/Users/Librake/AppData/Local/UnrealEngine/Common/DerivedDataCache/Buckets/LegacyTEXTURE/82/d2/6368b22139e9caf5f92c4426fc00ad247b99.udd" 6365
"C:/Users/Librake/AppData/Local/UnrealEngine/Common/DerivedDataCache/Buckets/LegacyTEXTURE/27/fd/1c5de53cd2138fe2e73a104cd628c8b1be37.udd" 6366
"C:/Users/Librake/AppData/Local/UnrealEngine/Common/DerivedDataCache/Buckets/LegacyTEXTURE/58/21/94d970c64589ec90e24407443bd1ac3b8af9.udd" 6367
"C:/Users/Librake/AppData/Local/UnrealEngine/Common/DerivedDataCache/Buckets/LegacyTEXTURE/a7/0f/af06bf0002515f473fc405bf4acc3ddd419a.udd" 6368
"C:/Users/Librake/AppData/Local/UnrealEngine/Common/DerivedDataCache/Buckets/LegacyTEXTURE/a2/59/0790700073548e4030c05ee153a9732c58cc.udd" 6369
"C:/Users/Librake/AppData/Local/UnrealEngine/Common/DerivedDataCache/Buckets/LegacyTEXTURE/3f/1c/b949ecfa331853081d545c91086bb3eb2ab3.udd" 6370
"C:/Users/Librake/AppData/Local/UnrealEngine/Common/DerivedDataCache/Buckets/LegacyTEXTURE/00/4a/a66090056e56c937fe1087bdebc891b617bf.udd" 6371
"C:/Users/Librake/AppData/Local/UnrealEngine/Common/DerivedDataCache/Buckets/LegacyTEXTURE/84/b4/d09a310cf85192514bab49f7f26b1238ffd9.udd" 6372
"C:/Users/Librake/AppData/Local/UnrealEngine/Common/DerivedDataCache/Buckets/LegacyTEXTURE/94/68/2f8d7d5ea7aaf0d67e72001af7e89555abb0.udd" 6373
"C:/Users/Librake/AppData/Local/UnrealEngine/Common/DerivedDataCache/Buckets/LegacyTEXTURE/d9/e4/3b392737a63025b66bdf5e3dd329806b1f18.udd" 6374
"C:/Users/Librake/AppData/Local/UnrealEngine/Common/DerivedDataCache/Buckets/LegacyTEXTURE/3c/62/cffce0e425770c2175b485bd83540623564c.udd" 6375
"C:/Users/Librake/AppData/Local/UnrealEngine/Common/DerivedDataCache/Buckets/LegacyTEXTURE/ed/26/5d135059eeaa5ab702dd328fd9ac01a7f395.udd" 6376
"C:/Users/Librake/AppData/Local/UnrealEngine/Common/DerivedDataCache/Buckets/LegacyTEXTURE/ec/86/8f00df60d29d0a27eba21cee8808fc382767.udd" 6377
"C:/Users/Librake/AppData/Local/UnrealEngine/Common/DerivedDataCache/Buckets/LegacyTEXTURE/99/46/542b64a821c6bb924a61da981a6ddf3f9ac5.udd" 6378
"C:/Users/Librake/AppData/Local/UnrealEngine/Common/DerivedDataCache/Buckets/LegacyTEXTURE/0b/42/a17d690a0eb62b94cbe2863ab25026de9d50.udd" 6379
"C:/Users/Librake/AppData/Local/UnrealEngine/Common/DerivedDataCache/Buckets/LegacyTEXTURE/b2/be/018dda8a2479c4167ce0bc347553e55ec21b.udd" 6380
"C:/Users/Librake/AppData/Local/UnrealEngine/Common/DerivedDataCache/Buckets/LegacyTEXTURE/a9/da/3d7f02831db27ca0e0884a25fe34861b32cf.udd" 6381
"C:/Users/Librake/AppData/Local/UnrealEngine/Common/DerivedDataCache/Buckets/BulkDataList/05/44/499b14aa2ce55b77a98d16217b08ba2d3707.udd" 6382
"C:/Users/Librake/AppData/Local/UnrealEngine/Common/DerivedDataCache/Buckets/BulkDataPayloadId/8e/bf/0f9119d78de5fce655c3e6ae5e2f99601ca5.udd" 6383
"C:/Users/Librake/AppData/Local/UnrealEngine/Common/DerivedDataCache/Buckets/BulkDataList/b7/bf/9d3dfe8c5b4e3df91563f54766095d69c917.udd" 6384
"C:/Users/Librake/AppData/Local/UnrealEngine/Common/DerivedDataCache/Buckets/BulkDataPayloadId/bc/03/f5dd95075d654c4d22eb2f35a80035aa70f1.udd" 6385
"C:/Users/Librake/AppData/Local/UnrealEngine/Common/DerivedDataCache/Buckets/BulkDataList/a0/3c/8211b725ba5f3fc7cd43a7e6cd47b044e8d9.udd" 6386
"C:/Users/Librake/AppData/Local/UnrealEngine/Common/DerivedDataCache/Buckets/BulkDataList/9d/11/7eefa96b9c181d15622bf4213b7f21f662d9.udd" 6387
"C:/Users/Librake/AppData/Local/UnrealEngine/Common/DerivedDataCache/Buckets/BulkDataList/e9/19/6c12085cb0029a7ebb03db08ab87a8335806.udd" 6388
"C:/Users/Librake/AppData/Local/UnrealEngine/Common/DerivedDataCache/Buckets/BulkDataList/e5/64/61771b9af6c57dd9ebd5d24287430710222c.udd" 6389
"C:/Users/Librake/AppData/Local/UnrealEngine/Common/DerivedDataCache/Buckets/BulkDataList/cb/42/1a1d9faca5ca315c599dacdcaa4d678cace1.udd" 6390
"C:/Users/Librake/AppData/Local/UnrealEngine/Common/DerivedDataCache/Buckets/BulkDataList/a9/42/cf36bd75046d31fc3f8196427569e5362e2a.udd" 6391
"C:/Users/Librake/AppData/Local/UnrealEngine/Common/DerivedDataCache/Buckets/BulkDataList/46/cd/2e729c762eb0cc5d822e71822d3620781c8d.udd" 6392
"C:/Users/Librake/AppData/Local/UnrealEngine/Common/DerivedDataCache/Buckets/BulkDataList/7f/52/990ebc0861a3280fbc4000b6f6beb372ea43.udd" 6393
"C:/Users/Librake/AppData/Local/UnrealEngine/Common/DerivedDataCache/Buckets/BulkDataList/bc/de/9acaf26071db4be1acf6a6b7c125571acdf0.udd" 6394
"C:/Users/Librake/AppData/Local/UnrealEngine/Common/DerivedDataCache/Buckets/LegacyTEXTURE/3d/6a/fae9b7f96cbf8c217e4d2667a6da2b03fa3b.udd" 6395
"C:/Users/Librake/AppData/Local/UnrealEngine/Common/DerivedDataCache/Buckets/LegacyTEXTURE/59/e4/a006f4bf489416c353c271abbd7917893321.udd" 6396
"C:/Users/Librake/AppData/Local/UnrealEngine/Common/DerivedDataCache/Buckets/LegacyTEXTURE/a7/13/ebce88b1ad0bd1ee51d50f3496a79f1effde.udd" 6397
"C:/Users/Librake/AppData/Local/UnrealEngine/Common/DerivedDataCache/Buckets/LegacyTEXTURE/74/bb/16abf84060762316036310174fc0e4625443.udd" 6398
"C:/Users/Librake/AppData/Local/UnrealEngine/Common/DerivedDataCache/Buckets/LegacyTEXTURE/5c/b9/fe5d997ce526f1741de35fed8e815017b39b.udd" 6399
"C:/Users/Librake/AppData/Local/UnrealEngine/Common/DerivedDataCache/Buckets/LegacyTEXTURE/e2/23/649c8907fffb7ff4b53428fde61e2f113069.udd" 6400
"C:/Users/Librake/AppData/Local/UnrealEngine/Common/DerivedDataCache/Buckets/LegacyTEXTURE/17/a2/07788df3408f5f70797bad7d67effcb28e67.udd" 6401
"C:/Users/Librake/AppData/Local/UnrealEngine/Common/DerivedDataCache/Buckets/LegacyTEXTURE/48/62/55113ccc4d4834c269fbbfb349da3a74f1cf.udd" 6402
"C:/Users/Librake/AppData/Local/UnrealEngine/Common/DerivedDataCache/Buckets/LegacyTEXTURE/b4/09/d54e73f00cc9b828337d461604f3680d934c.udd" 6403
"C:/Users/Librake/AppData/Local/UnrealEngine/Common/DerivedDataCache/Buckets/LegacyTEXTURE/e4/5c/0fec5ff468fa7b6db10898995636d73c8e91.udd" 6404
"C:/Users/Librake/AppData/Local/UnrealEngine/Common/DerivedDataCache/Buckets/LegacyTEXTURE/5d/59/1ce852dca452b0fee3ff981f25eeb1cfb53a.udd" 6405
"C:/Users/Librake/AppData/Local/UnrealEngine/Common/DerivedDataCache/Buckets/LegacyTEXTURE/10/2e/1b9bef7572355efaed5dcc1e5acdb8888197.udd" 6406
"C:/Users/Librake/AppData/Local/UnrealEngine/Common/DerivedDataCache/Buckets/LegacyTEXTURE/77/f8/12002183f4346a5c5bbe16f9c5eb8107baa6.udd" 6407
"C:/Users/Librake/AppData/Local/UnrealEngine/Common/DerivedDataCache/Buckets/LegacyTEXTURE/cd/f3/712ac22b13a7c8d08f52ac915f9f3f3d93b8.udd" 6408
"C:/Users/Librake/AppData/Local/UnrealEngine/Common/DerivedDataCache/Buckets/LegacyTEXTURE/60/60/2fc6a75393ea5b7626160afdd3208312309c.udd" 6409
"C:/Users/Librake/AppData/Local/UnrealEngine/Common/DerivedDataCache/Buckets/LegacyTEXTURE/c4/ca/84dc96315e661a5dfc9a615e7987cfbecf5f.udd" 6410
"C:/Users/Librake/AppData/Local/UnrealEngine/Common/DerivedDataCache/Buckets/LegacyTEXTURE/c3/2f/684595ddf3979f007c037fd1ad87438745d0.udd" 6411
"C:/Users/Librake/AppData/Local/UnrealEngine/Common/DerivedDataCache/Buckets/LegacyTEXTURE/a6/fd/291ce8f67464ea1b1760fce2681e99c5c77a.udd" 6412
"C:/Users/Librake/AppData/Local/UnrealEngine/Common/DerivedDataCache/Buckets/LegacyTEXTURE/8f/aa/697f960ddfe8b60de4a474ca32af84019be6.udd" 6413
"C:/Users/Librake/AppData/Local/UnrealEngine/Common/DerivedDataCache/Buckets/LegacyTEXTURE/fa/ba/29fa2cf13bdaaa143414a8df1d1707ac5ad3.udd" 6414
"C:/Users/Librake/AppData/Local/UnrealEngine/Common/DerivedDataCache/Buckets/LegacyTEXTURE/ff/73/ee3beb5dbddb58a4415403cdafa2b12ae751.udd" 6415
"C:/Users/Librake/AppData/Local/UnrealEngine/Common/DerivedDataCache/Buckets/LegacyTEXTURE/53/35/04d6598d3644af395bee46e5035df94dbaa5.udd" 6416
"C:/Users/Librake/AppData/Local/UnrealEngine/Common/DerivedDataCache/Buckets/LegacyTEXTURE/22/f8/11d747fd898c9e6d74a29e4e17a68eb7a441.udd" 6417
"C:/Users/Librake/AppData/Local/UnrealEngine/Common/DerivedDataCache/Buckets/LegacyTEXTURE/a6/f3/d11f8516e448b5d6be2db73ef9b91f213bcd.udd" 6418
"C:/Users/Librake/AppData/Local/UnrealEngine/Common/DerivedDataCache/Buckets/LegacyTEXTURE/74/d4/ed49a180debe83c7c2ee7a6bee27f102a926.udd" 6419
"C:/Users/Librake/AppData/Local/UnrealEngine/Common/DerivedDataCache/Buckets/LegacyTEXTURE/20/1b/1e12a2c8f7bb596667c739e36ed196a91e18.udd" 6420
"C:/Users/Librake/AppData/Local/UnrealEngine/Common/DerivedDataCache/Buckets/LegacyTEXTURE/b7/72/2baa3e5cceafb3d8fc5c847047e348f52533.udd" 6421
"C:/Users/Librake/AppData/Local/UnrealEngine/Common/DerivedDataCache/Buckets/LegacyTEXTURE/ec/96/17e39de0b63ed1b717b2e776e70c25adffc8.udd" 6422
"C:/Users/Librake/AppData/Local/UnrealEngine/Common/DerivedDataCache/Buckets/LegacyTEXTURE/b3/e3/92f4517d195fe897d495c05823b02515bbbf.udd" 6423
"C:/Users/Librake/AppData/Local/UnrealEngine/Common/DerivedDataCache/Buckets/LegacyTEXTURE/ff/ac/cf04f78c1f1acabc85eb0cf8e25a5135f0d6.udd" 6424
"C:/Users/Librake/AppData/Local/UnrealEngine/Common/DerivedDataCache/Buckets/LegacyTEXTURE/0c/a2/4b0452284c06802c7fa2b01316697c778219.udd" 6425
"C:/Users/Librake/AppData/Local/UnrealEngine/Common/DerivedDataCache/Buckets/LegacyTEXTURE/e0/68/abb8446614b6bc1dfb2d2acfc53cb3418969.udd" 6426
"C:/Users/Librake/AppData/Local/UnrealEngine/Common/DerivedDataCache/Buckets/LegacyTEXTURE/2d/e1/1859795557d21e9009c61f3b6532a364e0d8.udd" 6427
"C:/Users/Librake/AppData/Local/UnrealEngine/Common/DerivedDataCache/Buckets/LegacyTEXTURE/fb/0d/5b95e38d6f31e71cada1562023588bdc6a9e.udd" 6428
"C:/Users/Librake/AppData/Local/UnrealEngine/Common/DerivedDataCache/Buckets/LegacyTEXTURE/28/a7/8917809b1c396d522d4d7fa7d998c06e31a5.udd" 6429
"C:/Users/Librake/AppData/Local/UnrealEngine/Common/DerivedDataCache/Buckets/LegacyTEXTURE/77/92/05f43f1918d895421ed75c16e6d2c3d1f120.udd" 6430
"C:/Users/Librake/AppData/Local/UnrealEngine/Common/DerivedDataCache/Buckets/LegacyTEXTURE/17/67/5112a3ea5197b69d4a27a0f044fa9818a25e.udd" 6431
"C:/Users/Librake/AppData/Local/UnrealEngine/Common/DerivedDataCache/Buckets/LegacyTEXTURE/f8/d9/8c7200f69dbd15abdd31390b0bcb9066e4c3.udd" 6432
"C:/Users/Librake/AppData/Local/UnrealEngine/Common/DerivedDataCache/Buckets/BulkDataList/f6/06/48ce8c7a9f05a6ff4f66574a2e23ddc8e884.udd" 6433
"C:/Users/Librake/AppData/Local/UnrealEngine/Common/DerivedDataCache/Buckets/LegacyTEXTURE/6e/81/3fae485edd93a4c52ac465468bbdebefbea6.udd" 6434
"C:/Users/Librake/AppData/Local/UnrealEngine/Common/DerivedDataCache/Buckets/BulkDataList/dc/ee/0da92e080a819842659d6ff5de5a3c6b3ad6.udd" 6435
"C:/Users/Librake/AppData/Local/UnrealEngine/Common/DerivedDataCache/Buckets/BulkDataList/57/3a/2d84fbd261ceaf17fe90ba75546951dfc3cb.udd" 6436
"C:/Users/Librake/AppData/Local/UnrealEngine/Common/DerivedDataCache/Buckets/BulkDataList/7e/f1/bf80d52a9575e4c2650dee942d118e9a14cf.udd" 6437
"C:/Users/Librake/AppData/Local/UnrealEngine/Common/DerivedDataCache/Buckets/BulkDataList/9a/87/0ba801d2513a0a566f5145312980cc9a1483.udd" 6438
"C:/Users/Librake/AppData/Local/UnrealEngine/Common/DerivedDataCache/Buckets/BulkDataList/80/26/4f1b3b6523b3c2b83e7eb3069bcade4bb959.udd" 6439
"C:/Users/Librake/AppData/Local/UnrealEngine/Common/DerivedDataCache/Buckets/BulkDataList/4d/58/cb774c03676ec81e516a5da17a012bd1dacb.udd" 6440
"C:/Users/Librake/AppData/Local/UnrealEngine/Common/DerivedDataCache/Buckets/LegacyTEXTURE/cd/c9/cb8f53ea530c0746609b30b756c5fb03d063.udd" 6441
"C:/Users/Librake/AppData/Local/UnrealEngine/Common/DerivedDataCache/Buckets/LegacyTEXTURE/0d/fa/06e781418549c7862eec2a1791cd45dccd04.udd" 6442
"C:/Users/Librake/AppData/Local/UnrealEngine/Common/DerivedDataCache/Buckets/LegacyTEXTURE/41/7d/1dc6032b80b0aa57a0b30d374e15d1af71b3.udd" 6443
"C:/Users/Librake/AppData/Local/UnrealEngine/Common/DerivedDataCache/Buckets/LegacyTEXTURE/e4/c1/78a20b2ef2c17308d4d8ad5117f4663b0f4d.udd" 6444
"F:/Unreal Projects/DDay_bp/Content/3D/rock/rock2/rock2_rock2_Normal.uasset" 6445
"F:/Unreal Projects/DDay_bp/Content/3D/rock/rock2/rock2_rock2_OcclusionRoughnessMetallic.uasset" 6446
"F:/Unreal Projects/DDay_bp/Content/3D/rock/rock3/mat/rock3_rock2_BaseColor.uasset" 6447
"F:/Unreal Projects/DDay_bp/Content/3D/rock/rock3/mat/rock3_rock2_Normal.uasset" 6448
"F:/Unreal Projects/DDay_bp/Content/3D/rock/rock3/mat/rock3_rock2_OcclusionRoughnessMetallic.uasset" 6449
"C:/Users/Librake/AppData/Local/UnrealEngine/Common/DerivedDataCache/Buckets/LegacyTEXTURE/11/eb/7f3780f8214eb7595b290ce6e75d50586b10.udd" 6450
"C:/Users/Librake/AppData/Local/UnrealEngine/Common/DerivedDataCache/Buckets/LegacyTEXTURE/dd/0f/3ca0c05de66a8c6a9bc96960228c00bc1630.udd" 6451
"F:/Unreal Projects/DDay_bp/Content/3D/Trash/Mat/Trash_Texture_BaseColor.uasset" 6452
"F:/Unreal Projects/DDay_bp/Content/3D/Trash/Mat/Trash_Texture_Normal.uasset" 6453
"C:/Users/Librake/AppData/Local/UnrealEngine/Common/DerivedDataCache/Buckets/LegacyTEXTURE/1f/c0/3214eb35b9a0985e2d4c0bb0e2ae9be8d54b.udd" 6454
"F:/Unreal Projects/DDay_bp/Content/3D/tree/tree_Tree_0Mat_BaseColor.uasset" 6455
"F:/Unreal Projects/DDay_bp/Content/3D/Trash/Mat/Trash_Texture_OcclusionRoughnessMetallic.uasset" 6456
"C:/Users/Librake/AppData/Local/UnrealEngine/Common/DerivedDataCache/Buckets/LegacyTEXTURE/47/25/09ab2e33c0d985db743715298e815490fd3f.udd" 6457
"F:/Unreal Projects/DDay_bp/Content/3D/tree/tree_Tree_0Mat_OcclusionRoughnessMetallic.uasset" 6458
"F:/Unreal Projects/DDay_bp/Content/3D/tree/tree_Tree_0Mat_Normal.uasset" 6459
"F:/Unreal Projects/DDay_bp/Content/3D/tree_02/tree_2_Tree_0Mat_BaseColor.uasset" 6460
"C:/Users/Librake/AppData/Local/UnrealEngine/Common/DerivedDataCache/Buckets/LegacyTEXTURE/2b/6b/9a19423969fb7f1de18ad65c6d41ff1cb91c.udd" 6461
"F:/Unreal Projects/DDay_bp/Content/3D/tree_02/tree_2_Tree_0Mat_Normal.uasset" 6462
"F:/Unreal Projects/DDay_bp/Content/3D/tree_02/tree_2_Tree_0Mat_OcclusionRoughnessMetallic.uasset" 6463
"C:/Users/Librake/AppData/Local/UnrealEngine/Common/DerivedDataCache/Buckets/LegacyTEXTURE/6b/be/e90dea178b6fbb978f06c2613b522c19f56b.udd" 6464
"C:/Users/Librake/AppData/Local/UnrealEngine/Common/DerivedDataCache/Buckets/LegacyTEXTURE/19/38/9744acdd3734071aab02b0c7a3f93b9ddde9.udd" 6465
"F:/Unreal Projects/DDay_bp/Content/3D/tree_with_leaves/Tree1/textr/leafes_reay_Tree_1Mat_BaseColor.uasset" 6466
"F:/Unreal Projects/DDay_bp/Content/3D/tree_with_leaves/Tree1/textr/leafes_reay_Tree_1Mat_Normal.uasset" 6467
"C:/Users/Librake/AppData/Local/UnrealEngine/Common/DerivedDataCache/Buckets/LegacyTEXTURE/d4/c2/999d364105cf547afbf9aa35b8d74a79ee79.udd" 6468
"F:/Unreal Projects/DDay_bp/Content/3D/tree_with_leaves/Tree1/textr/leafes_reay_Tree_1Mat_OcclusionRoughnessMetallic.uasset" 6469
"F:/Unreal Projects/DDay_bp/Content/3D/tree_with_leaves/Tree1/textr/leafes_reay_Tree_0Mat_BaseColor.uasset" 6470
"C:/Users/Librake/AppData/Local/UnrealEngine/Common/DerivedDataCache/Buckets/BulkDataList/1a/5b/63469114b86120ac10d805eb7a7127c40f2a.udd" 6471
"F:/Unreal Projects/DDay_bp/Content/3D/tree_with_leaves/Tree1/textr/leafes_reay_Tree_0Mat_Normal.uasset" 6472
"C:/Users/Librake/AppData/Local/UnrealEngine/Common/DerivedDataCache/Buckets/LegacyTEXTURE/88/52/6206578fd0d6d5e4a67969bdf9898388b59f.udd" 6473
"F:/Unreal Projects/DDay_bp/Content/3D/tree_with_leaves/Tree2/txttre/leaf_op.uasset" 6474
"F:/Unreal Projects/DDay_bp/Content/3D/tree_with_leaves/Tree1/textr/leafes_reay_Tree_0Mat_OcclusionRoughnessMetallic.uasset" 6475
"F:/Unreal Projects/DDay_bp/Content/3D/tree_with_leaves/Tree2/txttre/leaves_tree_2_leaves_BaseColor.uasset" 6476
"F:/Unreal Projects/DDay_bp/Content/3D/tree_with_leaves/Tree2/txttre/leaves_tree_2_leaves_tree_2_BaseColor.uasset" 6477
"F:/Unreal Projects/DDay_bp/Content/3D/tree_with_leaves/Tree2/txttre/leaves_tree_2_leaves_OcclusionRoughnessMetallic.uasset" 6478
"F:/Unreal Projects/DDay_bp/Content/3D/tree_with_leaves/Tree2/txttre/leaves_tree_2_leaves_tree_2_OcclusionRoughnessMetallic.uasset" 6479
"C:/Users/Librake/AppData/Local/UnrealEngine/Common/DerivedDataCache/Buckets/LegacyTEXTURE/d0/ab/981c8d929a9908a9f83db7f987c685b92078.udd" 6480
"C:/Users/Librake/AppData/Local/UnrealEngine/Common/DerivedDataCache/Buckets/LegacyTEXTURE/96/2f/105713ce32f96bcc84f081ebe85ca7e6b074.udd" 6481
"C:/Users/Librake/AppData/Local/UnrealEngine/Common/DerivedDataCache/Buckets/LegacyTEXTURE/15/e5/55c5c117dc4db468188e2c7959afdd1d97ba.udd" 6482
"C:/Users/Librake/AppData/Local/UnrealEngine/Common/DerivedDataCache/Buckets/LegacyTEXTURE/9e/75/2a192c172de79b690939120bdcb8679e3ec8.udd" 6483
"C:/Users/Librake/AppData/Local/UnrealEngine/Common/DerivedDataCache/Buckets/LegacyTEXTURE/48/ce/16a8c79df49d5dd32ad9508652260a5601de.udd" 6484
"C:/Users/Librake/AppData/Local/UnrealEngine/Common/DerivedDataCache/Buckets/LegacyTEXTURE/d1/d5/c115a896ee79e91038f3f1b6ebfac69a58eb.udd" 6485
"C:/Users/Librake/AppData/Local/UnrealEngine/Common/DerivedDataCache/Buckets/LegacyTEXTURE/2c/4f/7a7dc1cc7b72a6d65e3a6f53a2d0922421e3.udd" 6486
"C:/Users/Librake/AppData/Local/UnrealEngine/Common/DerivedDataCache/Buckets/BulkDataList/8d/23/8f0d7144b522c37e7d2a042facd309062c63.udd" 6487
"C:/Users/Librake/AppData/Local/UnrealEngine/Common/DerivedDataCache/Buckets/LegacyTEXTURE/c2/f9/781159f2a6fb5e13707cdddf080d01ca3229.udd" 6488
"F:/Unreal Projects/DDay_bp/Content/3D/truck/truck_PhysicsAsset.uasset" 6489
"C:/Users/Librake/AppData/Local/UnrealEngine/Common/DerivedDataCache/Buckets/LegacyTEXTURE/c0/b3/4bfa8527eb8131e880a643db42729d270698.udd" 6490
"C:/Users/Librake/AppData/Local/UnrealEngine/Common/DerivedDataCache/Buckets/LegacyTEXTURE/67/b5/58042788995de46c88713b7ee8be3a6e620d.udd" 6491
"C:/Users/Librake/AppData/Local/UnrealEngine/Common/DerivedDataCache/Buckets/LegacyTEXTURE/f7/77/69ad5f32ad90851a8dcd3131c71b4190aa3a.udd" 6492
"C:/Users/Librake/AppData/Local/UnrealEngine/Common/DerivedDataCache/Buckets/LegacyTEXTURE/1f/7f/0fab4a98c2b30990fe81a9b9654275b702d3.udd" 6493
"C:/Users/Librake/AppData/Local/UnrealEngine/Common/DerivedDataCache/Buckets/LegacyTEXTURE/34/ce/8e12d2705f9deefdbb07737487076b399fe2.udd" 6494
"C:/Users/Librake/AppData/Local/UnrealEngine/Common/DerivedDataCache/Buckets/BulkDataList/99/32/c26875668283d94e9da8d943c37cbfce32b2.udd" 6495
"C:/Users/Librake/AppData/Local/UnrealEngine/Common/DerivedDataCache/Buckets/LegacyTEXTURE/d3/3a/e8cb331477e1cbe064021d8b19ac3a77b323.udd" 6496
"F:/Unreal Projects/DDay_bp/Content/3D/truck/truck_Skeleton.uasset" 6497
"C:/Users/Librake/AppData/Local/UnrealEngine/Common/DerivedDataCache/Buckets/LegacyTEXTURE/f4/a8/c2aeeca5e7d37bb7236ecc80b226c4d35cb8.udd" 6498
"C:/Users/Librake/AppData/Local/UnrealEngine/Common/DerivedDataCache/Buckets/BulkDataList/d9/3f/7fdf5e14b8b5b1f0fd679757b0fc179c5039.udd" 6499
"../../../Engine/Content/Functions/Engine_MaterialFunctions02/3PointLevels.uasset" 6500
"C:/Users/Librake/AppData/Local/UnrealEngine/Common/DerivedDataCache/Buckets/BulkDataList/44/a9/2d87bf83cd51103c14b9c5b4860a4f504537.udd" 6501
"C:/Users/Librake/AppData/Local/UnrealEngine/Common/DerivedDataCache/Buckets/BulkDataList/87/07/29d7498912c2129b0f0049c7a05192128c38.udd" 6502
"F:/Unreal Projects/DDay_bp/Content/Default/Cursor/T_Arrow.uasset" 6503
"../../../Engine/Content/EngineResources/AICON-Red.uasset" 6504
"C:/Users/Librake/AppData/Local/UnrealEngine/Common/DerivedDataCache/Buckets/BulkDataList/ca/af/154546e88a5058a3dd1217c1d1b52282919d.udd" 6505
"C:/Users/Librake/AppData/Local/UnrealEngine/Common/DerivedDataCache/Buckets/BulkDataList/6f/91/8b61e4f8a3ab96d1b5497a0d94fcef26f0d7.udd" 6506
"F:/Unreal Projects/DDay_bp/Content/Realistic_Starter_VFX_Pack_Vol2/Textures/T_Dirt_A.uasset" 6507
"F:/Unreal Projects/DDay_bp/Content/Sounds/Truck_riding.uasset" 6508
"C:/Users/Librake/AppData/Local/UnrealEngine/Common/DerivedDataCache/Buckets/BulkDataList/c4/cc/2bdd0755741f0ff71737b62340b2633f72fb.udd" 6509
"C:/Users/Librake/AppData/Local/UnrealEngine/Common/DerivedDataCache/Buckets/BulkDataList/75/c5/40673be00a9fd5761bdaab8847c2f5354389.udd" 6510
"C:/Users/Librake/AppData/Local/UnrealEngine/Common/DerivedDataCache/Buckets/BulkDataList/97/16/4895278c287bf9ffb6445cf3c0fd0c1a1745.udd" 6511
"C:/Users/Librake/AppData/Local/UnrealEngine/Common/DerivedDataCache/Buckets/BulkDataList/50/2c/1234174645c0be06660a471e7b2f7652609f.udd" 6512
"C:/Users/Librake/AppData/Local/UnrealEngine/Common/DerivedDataCache/Buckets/BulkDataList/ba/ee/c24fd3fd7fc18984095974762e9f72b46b33.udd" 6513
"C:/Users/Librake/AppData/Local/UnrealEngine/Common/DerivedDataCache/Buckets/BulkDataList/cf/eb/8055b0596e82dec09bd6d1294f7fbf1edbd9.udd" 6514
"C:/Users/Librake/AppData/Local/UnrealEngine/Common/DerivedDataCache/Buckets/BulkDataList/71/44/239b3a450592b9f5c61120905765752d8d87.udd" 6515
"C:/Users/Librake/AppData/Local/UnrealEngine/Common/DerivedDataCache/Buckets/BulkDataList/ea/be/d7ffa1f7ebebebcee432091fbb87319e98ce.udd" 6516
"C:/Users/Librake/AppData/Local/UnrealEngine/Common/DerivedDataCache/Buckets/LegacyTEXTURE/57/95/f92e9e11d3fa973fbac2c6de0400bdac0520.udd" 6517
"C:/Users/Librake/AppData/Local/UnrealEngine/Common/DerivedDataCache/Buckets/LegacyTEXTURE/04/75/c3886e38ca4a55e01dcef7050480f1c8e230.udd" 6518
"C:/Users/Librake/AppData/Local/UnrealEngine/Common/DerivedDataCache/Buckets/LegacyTEXTURE/77/dc/94322de4d08b1ba94f842b7aad1b25a56f98.udd" 6519
"C:/Users/Librake/AppData/Local/UnrealEngine/Common/DerivedDataCache/Buckets/LegacyTEXTURE/b2/39/93408238d072761887ae4d8516348290604a.udd" 6520
"C:/Users/Librake/AppData/Local/UnrealEngine/Common/DerivedDataCache/Buckets/LegacyTEXTURE/f4/a4/4b4b0b62325232404ce05a66f23713d8b379.udd" 6521
"C:/Users/Librake/AppData/Local/UnrealEngine/Common/DerivedDataCache/Buckets/LegacyTEXTURE/95/62/ee41aa646e13ef0b98a42f421ec287f21d91.udd" 6522
"C:/Users/Librake/AppData/Local/UnrealEngine/Common/DerivedDataCache/Buckets/LegacyTEXTURE/cd/78/a4c201308296caca1fbea7018148df1df008.udd" 6523
"C:/Users/Librake/AppData/Local/UnrealEngine/Common/DerivedDataCache/Buckets/LegacyTEXTURE/f2/4e/8df37d54d6b0b56966eed83cb68293d5af9a.udd" 6524
"C:/Users/Librake/AppData/Local/UnrealEngine/Common/DerivedDataCache/Buckets/LegacyTEXTURE/02/4c/a2936ab659ddd8dc22741468a26bd8453670.udd" 6525
"C:/Users/Librake/AppData/Local/UnrealEngine/Common/DerivedDataCache/Buckets/LegacyTEXTURE/7a/d6/0e4b3635ef278638a4e4d1fbb60d3640d6de.udd" 6526
"C:/Users/Librake/AppData/Local/UnrealEngine/Common/DerivedDataCache/Buckets/LegacyTEXTURE/5f/12/b781764a57d5684f744121f61b69ed317aed.udd" 6527
"C:/Users/Librake/AppData/Local/UnrealEngine/Common/DerivedDataCache/Buckets/LegacyTEXTURE/41/c2/3694774dbc5291caefcb64bf94a635c13e90.udd" 6528
"C:/Users/Librake/AppData/Local/UnrealEngine/Common/DerivedDataCache/Buckets/LegacyTEXTURE/7a/98/706b75b61a71080839d3d718bc5f7443d057.udd" 6529
"C:/Users/Librake/AppData/Local/UnrealEngine/Common/DerivedDataCache/Buckets/LegacyTEXTURE/6f/cf/d5ef682fe94657e4840478744fd97fe8c49a.udd" 6530
"C:/Users/Librake/AppData/Local/UnrealEngine/Common/DerivedDataCache/Buckets/LegacyTEXTURE/48/c9/4d68976a1f6229a05d4ac0918eb4159929f6.udd" 6531
"C:/Users/Librake/AppData/Local/UnrealEngine/Common/DerivedDataCache/Buckets/LegacyTEXTURE/d5/2e/e203b17546cc3ee9f4c565a2c0330ab80ded.udd" 6532
"C:/Users/Librake/AppData/Local/UnrealEngine/Common/DerivedDataCache/Buckets/LegacyTEXTURE/78/37/93415912e1be2829aa3007e43435aa914582.udd" 6533
"C:/Users/Librake/AppData/Local/UnrealEngine/Common/DerivedDataCache/Buckets/LegacyTEXTURE/a0/7e/badb63303a1e24010f0a96d3c5ddd733f02b.udd" 6534
"C:/Users/Librake/AppData/Local/UnrealEngine/Common/DerivedDataCache/Buckets/LegacyTEXTURE/7b/14/9922469feebb01602b0ccc206e8194c59be1.udd" 6535
"C:/Users/Librake/AppData/Local/UnrealEngine/Common/DerivedDataCache/Buckets/BulkDataList/9c/57/ba6077ca2d031b1a5384679340db12f4726e.udd" 6536
"C:/Users/Librake/AppData/Local/UnrealEngine/Common/DerivedDataCache/Buckets/LegacyTEXTURE/2a/0e/83eff029dd90c8f3ad3d25fa7e578e13f29c.udd" 6537
"C:/Users/Librake/AppData/Local/UnrealEngine/Common/DerivedDataCache/Buckets/LegacyTEXTURE/40/6d/25fef472688fd4351b685b1d73b3f86891a1.udd" 6538
"C:/Users/Librake/AppData/Local/UnrealEngine/Common/DerivedDataCache/Buckets/LegacyTEXTURE/d2/d9/3ff173ebb05eb20b5c7e5e3f1c43aff7ac51.udd" 6539
"C:/Users/Librake/AppData/Local/UnrealEngine/Common/DerivedDataCache/Buckets/LegacyTEXTURE/02/8a/d52ad09c95bc92b1695b52ba1acf8238fb1c.udd" 6540
"C:/Users/Librake/AppData/Local/UnrealEngine/Common/DerivedDataCache/Buckets/LegacyTEXTURE/4a/0d/aa9948e0b4596f2615e226ebbe47a7bb4bbf.udd" 6541
"C:/Users/Librake/AppData/Local/UnrealEngine/Common/DerivedDataCache/Buckets/LegacyTEXTURE/37/ff/a485725c290a2b33e2d30f6d739eceaee986.udd" 6542
"C:/Users/Librake/AppData/Local/UnrealEngine/Common/DerivedDataCache/Buckets/LegacyTEXTURE/2c/b2/82a7acc718195a7f34caa3cdae3fee709517.udd" 6543
"C:/Users/Librake/AppData/Local/UnrealEngine/Common/DerivedDataCache/Buckets/LegacyTEXTURE/5f/12/6434d1b3037cc960eafc9d59a0bd4775d679.udd" 6544
"C:/Users/Librake/AppData/Local/UnrealEngine/Common/DerivedDataCache/Buckets/LegacyTEXTURE/90/6a/ec78d48b03f3f08744c03756c590567bb82e.udd" 6545
"C:/Users/Librake/AppData/Local/UnrealEngine/Common/DerivedDataCache/Buckets/LegacyTEXTURE/0d/8d/9c16a8f765daf93e16bf7eef07b82d5920f3.udd" 6546
"C:/Users/Librake/AppData/Local/UnrealEngine/Common/DerivedDataCache/Buckets/LegacyTEXTURE/2f/87/751dfeeca7b4ecac102e683aa8d0826b066d.udd" 6547
"C:/Users/Librake/AppData/Local/UnrealEngine/Common/DerivedDataCache/Buckets/BulkDataList/ac/dc/27da20b3a9e8beea1a2eacdd86042e944f0a.udd" 6548
"C:/Users/Librake/AppData/Local/UnrealEngine/Common/DerivedDataCache/Buckets/LegacyTEXTURE/a6/15/a1fcacaf3d91bbb850aa90c8f5e13d230b15.udd" 6549
"C:/Users/Librake/AppData/Local/UnrealEngine/Common/DerivedDataCache/Buckets/LegacyTEXTURE/6b/e2/9895edce2a796151b52496c98d8cfe259208.udd" 6550
"C:/Users/Librake/AppData/Local/UnrealEngine/Common/DerivedDataCache/Buckets/LegacyTEXTURE/37/72/ae14c59e20a99e4c121600aaff7ce7a49fc3.udd" 6551
"C:/Users/Librake/AppData/Local/UnrealEngine/Common/DerivedDataCache/Buckets/LegacyTEXTURE/b2/32/2210786af7bdd8247ab17e450f724cab0e66.udd" 6552
"C:/Users/Librake/AppData/Local/UnrealEngine/Common/DerivedDataCache/Buckets/LegacyTEXTURE/94/a0/68a514d7a175d5c5bb2470359881c73ccb54.udd" 6553
"C:/Users/Librake/AppData/Local/UnrealEngine/Common/DerivedDataCache/Buckets/LegacyTEXTURE/84/5a/1ce813f61351a47f5b97d50ffa58ae238bb8.udd" 6554
"C:/Users/Librake/AppData/Local/UnrealEngine/Common/DerivedDataCache/Buckets/LegacyTEXTURE/4a/56/172d0732d581f86c5f27b216a1d065817e28.udd" 6555
"C:/Users/Librake/AppData/Local/UnrealEngine/Common/DerivedDataCache/Buckets/LegacyTEXTURE/06/20/c28e07d294ae5d7b5a1959c323b7ade433ba.udd" 6556
"C:/Users/Librake/AppData/Local/UnrealEngine/Common/DerivedDataCache/Buckets/LegacyTEXTURE/86/40/6a55a965c35af24eb32b0a457233f19fc5f8.udd" 6557
"C:/Users/Librake/AppData/Local/UnrealEngine/Common/DerivedDataCache/Buckets/LegacyTEXTURE/f4/64/a58c2def1ae2de44523c6993c70eb756ef23.udd" 6558
"C:/Users/Librake/AppData/Local/UnrealEngine/Common/DerivedDataCache/Buckets/BulkDataList/1b/cd/7d77651e596ce0e113cae45646443989bec8.udd" 6559
"C:/Users/Librake/AppData/Local/UnrealEngine/Common/DerivedDataCache/Buckets/LegacyTEXTURE/05/0b/d221d6904e7403b54d937f3c26461904461e.udd" 6560
"C:/Users/Librake/AppData/Local/UnrealEngine/Common/DerivedDataCache/Buckets/LegacyTEXTURE/4c/e1/4165b9821b6f5b641758bcd27d443bce62f0.udd" 6561
"C:/Users/Librake/AppData/Local/UnrealEngine/Common/DerivedDataCache/Buckets/LegacyTEXTURE/f3/91/abe0f51af2081ad3dca1b80b4aaa07dfbc3a.udd" 6562
"C:/Users/Librake/AppData/Local/UnrealEngine/Common/DerivedDataCache/Buckets/LegacyTEXTURE/f0/4f/c3fb2b73efc647db93f3c350d883e0c1f83b.udd" 6563
"C:/Users/Librake/AppData/Local/UnrealEngine/Common/DerivedDataCache/Buckets/LegacyTEXTURE/41/5f/c7f19d39af737908b62236b947555a1d4e1b.udd" 6564
"C:/Users/Librake/AppData/Local/UnrealEngine/Common/DerivedDataCache/Buckets/LegacyTEXTURE/97/63/6ce8c8ec6b4e694711f9d06f4d9abfa5a6b8.udd" 6565
"C:/Users/Librake/AppData/Local/UnrealEngine/Common/DerivedDataCache/Buckets/LegacyTEXTURE/00/d6/a3892efc314afb296ca6029ab04ae7cde3ab.udd" 6566
"C:/Users/Librake/AppData/Local/UnrealEngine/Common/DerivedDataCache/Buckets/LegacyTEXTURE/82/94/c4cca61c940dd7e54acedf5ab0768c99fbbd.udd" 6567
"C:/Users/Librake/AppData/Local/UnrealEngine/Common/DerivedDataCache/Buckets/LegacyTEXTURE/9e/c5/c3264b2dcf9eba1e52b82dc3d8e481b965f9.udd" 6568
"C:/Users/Librake/AppData/Local/UnrealEngine/Common/DerivedDataCache/Buckets/BulkDataList/2c/5c/00430ddfc7bd20b7dd6b1c41760ad37a8f6b.udd" 6569
"C:/Users/Librake/AppData/Local/UnrealEngine/Common/DerivedDataCache/Buckets/LegacyTEXTURE/ed/a4/6bd973c346f20106d05b6d95f325e57bcd49.udd" 6570
"C:/Users/Librake/AppData/Local/UnrealEngine/Common/DerivedDataCache/Buckets/LegacyTEXTURE/c2/8a/a801c7e24ed1e1f46556622194c02846692c.udd" 6571
"C:/Users/Librake/AppData/Local/UnrealEngine/Common/DerivedDataCache/Buckets/LegacyTEXTURE/60/16/e0ad33e99b4120af6fb24f8cd24858440725.udd" 6572
"C:/Users/Librake/AppData/Local/UnrealEngine/Common/DerivedDataCache/Buckets/LegacyTEXTURE/54/6d/a425fe1680f781bdae1a1bd48c78e7dcf42a.udd" 6573
"C:/Users/Librake/AppData/Local/UnrealEngine/Common/DerivedDataCache/Buckets/LegacyTEXTURE/9b/40/51138cf53215d36a15c39da997ede5476144.udd" 6574
"C:/Users/Librake/AppData/Local/UnrealEngine/Common/DerivedDataCache/Buckets/LegacyTEXTURE/c2/8b/e702fbfc3ddcafc7f3bdcd5b02859b3df816.udd" 6575
"C:/Users/Librake/AppData/Local/UnrealEngine/Common/DerivedDataCache/Buckets/LegacyTEXTURE/64/c1/f3e957cd97a1cbf1977ee1939cfc0c4d7499.udd" 6576
"C:/Users/Librake/AppData/Local/UnrealEngine/Common/DerivedDataCache/Buckets/BulkDataList/f8/5b/2fc2ce88c3762c87c65c93d8f6043e2567b6.udd" 6577
"C:/Users/Librake/AppData/Local/UnrealEngine/Common/DerivedDataCache/Buckets/LegacyTEXTURE/48/cb/c5987ed3c478d110e2f628ee185871c944b8.udd" 6578
"C:/Users/Librake/AppData/Local/UnrealEngine/Common/DerivedDataCache/Buckets/LegacyTEXTURE/88/3e/6835a53e5da397ff4688b65e30e540ba8ff3.udd" 6579
"C:/Users/Librake/AppData/Local/UnrealEngine/Common/DerivedDataCache/Buckets/LegacyTEXTURE/87/45/1ab034f197ab4aacad10d3cb5553bd6ed187.udd" 6580
"C:/Users/Librake/AppData/Local/UnrealEngine/Common/DerivedDataCache/Buckets/LegacyTEXTURE/92/d2/0b388e87de69cf1ab7fb921800df896eff8c.udd" 6581
"C:/Users/Librake/AppData/Local/UnrealEngine/Common/DerivedDataCache/Buckets/BulkDataList/23/6b/1f4848dffa05ab2fe192cd9452e9340f039e.udd" 6582
"C:/Users/Librake/AppData/Local/UnrealEngine/Common/DerivedDataCache/Buckets/LegacyTEXTURE/95/3a/1e4875aee50dbd399fc24070fee70de1f6ab.udd" 6583
"C:/Users/Librake/AppData/Local/UnrealEngine/Common/DerivedDataCache/Buckets/LegacyTEXTURE/7d/e3/68893b86c2fbf9842a5754cd9cc5d64d523c.udd" 6584
"C:/Users/Librake/AppData/Local/UnrealEngine/Common/DerivedDataCache/Buckets/LegacyTEXTURE/0d/8b/79dfa1520ef408f003b366f7999fbd33537c.udd" 6585
"C:/Users/Librake/AppData/Local/UnrealEngine/Common/DerivedDataCache/Buckets/LegacyTEXTURE/6a/d7/75bb6010f1fa31756a8950b0992c354dd0de.udd" 6586
"C:/Users/Librake/AppData/Local/UnrealEngine/Common/DerivedDataCache/Buckets/LegacyTEXTURE/53/95/e3a5b0c6492d47d9a7b405b579bcdf91db84.udd" 6587
"C:/Users/Librake/AppData/Local/UnrealEngine/Common/DerivedDataCache/Buckets/LegacyTEXTURE/fa/4d/fa8065f017e730854634ecf0ad082b09ea1a.udd" 6588
"C:/Users/Librake/AppData/Local/UnrealEngine/Common/DerivedDataCache/Buckets/LegacyTEXTURE/50/a1/96c9ca28841566b873c68f8cc9a39438799f.udd" 6589
"C:/Users/Librake/AppData/Local/UnrealEngine/Common/DerivedDataCache/Buckets/LegacyTEXTURE/b0/e9/0a99b9adf77874f7bd9abb11b4d0ebc30238.udd" 6590
"C:/Users/Librake/AppData/Local/UnrealEngine/Common/DerivedDataCache/Buckets/LegacyTEXTURE/7b/43/5d948e4ec998ad090c0fdaa6f17f632c842a.udd" 6591
"C:/Users/Librake/AppData/Local/UnrealEngine/Common/DerivedDataCache/Buckets/BulkDataList/fc/ca/b82626d71675664142f70d7e36854206a45b.udd" 6592
"C:/Users/Librake/AppData/Local/UnrealEngine/Common/DerivedDataCache/Buckets/LegacyTEXTURE/10/25/6db2ea37765e232dffa371b94a2d2c700f51.udd" 6593
"C:/Users/Librake/AppData/Local/UnrealEngine/Common/DerivedDataCache/Buckets/LegacyTEXTURE/aa/ca/e3e8bb33bf33f6d20ddd9b7228be29a52d54.udd" 6594
"C:/Users/Librake/AppData/Local/UnrealEngine/Common/DerivedDataCache/Buckets/LegacyTEXTURE/ba/cd/2f27d8cfbbd414b69e8b885b888db73803a3.udd" 6595
"C:/Users/Librake/AppData/Local/UnrealEngine/Common/DerivedDataCache/Buckets/LegacyTEXTURE/25/a1/a74f3c6855c2a2b0849c1038b79193e9c839.udd" 6596
"C:/Users/Librake/AppData/Local/UnrealEngine/Common/DerivedDataCache/Buckets/LegacyTEXTURE/23/d3/9310e3805c7655d1dc874a83a234e7ce41cc.udd" 6597
"C:/Users/Librake/AppData/Local/UnrealEngine/Common/DerivedDataCache/Buckets/LegacyTEXTURE/90/0b/27f508e010da115ed7945d78d6b778c88bfa.udd" 6598
"C:/Users/Librake/AppData/Local/UnrealEngine/Common/DerivedDataCache/Buckets/BulkDataList/9c/00/d5c9e689b649fc5b1cb85624418b0f9dcdad.udd" 6599
"C:/Users/Librake/AppData/Local/UnrealEngine/Common/DerivedDataCache/Buckets/LegacyTEXTURE/24/82/4fc7ca395ca79c355611aaccea0b460aa79e.udd" 6600
"C:/Users/Librake/AppData/Local/UnrealEngine/Common/DerivedDataCache/Buckets/BulkDataList/37/67/f12f0a4d5c27127f9e8c8bb1556d589ac2b4.udd" 6601
"C:/Users/Librake/AppData/Local/UnrealEngine/Common/DerivedDataCache/Buckets/BulkDataList/84/fd/4e25b0d1f768d21c3700dc5928be145bcb3f.udd" 6602
"C:/Users/Librake/AppData/Local/UnrealEngine/Common/DerivedDataCache/Buckets/BulkDataList/d5/19/a4cd042f280e786926ed801146325d91d1a5.udd" 6603
"C:/Users/Librake/AppData/Local/UnrealEngine/Common/DerivedDataCache/Buckets/BulkDataList/ff/ee/d8a03fa2c891dea2681c83490779d854637e.udd" 6604
"C:/Users/Librake/AppData/Local/UnrealEngine/Common/DerivedDataCache/Buckets/BulkDataList/8d/9c/05c079364c9d8e543dd982742eabaf4e3713.udd" 6605
"C:/Users/Librake/AppData/Local/UnrealEngine/Common/DerivedDataCache/Buckets/BulkDataList/5a/4b/c7f81de3d97c2bb12e5fe1b4e1a61e587f7b.udd" 6606
"C:/Users/Librake/AppData/Local/UnrealEngine/Common/DerivedDataCache/Buckets/BulkDataList/74/1d/ac826e7175a0442ec2c98a80f6201df7113b.udd" 6607
"C:/Users/Librake/AppData/Local/UnrealEngine/Common/DerivedDataCache/Buckets/BulkDataList/51/dd/c07623321fbcbcb0b51af03f41aa7bad79dd.udd" 6608
"C:/Users/Librake/AppData/Local/UnrealEngine/Common/DerivedDataCache/Buckets/LegacyTEXTURE/ce/26/9787f8e1db8e4d95432fe6a676e4b9a1fe0e.udd" 6609
"C:/Users/Librake/AppData/Local/UnrealEngine/Common/DerivedDataCache/Buckets/LegacyTEXTURE/6a/fe/c19759dee7cc35fa85d5f4941221edd88167.udd" 6610
"C:/Users/Librake/AppData/Local/UnrealEngine/Common/DerivedDataCache/Buckets/LegacyTEXTURE/86/3d/d321f60540be673addbf31e74f01abac692f.udd" 6611
"C:/Users/Librake/AppData/Local/UnrealEngine/Common/DerivedDataCache/Buckets/LegacyTEXTURE/64/63/1c00dc98f354b72129881f7bb180bd2da769.udd" 6612
"C:/Users/Librake/AppData/Local/UnrealEngine/Common/DerivedDataCache/Buckets/LegacyTEXTURE/e7/3c/277a500f3deb8b6e54c5ccbf2cbfbdad06da.udd" 6613
"C:/Users/Librake/AppData/Local/UnrealEngine/Common/DerivedDataCache/Buckets/LegacyTEXTURE/16/d2/a3068f9584819f688214449829aa7662bc90.udd" 6614
"C:/Users/Librake/AppData/Local/UnrealEngine/Common/DerivedDataCache/Buckets/LegacyTEXTURE/c8/8b/3bf76700fd5ec5bff1b4727ad7cd72a7a8b7.udd" 6615
"C:/Users/Librake/AppData/Local/UnrealEngine/Common/DerivedDataCache/Buckets/LegacyTEXTURE/b3/17/f595a1ac39206dab980d40dc6ffec5428982.udd" 6616
"C:/Users/Librake/AppData/Local/UnrealEngine/Common/DerivedDataCache/Buckets/LegacyTEXTURE/19/23/9fc032e1d2699341c974de335f4b7741a1e4.udd" 6617
"C:/Users/Librake/AppData/Local/UnrealEngine/Common/DerivedDataCache/Buckets/LegacyTEXTURE/a0/c9/d8d49056662e0b23729e4b17a335706ed9a0.udd" 6618
"C:/Users/Librake/AppData/Local/UnrealEngine/Common/DerivedDataCache/Buckets/LegacyTEXTURE/18/ad/73bf9f64ee3f9cb048e19374ecf4f11abed3.udd" 6619
"C:/Users/Librake/AppData/Local/UnrealEngine/Common/DerivedDataCache/Buckets/LegacyTEXTURE/b4/4f/6d2e2cb688529da8eb15dfed5e7bfadfc236.udd" 6620
"C:/Users/Librake/AppData/Local/UnrealEngine/Common/DerivedDataCache/Buckets/LegacyTEXTURE/fa/35/c0b1ea472155eee3a59c7d8b8278fa6a2dc7.udd" 6621
"C:/Users/Librake/AppData/Local/UnrealEngine/Common/DerivedDataCache/Buckets/LegacyTEXTURE/19/1a/733319c89d8a8ad0500e82ae66baf4acb671.udd" 6622
"C:/Users/Librake/AppData/Local/UnrealEngine/Common/DerivedDataCache/Buckets/LegacyTEXTURE/bb/ab/40733a4fd9d2654f9c011dc28953dec0ee46.udd" 6623
"C:/Users/Librake/AppData/Local/UnrealEngine/Common/DerivedDataCache/Buckets/LegacyTEXTURE/be/c9/659ff6f2331caff9460a98bfe5b853933070.udd" 6624
"C:/Users/Librake/AppData/Local/UnrealEngine/Common/DerivedDataCache/Buckets/LegacyTEXTURE/bc/43/68465c3e6e761756a72a6ac38632e2fbcd60.udd" 6625
"C:/Users/Librake/AppData/Local/UnrealEngine/Common/DerivedDataCache/Buckets/LegacyTEXTURE/ef/58/66b6ad43fcd5214b5dd772fb4025d2fc7941.udd" 6626
"C:/Users/Librake/AppData/Local/UnrealEngine/Common/DerivedDataCache/Buckets/LegacyTEXTURE/5f/e9/f11c0ee332fa28747cd96afe7c49a909c2a2.udd" 6627
"F:/Unreal Projects/DDay_bp/Content/Realistic_Starter_VFX_Pack_Vol2/Textures/T_NoiseNormal_A.uasset" 6628
"F:/Unreal Projects/DDay_bp/Content/Realistic_Starter_VFX_Pack_Vol2/Textures/T_Wood.uasset" 6629
"F:/Unreal Projects/DDay_bp/Content/3D/bonfire/textr/bonfire_bonfire_BaseColor.uasset" 6630
"C:/Users/Librake/AppData/Local/UnrealEngine/Common/DerivedDataCache/Buckets/LegacyTEXTURE/01/c0/e019029782958ba9a8bedc92d830cd09be26.udd" 6631
"F:/Unreal Projects/DDay_bp/Content/3D/bonfire/textr/bonfire_bonfire_Normal.uasset" 6632
"F:/Unreal Projects/DDay_bp/Content/3D/bonfire/textr/bonfire_bonfire_Emissive.uasset" 6633
"F:/Unreal Projects/DDay_bp/Content/3D/bonfire/textr/bonfire_bonfire_OcclusionRoughnessMetallic.uasset" 6634
"C:/Users/Librake/AppData/Local/UnrealEngine/Common/DerivedDataCache/Buckets/LegacyTEXTURE/87/29/f30ff8ee255f2d271589d0fca1a26a69d1f7.udd" 6635
"F:/Unreal Projects/DDay_bp/Content/3D/truck/mat/truck_truck_BaseColor.uasset" 6636
"F:/Unreal Projects/DDay_bp/Content/3D/truck/mat/truck_truck_Normal.uasset" 6637
"F:/Unreal Projects/DDay_bp/Content/3D/truck/mat/truck_truck_OcclusionRoughnessMetallic.uasset" 6638
"C:/Users/Librake/AppData/Local/UnrealEngine/Common/DerivedDataCache/Buckets/LegacyTEXTURE/e0/a8/47f274065675c312e099a958af57821d66de.udd" 6639
"C:/Users/Librake/AppData/Local/UnrealEngine/Common/DerivedDataCache/Buckets/LegacyTEXTURE/93/de/10d7363a5a8dc1f9e6975e78714c69c95a3b.udd" 6640
"../../../Engine/Content/EngineSounds/Music.uasset" 6641
"../../../Engine/Content/EngineSounds/Voice.uasset" 6642
"F:/Unreal Projects/DDay_bp/Content/other/Materials/MyWidgetMaterialOrigin.uasset" 6643
"C:/Users/Librake/AppData/Local/UnrealEngine/Common/DerivedDataCache/Buckets/LegacyTEXTURE/04/59/c9f8ea626413c059b21c794522bb0f8ab8ea.udd" 6644
"C:/Users/Librake/AppData/Local/UnrealEngine/Common/DerivedDataCache/Buckets/LegacyTEXTURE/b3/9d/a7cebfc679d334ec3f20decc2a690f9b43e0.udd" 6645
"C:/Users/Librake/AppData/Local/UnrealEngine/Common/DerivedDataCache/Buckets/LegacyTEXTURE/02/51/57f2139a0a1ccac3185273399aa71713a4b7.udd" 6646
"C:/Users/Librake/AppData/Local/UnrealEngine/Common/DerivedDataCache/Buckets/LegacyTEXTURE/b8/6d/8a165c09c888368f4bcecb06408dab28edbe.udd" 6647
"C:/Users/Librake/AppData/Local/UnrealEngine/Common/DerivedDataCache/Buckets/LegacyTEXTURE/7c/0a/b56be58bdc2524bd2b594811ce3d3a8e70ac.udd" 6648
"C:/Users/Librake/AppData/Local/UnrealEngine/Common/DerivedDataCache/Buckets/LegacyTEXTURE/95/3e/324a6f45279d8b63acec22fce079f0199401.udd" 6649
"C:/Users/Librake/AppData/Local/UnrealEngine/Common/DerivedDataCache/Buckets/LegacyTEXTURE/af/2c/de6b97b6d0f1a9e16bdba04e069e99c949a8.udd" 6650
"C:/Users/Librake/AppData/Local/UnrealEngine/Common/DerivedDataCache/Buckets/BulkDataList/81/f7/ddde287487ffa47c17b78f09c796d9f39e8a.udd" 6651
"C:/Users/Librake/AppData/Local/UnrealEngine/Common/DerivedDataCache/Buckets/LegacyTEXTURE/f2/71/9275f91d2c62af8697d7a93d1bb9fd8ef1aa.udd" 6652
"C:/Users/Librake/AppData/Local/UnrealEngine/Common/DerivedDataCache/Buckets/LegacyTEXTURE/24/5b/3d556860b1fb4060a0cf1c83bbe203f81633.udd" 6653
"C:/Users/Librake/AppData/Local/UnrealEngine/Common/DerivedDataCache/Buckets/LegacyTEXTURE/a1/0e/7fc45f3f690f98645fa7cba6b9588eda6b31.udd" 6654
"C:/Users/Librake/AppData/Local/UnrealEngine/Common/DerivedDataCache/Buckets/LegacyTEXTURE/db/3d/066364b65fb57a844de3076e9c0cd52cd2bd.udd" 6655
"C:/Users/Librake/AppData/Local/UnrealEngine/Common/DerivedDataCache/Buckets/LegacyTEXTURE/ce/b3/94bae8a5840554853402cb715df8b9fbff64.udd" 6656
"C:/Users/Librake/AppData/Local/UnrealEngine/Common/DerivedDataCache/Buckets/LegacyTEXTURE/91/2b/fcfdb2cda5bae21330dafea36c5880527328.udd" 6657
"C:/Users/Librake/AppData/Local/UnrealEngine/Common/DerivedDataCache/Buckets/LegacyTEXTURE/7d/de/4e7140fbe5c4d9813dbebbe932609cc48f31.udd" 6658
"C:/Users/Librake/AppData/Local/UnrealEngine/Common/DerivedDataCache/Buckets/LegacyTEXTURE/81/35/66d099c042de906eb6d84fff6adc094fa721.udd" 6659
"C:/Users/Librake/AppData/Local/UnrealEngine/Common/DerivedDataCache/Buckets/LegacyTEXTURE/f3/41/e04418ce750555ded3beeb01400638530d54.udd" 6660
"C:/Users/Librake/AppData/Local/UnrealEngine/Common/DerivedDataCache/Buckets/LegacyTEXTURE/66/67/2b5681eef99ae1635a3daa622d69fd8a6e48.udd" 6661
"C:/Users/Librake/AppData/Local/UnrealEngine/Common/DerivedDataCache/Buckets/LegacyTEXTURE/55/cd/1f5cdf67610a7b312acf35dcc50ec413ae22.udd" 6662
"C:/Users/Librake/AppData/Local/UnrealEngine/Common/DerivedDataCache/Buckets/LegacyTEXTURE/a2/ed/3610049a03b8711c0c39d869ab545a5846c9.udd" 6663
"C:/Users/Librake/AppData/Local/UnrealEngine/Common/DerivedDataCache/Buckets/LegacyTEXTURE/ff/65/40ddf1581b6020e9e6b4c51869e8628b1501.udd" 6664
"C:/Users/Librake/AppData/Local/UnrealEngine/Common/DerivedDataCache/Buckets/LegacyTEXTURE/9e/98/c57edecac7b7f8409ebca7e1641f95900a06.udd" 6665
"C:/Users/Librake/AppData/Local/UnrealEngine/Common/DerivedDataCache/Buckets/LegacyTEXTURE/6c/e9/1bcf21beb865094b2bf02e5b2570aeaf5dca.udd" 6666
"C:/Users/Librake/AppData/Local/UnrealEngine/Common/DerivedDataCache/Buckets/BulkDataList/e0/43/eae9f0f4d873314c9e01f23b842834b16a96.udd" 6667
"C:/Users/Librake/AppData/Local/UnrealEngine/Common/DerivedDataCache/Buckets/LegacyTEXTURE/f7/38/4e4fb02f8eb69da290785b9e58b785d66971.udd" 6668
"C:/Users/Librake/AppData/Local/UnrealEngine/Common/DerivedDataCache/Buckets/LegacyTEXTURE/5e/82/f6d6e75c2f06b50b7f89abec5380ef28a186.udd" 6669
"C:/Users/Librake/AppData/Local/UnrealEngine/Common/DerivedDataCache/Buckets/LegacyTEXTURE/85/68/f4338ef6043c9252ef1e2e387c04785bf1b1.udd" 6670
"C:/Users/Librake/AppData/Local/UnrealEngine/Common/DerivedDataCache/Buckets/LegacyTEXTURE/f4/55/7e837467e7e5003e85bdb62de28d0f36c37c.udd" 6671
"C:/Users/Librake/AppData/Local/UnrealEngine/Common/DerivedDataCache/Buckets/LegacyTEXTURE/ef/8b/5b2d3a7d913f01bc4f9f97e4b16a8bb6a9e4.udd" 6672
"C:/Users/Librake/AppData/Local/UnrealEngine/Common/DerivedDataCache/Buckets/LegacyTEXTURE/74/f2/d097ea9f37b6e2a1befc7e7d9c1703a5d685.udd" 6673
"C:/Users/Librake/AppData/Local/UnrealEngine/Common/DerivedDataCache/Buckets/LegacyTEXTURE/20/37/e100a3613f9c31e8d52af986367aef6872eb.udd" 6674
"C:/Users/Librake/AppData/Local/UnrealEngine/Common/DerivedDataCache/Buckets/LegacyTEXTURE/5f/f9/f1204037d5541fb0b1ed6395e8c5979f37fb.udd" 6675
"C:/Users/Librake/AppData/Local/UnrealEngine/Common/DerivedDataCache/Buckets/BulkDataList/79/5d/40184816019786b5bfe21566981f3204d468.udd" 6676
"C:/Users/Librake/AppData/Local/UnrealEngine/Common/DerivedDataCache/Buckets/BulkDataList/33/b2/0163dec9528d58634687e87562dffc56816d.udd" 6677
"F:/Unreal Projects/DDay_bp/Content/Realistic_Starter_VFX_Pack_Vol2/Textures/T_Epxlosion_B_packed.uasset" 6678
"F:/Unreal Projects/DDay_bp/Content/Realistic_Starter_VFX_Pack_Vol2/Textures/T_Epxlosion_B_color.uasset" 6679
"C:/Users/Librake/AppData/Local/UnrealEngine/Common/DerivedDataCache/Buckets/BulkDataList/a3/7e/971f798f1ea468a957dcb89594c97d2412ce.udd" 6680
"C:/Users/Librake/AppData/Local/UnrealEngine/Common/DerivedDataCache/Buckets/BulkDataPayloadId/87/a9/44d79adc953b7527cdb61116956047de9da2.udd" 6681
"C:/Users/Librake/AppData/Local/UnrealEngine/Common/DerivedDataCache/Buckets/BulkDataList/bc/f9/83f9540aef17353d877501260ca230e3bb1c.udd" 6682
"C:/Users/Librake/AppData/Local/UnrealEngine/Common/DerivedDataCache/Buckets/BulkDataPayloadId/ad/dd/98c38dda083ad15bb24cd242290b96cbfcb1.udd" 6683
"C:/Users/Librake/AppData/Local/UnrealEngine/Common/DerivedDataCache/Buckets/BulkDataList/a0/11/7b2432ffde136e92c5ce1d771e4e0e9bdaa0.udd" 6684
"C:/Users/Librake/AppData/Local/UnrealEngine/Common/DerivedDataCache/Buckets/BulkDataPayloadId/91/19/9f0a4e5d7d05139f1393509c042e389bf5fa.udd" 6685
"C:/Users/Librake/AppData/Local/UnrealEngine/Common/DerivedDataCache/Buckets/BulkDataList/73/28/10f3d8a5090dabff2e39f1b5f139acb42338.udd" 6686
"C:/Users/Librake/AppData/Local/UnrealEngine/Common/DerivedDataCache/Buckets/BulkDataList/1a/68/3e64e1136af3f839a36acbd37eee57bc7efd.udd" 6687
"C:/Users/Librake/AppData/Local/UnrealEngine/Common/DerivedDataCache/Buckets/BulkDataList/04/c1/9b79492d4c500ee4a2bdd69e4cc7b3aec8ae.udd" 6688
"C:/Users/Librake/AppData/Local/UnrealEngine/Common/DerivedDataCache/Buckets/BulkDataList/f5/c7/1905fcb0796d77c8be2bf89bb6c8d3ec56a2.udd" 6689
"C:/Users/Librake/AppData/Local/UnrealEngine/Common/DerivedDataCache/Buckets/BulkDataList/37/68/afebc39fc000af71febd64e4d2f88703636e.udd" 6690
"C:/Users/Librake/AppData/Local/UnrealEngine/Common/DerivedDataCache/Buckets/BulkDataPayloadId/97/89/5ffa89d9b82a4eeefb99c414936d9586d4ec.udd" 6691
"C:/Users/Librake/AppData/Local/UnrealEngine/Common/DerivedDataCache/Buckets/BulkDataList/6f/28/876c703b68e4fb258e7c2dbfb59828d926ff.udd" 6692
"C:/Users/Librake/AppData/Local/UnrealEngine/Common/DerivedDataCache/Buckets/BulkDataPayloadId/f4/83/e2500c487433ae14a2c3c431013e8f09c988.udd" 6693
"C:/Users/Librake/AppData/Local/UnrealEngine/Common/DerivedDataCache/Buckets/LegacyTEXTURE/df/93/4a007be10ca851dfa44abe40b34f794ad517.udd" 6694
"C:/Users/Librake/AppData/Local/UnrealEngine/Common/DerivedDataCache/Buckets/LegacyTEXTURE/13/0f/4550eeabcdb3e63d4555ac4e0b7c6bf8b35c.udd" 6695
"C:/Users/Librake/AppData/Local/UnrealEngine/Common/DerivedDataCache/Buckets/LegacyTEXTURE/5f/2f/739b6ac1100ee2f86a796624799c83e98bab.udd" 6696
"C:/Users/Librake/AppData/Local/UnrealEngine/Common/DerivedDataCache/Buckets/LegacyAudio/8c/53/ba4486f1a96eda4e1190ecc1bd6d6e7853c2.udd" 6697
"C:/Users/Librake/AppData/Local/UnrealEngine/Common/DerivedDataCache/Buckets/LegacySTREAMEDAUDIO/c1/b4/42e7b1046e73615f674616dd0697b7010d6d.udd" 6698
"C:/Users/Librake/AppData/Local/UnrealEngine/Common/DerivedDataCache/Buckets/LegacySTREAMEDAUDIO/9b/a7/963971d3e43bcf79402fc5198f80cc7433e1.udd" 6699
"C:/Users/Librake/AppData/Local/UnrealEngine/Common/DerivedDataCache/Buckets/LegacySTREAMEDAUDIO/85/44/b1929e66a6be38f98fa44aba4b507b84585d.udd" 6700
"C:/Users/Librake/AppData/Local/UnrealEngine/Common/DerivedDataCache/Buckets/LegacySTREAMEDAUDIO/7c/89/408e9c7b609827e33b6ee682c30da02349eb.udd" 6701
"C:/Users/Librake/AppData/Local/UnrealEngine/Common/DerivedDataCache/Buckets/LegacyTEXTURE/75/33/7d03e8924db991a4da74d7e8773337893893.udd" 6702
"C:/Users/Librake/AppData/Local/UnrealEngine/Common/DerivedDataCache/Buckets/LegacyTEXTURE/62/45/f3269926306eb72fe2164bc5d53b80eff14f.udd" 6703
"C:/Users/Librake/AppData/Local/UnrealEngine/Common/DerivedDataCache/Buckets/LegacyTEXTURE/c2/44/3526a2ac3b0f19b4e53c314a386c349240d4.udd" 6704
"C:/Users/Librake/AppData/Local/UnrealEngine/Common/DerivedDataCache/Buckets/LegacyTEXTURE/de/a9/0cffe8243978ab6f932b583c03e7bcfff237.udd" 6705
"C:/Users/Librake/AppData/Local/UnrealEngine/Common/DerivedDataCache/Buckets/LegacyTEXTURE/b2/8e/0598ff48350ad1d365db99dca0e471624cfe.udd" 6706
"C:/Users/Librake/AppData/Local/UnrealEngine/Common/DerivedDataCache/Buckets/LegacyTEXTURE/1b/f2/be10e909fb6b4d1050414c782b37c1609583.udd" 6707
"C:/Users/Librake/AppData/Local/UnrealEngine/Common/DerivedDataCache/Buckets/LegacyTEXTURE/7d/c0/0df42c49908e8e09c3a3c7e545a8d0c20a2d.udd" 6708
"C:/Users/Librake/AppData/Local/UnrealEngine/Common/DerivedDataCache/Buckets/LegacyTEXTURE/1e/fb/ab0e0945f8fb45233857be570f478eedc083.udd" 6709
"C:/Users/Librake/AppData/Local/UnrealEngine/Common/DerivedDataCache/Buckets/LegacyTEXTURE/f4/9e/074158785849d21cf4411c56b0b253a0295a.udd" 6710
"C:/Users/Librake/AppData/Local/UnrealEngine/Common/DerivedDataCache/Buckets/LegacyTEXTURE/d4/6b/f320e60048dc87af45da941de1acc0ee09fd.udd" 6711
"C:/Users/Librake/AppData/Local/UnrealEngine/Common/DerivedDataCache/Buckets/LegacyTEXTURE/76/81/094ede06bb1250f8e957d58b578c8a48963c.udd" 6712
"C:/Users/Librake/AppData/Local/UnrealEngine/Common/DerivedDataCache/Buckets/LegacyTEXTURE/a1/ed/d667a508609a34404e643146b61c1abfe68c.udd" 6713
"C:/Users/Librake/AppData/Local/UnrealEngine/Common/DerivedDataCache/Buckets/LegacyTEXTURE/76/40/9371801287346a53c9440855479637228dc9.udd" 6714
"C:/Users/Librake/AppData/Local/UnrealEngine/Common/DerivedDataCache/Buckets/LegacyTEXTURE/1f/94/5fc38b9074b4ad88f94962534355b7e6d75c.udd" 6715
"C:/Users/Librake/AppData/Local/UnrealEngine/Common/DerivedDataCache/Buckets/LegacyTEXTURE/7e/3b/3de3db2c2e2278849c8d40a31fe556d352f5.udd" 6716
"C:/Users/Librake/AppData/Local/UnrealEngine/Common/DerivedDataCache/Buckets/LegacyTEXTURE/28/a5/1c8306e76b0c374638eaa680a9328a0bf5a0.udd" 6717
"C:/Users/Librake/AppData/Local/UnrealEngine/Common/DerivedDataCache/Buckets/LegacyTEXTURE/ff/4f/f03b2ae8bc64894d63a71c17a84c90506ae0.udd" 6718
"C:/Users/Librake/AppData/Local/UnrealEngine/Common/DerivedDataCache/Buckets/LegacyTEXTURE/0b/e1/24b9114562ac056f0f9fc3dc8976813f95b3.udd" 6719
"C:/Users/Librake/AppData/Local/UnrealEngine/Common/DerivedDataCache/Buckets/BulkDataList/e2/b0/c4cacd51d59351f6010ef439e9a544e428bc.udd" 6720
"C:/Users/Librake/AppData/Local/UnrealEngine/Common/DerivedDataCache/Buckets/LegacyTEXTURE/41/bb/389bd8e43011275cae03bf5881e5daa4ba6b.udd" 6721
"C:/Users/Librake/AppData/Local/UnrealEngine/Common/DerivedDataCache/Buckets/LegacyTEXTURE/93/04/db6d7972a0759ec8843098ac0db11a555bfe.udd" 6722
"C:/Users/Librake/AppData/Local/UnrealEngine/Common/DerivedDataCache/Content/34/93/94c7c2d64db8b0123d4a270375985aa22940.udd" 6723
"C:/Users/Librake/AppData/Local/UnrealEngine/Common/DerivedDataCache/Buckets/LegacyTEXTURE/47/de/f1682fa5217e1187dc7f556d7a8eccf07f2a.udd" 6724
"C:/Users/Librake/AppData/Local/UnrealEngine/Common/DerivedDataCache/Buckets/LegacyTEXTURE/81/7e/82a794a3d3bcc4d53e95d52dad5d91acd6bc.udd" 6725
"C:/Users/Librake/AppData/Local/UnrealEngine/Common/DerivedDataCache/Buckets/LegacyTEXTURE/13/30/1b940692a837804c3bc687c1acde929aa810.udd" 6726
"C:/Users/Librake/AppData/Local/UnrealEngine/Common/DerivedDataCache/Buckets/LegacyTEXTURE/9d/04/811ee2452dafbf2cf0f40af4e8ddfe34c85a.udd" 6727
"C:/Users/Librake/AppData/Local/UnrealEngine/Common/DerivedDataCache/Buckets/LegacyTEXTURE/31/82/9cd78ac5bf14d967eac0db822035a79fbd44.udd" 6728
"C:/Users/Librake/AppData/Local/UnrealEngine/Common/DerivedDataCache/Buckets/LegacyTEXTURE/66/03/7817b4572a88768f16c4816ee26dfb26da1a.udd" 6729
"C:/Users/Librake/AppData/Local/UnrealEngine/Common/DerivedDataCache/Buckets/LegacyTEXTURE/5f/a1/d21dd6c23632c1332f3e405c59926de4d470.udd" 6730
"C:/Users/Librake/AppData/Local/UnrealEngine/Common/DerivedDataCache/Buckets/LegacyTEXTURE/e3/ee/2260d7fcf0b254ca25ed18df333150d9a28c.udd" 6731
"C:/Users/Librake/AppData/Local/UnrealEngine/Common/DerivedDataCache/Buckets/LegacyTEXTURE/89/32/ba91168685a3312496ba65946ed1edcf41b4.udd" 6732
"C:/Users/Librake/AppData/Local/UnrealEngine/Common/DerivedDataCache/Buckets/LegacyTEXTURE/18/99/46a48efdd8240dfc66f64e28e16ac0394993.udd" 6733
"C:/Users/Librake/AppData/Local/UnrealEngine/Common/DerivedDataCache/Buckets/LegacyTEXTURE/76/d5/552c6faba31bb5099dd5d844023b6b0d1c9c.udd" 6734
"C:/Users/Librake/AppData/Local/UnrealEngine/Common/DerivedDataCache/Buckets/LegacyTEXTURE/3d/6a/a115d77b9a55b7937a51e2dda61203d88c88.udd" 6735
"C:/Users/Librake/AppData/Local/UnrealEngine/Common/DerivedDataCache/Buckets/BulkDataList/0d/9c/b0814cba99cb476ffea64fef072345270c30.udd" 6736
"C:/Users/Librake/AppData/Local/UnrealEngine/Common/DerivedDataCache/Buckets/LegacyTEXTURE/fb/d2/41ac64586c4d9f00041922faf4d89e433410.udd" 6737
"C:/Users/Librake/AppData/Local/UnrealEngine/Common/DerivedDataCache/Buckets/LegacyTEXTURE/33/bc/6a3533fb9697fbc6553ec6d712e2d3f69fd5.udd" 6738
"C:/Users/Librake/AppData/Local/UnrealEngine/Common/DerivedDataCache/Buckets/LegacyTEXTURE/1f/b4/e128ebb04f25902c4c4816b1478a30ae7039.udd" 6739
"C:/Users/Librake/AppData/Local/UnrealEngine/Common/DerivedDataCache/Buckets/LegacyTEXTURE/63/e6/652e94b64f04bd04a875a6b08e7ce98caea2.udd" 6740
"C:/Users/Librake/AppData/Local/UnrealEngine/Common/DerivedDataCache/Content/9c/54/9a0876891ee8293a6fb972c1282649eb59e1.udd" 6741
"C:/Users/Librake/AppData/Local/UnrealEngine/Common/DerivedDataCache/Buckets/LegacyTEXTURE/a3/84/e85a5af2c8d7f613d225527ee0f179be646d.udd" 6742
"C:/Users/Librake/AppData/Local/UnrealEngine/Common/DerivedDataCache/Buckets/LegacyTEXTURE/b5/32/b3b99e8c82bb004a1d9dd03794f7bbe1d2f0.udd" 6743
"C:/Users/Librake/AppData/Local/UnrealEngine/Common/DerivedDataCache/Buckets/BulkDataList/1d/7e/7ebfb49ab29c7a2b88f50e41fe94047363c8.udd" 6744
"C:/Users/Librake/AppData/Local/UnrealEngine/Common/DerivedDataCache/Buckets/LegacyTEXTURE/f4/bb/8d9b4724d254d7be54af3bb3b2a02b72588f.udd" 6745
"C:/Users/Librake/AppData/Local/UnrealEngine/Common/DerivedDataCache/Buckets/LegacyTEXTURE/ab/d8/19f6b69dfce36e99cf26bc28d659e8e138d5.udd" 6746
"C:/Users/Librake/AppData/Local/UnrealEngine/Common/DerivedDataCache/Buckets/LegacyTEXTURE/e0/91/d087165fe8c8f1a3fe4586e4140df8cc6477.udd" 6747
"C:/Users/Librake/AppData/Local/UnrealEngine/Common/DerivedDataCache/Buckets/LegacyTEXTURE/c0/5a/326364938f497e68c874a0fa2d189d7a41eb.udd" 6748
"C:/Users/Librake/AppData/Local/UnrealEngine/Common/DerivedDataCache/Buckets/LegacyTEXTURE/a3/5a/60e6392a50a4ae5a4e16b3bf3d0363a788b4.udd" 6749
"C:/Users/Librake/AppData/Local/UnrealEngine/Common/DerivedDataCache/Buckets/LegacyTEXTURE/8f/60/39fec14602263022729b60b2be8320596151.udd" 6750
"C:/Users/Librake/AppData/Local/UnrealEngine/Common/DerivedDataCache/Buckets/LegacyTEXTURE/db/7c/4b974e8b14bee7f01385b7a91d85ee0efe92.udd" 6751
"C:/Users/Librake/AppData/Local/UnrealEngine/Common/DerivedDataCache/Buckets/LegacyTEXTURE/4b/0b/9c2418b49d5e6102dd76c76c566ff4b2a671.udd" 6752
"C:/Users/Librake/AppData/Local/UnrealEngine/Common/DerivedDataCache/Buckets/LegacyTEXTURE/6e/58/5b04b45f10432617141ebf85cf6f00d91a14.udd" 6753
"C:/Users/Librake/AppData/Local/UnrealEngine/Common/DerivedDataCache/Buckets/LegacyTEXTURE/7e/eb/db1177b7a5a1b92fc61216a96db4aa42a8a7.udd" 6754
"C:/Users/Librake/AppData/Local/UnrealEngine/Common/DerivedDataCache/Buckets/LegacyTEXTURE/4a/5d/52ba16b792a87162a00df991de7eb24cbb6c.udd" 6755
"C:/Users/Librake/AppData/Local/UnrealEngine/Common/DerivedDataCache/Buckets/LegacyTEXTURE/7f/65/16988ec18521d80fe5dc3ca67d74b6313567.udd" 6756
"C:/Users/Librake/AppData/Local/UnrealEngine/Common/DerivedDataCache/Buckets/LegacyTEXTURE/8b/42/b43074a0924b76655ea2c834447555c26e83.udd" 6757
"C:/Users/Librake/AppData/Local/UnrealEngine/Common/DerivedDataCache/Content/e0/53/0673ea5bb91aebbd1ee857e7d50faa8c3b3b.udd" 6758
"C:/Users/Librake/AppData/Local/UnrealEngine/Common/DerivedDataCache/Buckets/LegacyTEXTURE/32/77/a01d2b9f396cf0a322b0baa3cd3f8e18e509.udd" 6759
"C:/Users/Librake/AppData/Local/UnrealEngine/Common/DerivedDataCache/Buckets/LegacyTEXTURE/55/85/1ed38802582e3c90f5f466b0c6a831e71f53.udd" 6760
"C:/Users/Librake/AppData/Local/UnrealEngine/Common/DerivedDataCache/Buckets/LegacyTEXTURE/f9/7b/c51123dc0fdd17ab846d637f11a4eeebcb95.udd" 6761
"C:/Users/Librake/AppData/Local/UnrealEngine/Common/DerivedDataCache/Buckets/LegacyTEXTURE/9d/f3/b0eed680c898fced587a66981eedcfb492e1.udd" 6762
"C:/Users/Librake/AppData/Local/UnrealEngine/Common/DerivedDataCache/Buckets/LegacyTEXTURE/20/c7/b6e32157006d973c27ab5a881703645c0c2a.udd" 6763
"C:/Users/Librake/AppData/Local/UnrealEngine/Common/DerivedDataCache/Buckets/LegacyTEXTURE/08/3e/c88e6a3afb9017715969f27a70daa6624504.udd" 6764
"C:/Users/Librake/AppData/Local/UnrealEngine/Common/DerivedDataCache/Buckets/LegacyTEXTURE/5b/85/9289f18c978deb8733fe2264213a8cccf9ad.udd" 6765
"C:/Users/Librake/AppData/Local/UnrealEngine/Common/DerivedDataCache/Buckets/LegacyTEXTURE/19/15/0cfa658559daa5e07cd7dba4bb955fd33bbd.udd" 6766
"C:/Users/Librake/AppData/Local/UnrealEngine/Common/DerivedDataCache/Buckets/LegacyTEXTURE/ed/f3/e8df69ae907e94a5303f347d5caf2f15eb9c.udd" 6767
"C:/Users/Librake/AppData/Local/UnrealEngine/Common/DerivedDataCache/Buckets/LegacyTEXTURE/f2/37/cc29a74b72c714fb0af3b35e6554ff6dced1.udd" 6768
"C:/Users/Librake/AppData/Local/UnrealEngine/Common/DerivedDataCache/Buckets/LegacyTEXTURE/22/8c/1149b73eaf981b396cd29b1e5dd93c155ef2.udd" 6769
"C:/Users/Librake/AppData/Local/UnrealEngine/Common/DerivedDataCache/Buckets/LegacyTEXTURE/7a/50/82302158964200c11eff3ea77e402bd93f16.udd" 6770
"C:/Users/Librake/AppData/Local/UnrealEngine/Common/DerivedDataCache/Buckets/LegacyTEXTURE/0e/f6/9cca094b3ad75d7471880f634e838887dfd6.udd" 6771
"C:/Users/Librake/AppData/Local/UnrealEngine/Common/DerivedDataCache/Buckets/LegacyTEXTURE/34/5a/f4adc58549485d1d95070f9a1e1fc42deee8.udd" 6772
"C:/Users/Librake/AppData/Local/UnrealEngine/Common/DerivedDataCache/Buckets/LegacyTEXTURE/ea/07/85192909bf8de737416f6891494e0a6c61f3.udd" 6773
"C:/Users/Librake/AppData/Local/UnrealEngine/Common/DerivedDataCache/Buckets/LegacyTEXTURE/50/8b/d96afcaaee8d79d76bae484e37e25f82331d.udd" 6774
"C:/Users/Librake/AppData/Local/UnrealEngine/Common/DerivedDataCache/Buckets/LegacyTEXTURE/1d/a8/58af28a7b28034f38dcf2cbb44c6a73c7ff3.udd" 6775
"C:/Users/Librake/AppData/Local/UnrealEngine/Common/DerivedDataCache/Buckets/LegacyTEXTURE/08/25/1f66aa19b5e240f4f8a5284c6e8791f43c3f.udd" 6776
"../../../Engine/Content/EngineMaterials/PPM_DefaultCalibrationGrayscale.uasset" 6777
"../../../Engine/Content/EngineMaterials/PPM_DefaultCalibrationColor.uasset" 6778
"../../../Engine/Content/EditorMaterials/PreviewShadowIndicatorMaterial.uasset" 6779
"F:/Unreal Projects/DDay_bp/Content/other/LightTextMaterialOpaque.uasset" 6780
"F:/Unreal Projects/DDay_bp/Content/Data/Maps_State.uasset" 6781
"F:/Unreal Projects/DDay_bp/Content/Data/structs/Instance_Save_pool.uasset" 6782
"F:/Unreal Projects/DDay_bp/Content/Blueprints/System/Teamable.uasset" 6783
"F:/Unreal Projects/DDay_bp/Content/Data/structs/Dev_Settings.uasset" 6784
"F:/Unreal Projects/DDay_bp/Content/Data/Balance_Tables/Units_Balance.uasset" 6785
"F:/Unreal Projects/DDay_bp/Content/Data/structs/Map_Balance_State.uasset" 6786
"F:/Unreal Projects/DDay_bp/Content/Data/structs/Game_Settings.uasset" 6787
"F:/Unreal Projects/DDay_bp/Content/Blueprints/Menu/Menu_Controller.uasset" 6788
"F:/Unreal Projects/DDay_bp/Content/Blueprints/Navigation/Key_Holder.uasset" 6789
"F:/Unreal Projects/DDay_bp/Content/Blueprints/Chars/Components/Camera_Shakes/Rifle_Move.uasset" 6790
"F:/Unreal Projects/DDay_bp/Content/Blueprints/Chars/Components/Camera_Shakes/AutoGun_Shake_move.uasset" 6791
"F:/Unreal Projects/DDay_bp/Content/Blueprints/recording/Shot_Info.uasset" 6792
"F:/Unreal Projects/DDay_bp/Content/Sounds/Game_Events/Got_Money.uasset" 6793
"F:/Unreal Projects/DDay_bp/Content/Blueprints/Chars/Components/Camera_Shakes/Rifle_Shake.uasset" 6794
"F:/Unreal Projects/DDay_bp/Content/3D/flag/txtr/german/mat_german.uasset" 6795
"F:/Unreal Projects/DDay_bp/Content/3D/platforms/mater/Crater/crater_corner/Dirt_grass/Dirt_grass_crater_corner.uasset" 6796
"F:/Unreal Projects/DDay_bp/Content/3D/platforms/mater/Crater/crater_corner/gray_dirt/Gray_dirt_crater_corner.uasset" 6797
"F:/Unreal Projects/DDay_bp/Content/3D/platforms/mater/Crater/crater_corner/Grass/Grass_crater_corner.uasset" 6798
"F:/Unreal Projects/DDay_bp/Content/3D/platforms/mater/Crater/Crater_updown/Dirt/Dirt_crater_updown.uasset" 6799
"F:/Unreal Projects/DDay_bp/Content/3D/platforms/mater/Crater/Crater_updown/Dirt_grass/Dirt_grass_crater_updown.uasset" 6800
"F:/Unreal Projects/DDay_bp/Content/3D/platforms/mater/Crater/crater_corner/dirt/Crater_corner_dirt_mat.uasset" 6801
"F:/Unreal Projects/DDay_bp/Content/Movies/Video/Cinematic_Player_Video.uasset" 6802
"C:/Users/Librake/AppData/Local/UnrealEngine/Common/DerivedDataCache/Buckets/MaterialShaderMap/ed/b9/98636a23a20473c45f4dc3860342e07324db.udd" 6803
"C:/Users/Librake/AppData/Local/UnrealEngine/Common/DerivedDataCache/Buckets/MaterialShaderMap/e1/dd/8ee041debcc4a21e4a5ce90f65dec46096dd.udd" 6804
"C:/Users/Librake/AppData/Local/UnrealEngine/Common/DerivedDataCache/Buckets/MaterialShaderMap/dc/4c/6e9b44a24f6963f3e214aab0e4734fbfe00c.udd" 6805
"C:/Users/Librake/AppData/Local/UnrealEngine/Common/DerivedDataCache/Buckets/MaterialShaderMap/a8/93/1ce6fdf7a3a9ec860c819379ec61f986f362.udd" 6806
"F:/Unreal Projects/DDay_bp/Content/3D/platforms/mater/Crater/Crater_updown/Grass/Grass_crater_updown.uasset" 6807
"F:/Unreal Projects/DDay_bp/Content/3D/platforms/mater/Crater/Crater_updown/Water/Water_crater_updown.uasset" 6808
"F:/Unreal Projects/DDay_bp/Content/3D/platforms/mater/trench/tri/mat_tri_trench.uasset" 6809
"F:/Unreal Projects/DDay_bp/Content/3D/platforms/mater/trench/end/mat_end_trench.uasset" 6810
"F:/Unreal Projects/DDay_bp/Content/3D/platforms/mater/trench/base/trench_base_mat.uasset" 6811
"F:/Unreal Projects/DDay_bp/Content/3D/platforms/mater/trench/up/mat_up_trench.uasset" 6812
"F:/Unreal Projects/DDay_bp/Content/3D/platforms/mater/trench/turn/mat_turn_trench.uasset" 6813
"F:/Unreal Projects/DDay_bp/Content/3D/platforms/mater/trench/default/mat_default_trench.uasset" 6814
"F:/Unreal Projects/DDay_bp/Content/Blueprints/Chars/Components/Char_Nav_Blocker.uasset" 6815
"F:/Unreal Projects/DDay_bp/Content/Blueprints/System/DataAssets/EditorAsset.uasset" 6816
"F:/Unreal Projects/DDay_bp/Content/Blueprints/Logics/Light/Lamp.uasset" 6817
"F:/Unreal Projects/DDay_bp/Content/Blueprints/System/DataAssets/PrintingDataAsset.uasset" 6818
"F:/Unreal Projects/DDay_bp/Content/Sounds/Background_Cue/forest_fon_Cue.uasset" 6819
"F:/Unreal Projects/DDay_bp/Content/Anim/Hit_anim/hit_anim_scale_Anim.uasset" 6820
"F:/Unreal Projects/DDay_bp/Content/3D/platforms/mater/Crater/Crater_updown/Gray_dirt/Gray_dirt_crater_updown.uasset" 6821
"F:/Unreal Projects/DDay_bp/Content/Anim/Jump.uasset" 6822
"F:/Unreal Projects/DDay_bp/Content/Anim/Jump_Scaler.uasset" 6823
"F:/Unreal Projects/DDay_bp/Content/Anim/Move_anim/Move_anim_Anim.uasset" 6824
"F:/Unreal Projects/DDay_bp/Content/Anim/Move_anim/Move_low/Move_anim2_low_Anim.uasset" 6825
"F:/Unreal Projects/DDay_bp/Content/Anim/Move_anim/Move_low_down/Move_anim_low_down_Anim.uasset" 6826
"../../../Engine/Content/VREditor/Sounds/VR_click3_Cue.uasset" 6827
"F:/Unreal Projects/DDay_bp/Content/Anim/Move_anim/Move_very_low_down/Move_anim_very_low_down_Anim.uasset" 6828
"F:/Unreal Projects/DDay_bp/Content/UI/Widgets/Game/PlayerMarker.uasset" 6829
"F:/Unreal Projects/DDay_bp/Content/UI/Widgets/Game/Enemy_Money_Marker.uasset" 6830
"../../../Engine/Content/EditorLandscapeResources/FlattenHeightMat.uasset" 6831
"F:/Unreal Projects/DDay_bp/Content/3D/cannon/textr/green/cannon_green_mat.uasset" 6832
"../../../Engine/Content/Functions/Engine_MaterialFunctions02/Utility/DitherTemporalAA.uasset" 6833
"F:/Unreal Projects/DDay_bp/Content/Sounds/Music_Cue/Main_menu_sound_Cue.uasset" 6834
"F:/Unreal Projects/DDay_bp/Content/other/Decals/crater_mat/Crater_decal_mat.uasset" 6835
"F:/Unreal Projects/DDay_bp/Content/3D/tent/tent_mat.uasset" 6836
"F:/Unreal Projects/DDay_bp/Content/3D/wire/wire_mat.uasset" 6837
"F:/Unreal Projects/DDay_bp/Content/3D/machine_gun/machine_gun_mat.uasset" 6838
"C:/Users/Librake/AppData/Local/UnrealEngine/Common/DerivedDataCache/Buckets/MaterialShaderMap/26/97/84273c6fc20d5b8ea91ef1ae7f5b093a37c2.udd" 6839
"C:/Users/Librake/AppData/Local/UnrealEngine/Common/DerivedDataCache/Buckets/MaterialShaderMap/f6/9b/ca818b9ee84580b323dcc0bda837fe6ec689.udd" 6840
"C:/Users/Librake/AppData/Local/UnrealEngine/Common/DerivedDataCache/Buckets/MaterialShaderMap/b3/00/3366f7700302efdb556b6d7e4e3e11393980.udd" 6841
"C:/Users/Librake/AppData/Local/UnrealEngine/Common/DerivedDataCache/Buckets/MaterialShaderMap/c0/70/68f40e93940423a6eb71615f854d147071bc.udd" 6842
"C:/Users/Librake/AppData/Local/UnrealEngine/Common/DerivedDataCache/Buckets/MaterialShaderMap/c9/da/3600996f060624dbd9fa00e95f639cc0b4b7.udd" 6843
"C:/Users/Librake/AppData/Local/UnrealEngine/Common/DerivedDataCache/Buckets/MaterialShaderMap/2e/ad/c1a0722237879ad027ba98204cda74302d50.udd" 6844
"C:/Users/Librake/AppData/Local/UnrealEngine/Common/DerivedDataCache/Buckets/MaterialShaderMap/16/00/5b41ead8127615cb6d6376428109f0689377.udd" 6845
"C:/Users/Librake/AppData/Local/UnrealEngine/Common/DerivedDataCache/Buckets/MaterialShaderMap/37/dd/e797d171de592be2d28f7fb468385622129e.udd" 6846
"C:/Users/Librake/AppData/Local/UnrealEngine/Common/DerivedDataCache/Buckets/MaterialShaderMap/13/36/1d1186d2217da9030eb41736021989fea511.udd" 6847
"C:/Users/Librake/AppData/Local/UnrealEngine/Common/DerivedDataCache/Buckets/MaterialShaderMap/2b/14/334d49210681dcf1eb0f0a222078ef7025a2.udd" 6848
"C:/Users/Librake/AppData/Local/UnrealEngine/Common/DerivedDataCache/Buckets/MaterialShaderMap/5f/e0/327f13b55f9c47c9510c5ed899e362614bad.udd" 6849
"C:/Users/Librake/AppData/Local/UnrealEngine/Common/DerivedDataCache/Buckets/MaterialShaderMap/97/a6/ea461a3efa6129c5b306ab40477638509a1d.udd" 6850
"C:/Users/Librake/AppData/Local/UnrealEngine/Common/DerivedDataCache/Buckets/MaterialShaderMap/54/84/c569f37ba4d8833febaa707feb12a8f1fdda.udd" 6851
"C:/Users/Librake/AppData/Local/UnrealEngine/Common/DerivedDataCache/Buckets/MaterialShaderMap/8a/23/096191935e8756c8e2c58867b45ecada1a38.udd" 6852
"C:/Users/Librake/AppData/Local/UnrealEngine/Common/DerivedDataCache/Buckets/MaterialShaderMap/9b/93/243b9cd8f5d3bc6bc74a8f6f547e6200db9e.udd" 6853
"C:/Users/Librake/AppData/Local/UnrealEngine/Common/DerivedDataCache/Buckets/MaterialShaderMap/74/53/2c875c5e87bf5688fb8c99ec3fe219468bfb.udd" 6854
"C:/Users/Librake/AppData/Local/UnrealEngine/Common/DerivedDataCache/Buckets/MaterialShaderMap/2f/12/abc68359ac6fc1550f6a343433a55e45d822.udd" 6855
"C:/Users/Librake/AppData/Local/UnrealEngine/Common/DerivedDataCache/Buckets/MaterialShaderMap/a8/56/30439e0f94747e5c279906980e3707af3f10.udd" 6856
"C:/Users/Librake/AppData/Local/UnrealEngine/Common/DerivedDataCache/Buckets/MaterialShaderMap/c8/93/9207cd26e7cc07d437f2c6d86abf19bcfdff.udd" 6857
"C:/Users/Librake/AppData/Local/UnrealEngine/Common/DerivedDataCache/Buckets/MaterialShaderMap/2a/83/1a1dbf7dede85aafc8a7527f50e50b10dd1f.udd" 6858
"C:/Users/Librake/AppData/Local/UnrealEngine/Common/DerivedDataCache/Buckets/MaterialShaderMap/b7/70/64f1e8a2eb65b606f04dab4cf7b612ecb3e3.udd" 6859
"C:/Users/Librake/AppData/Local/UnrealEngine/Common/DerivedDataCache/Buckets/MaterialShaderMap/cc/85/b4f42f827bd221f27f179906dc2dcdeb8fa6.udd" 6860
"C:/Users/Librake/AppData/Local/UnrealEngine/Common/DerivedDataCache/Buckets/MaterialShaderMap/87/f6/54bb6fe2021b9a8452303d863a17f2976902.udd" 6861
"C:/Users/Librake/AppData/Local/UnrealEngine/Common/DerivedDataCache/Buckets/MaterialShaderMap/51/ef/8fb4d6b15fb17e4fe909d08a861c2e03ea33.udd" 6862
"C:/Users/Librake/AppData/Local/UnrealEngine/Common/DerivedDataCache/Buckets/MaterialShaderMap/94/bb/8c026cb9e8a209a35e5b40c9670ef296348c.udd" 6863
"C:/Users/Librake/AppData/Local/UnrealEngine/Common/DerivedDataCache/Buckets/MaterialShaderMap/78/79/fbbccb4792588a859c829f7aa40fc271967a.udd" 6864
"C:/Users/Librake/AppData/Local/UnrealEngine/Common/DerivedDataCache/Buckets/MaterialShaderMap/3f/9b/1654f8b98ae2bf911fe1f08a19480bb2d567.udd" 6865
"C:/Users/Librake/AppData/Local/UnrealEngine/Common/DerivedDataCache/Buckets/MaterialShaderMap/06/d4/b48ff4a7c01bcc56b99bd5c2e8209c9021e9.udd" 6866
"C:/Users/Librake/AppData/Local/UnrealEngine/Common/DerivedDataCache/Buckets/MaterialShaderMap/b4/5d/0e9330ac345b1575f14f1157d3d005d95543.udd" 6867
"C:/Users/Librake/AppData/Local/UnrealEngine/Common/DerivedDataCache/Buckets/MaterialShaderMap/bd/04/82903faf69b4878769616f299e6d36a6fc3a.udd" 6868
"C:/Users/Librake/AppData/Local/UnrealEngine/Common/DerivedDataCache/Buckets/MaterialShaderMap/e5/90/8494489a82b902d4726569f500f66cca228b.udd" 6869
"C:/Users/Librake/AppData/Local/UnrealEngine/Common/DerivedDataCache/Buckets/MaterialShaderMap/df/1a/144c8fa7ed6e136fa3d4568a14ba21945678.udd" 6870
"C:/Users/Librake/AppData/Local/UnrealEngine/Common/DerivedDataCache/Buckets/AnimationSequence/c7/0e/922fc6a4e2bbebdcc21c6a3ebd8973d02584.udd" 6871
"C:/Users/Librake/AppData/Local/UnrealEngine/Common/DerivedDataCache/Buckets/AnimationSequence/67/89/7162a91f62cbe563b5c739d38cb21e0baab5.udd" 6872
"C:/Users/Librake/AppData/Local/UnrealEngine/Common/DerivedDataCache/Buckets/AnimationSequence/a7/1f/e1e56f45f11cd34522e49b58dcff91cb37de.udd" 6873
"C:/Users/Librake/AppData/Local/UnrealEngine/Common/DerivedDataCache/Buckets/AnimationSequence/1e/e3/1fe7728e06a1161ebc007348b63a57d522f0.udd" 6874
"C:/Users/Librake/AppData/Local/UnrealEngine/Common/DerivedDataCache/Buckets/AnimationSequence/bc/4e/81e5a04e9899ee2c595f1b02f6f63cea1bde.udd" 6875
"C:/Users/Librake/AppData/Local/UnrealEngine/Common/DerivedDataCache/Buckets/AnimationSequence/ba/91/e9c107e8d6cf69cb2bbb80f5badc30f67252.udd" 6876
"C:/Users/Librake/AppData/Local/UnrealEngine/Common/DerivedDataCache/Buckets/AnimationSequence/b6/11/8ac368c8ad320ca59a57d4eea27580b0d901.udd" 6877
"../../../Engine/Content/VREditor/UI/DiscMaterial.uasset" 6878
"F:/Unreal Projects/DDay_bp/Content/3D/machine_gun/skeletal/machine_gun.uasset" 6879
"../../../Engine/Content/EngineMaterials/CubeMaterial.uasset" 6880
"F:/Unreal Projects/DDay_bp/Content/Sounds/Artellery/Artelley_Incoming.uasset" 6881
"F:/Unreal Projects/DDay_bp/Content/3D/bullet/bullet/mat/MG_bullet_mat.uasset" 6882
"F:/Unreal Projects/DDay_bp/Content/3D/flag/txtr/britain/mat_britain.uasset" 6883
"F:/Unreal Projects/DDay_bp/Content/Default/Input/IMC_Default.uasset" 6884
"F:/Unreal Projects/DDay_bp/Content/Sounds/Game_Events/Checkpoint_Reached.uasset" 6885
"F:/Unreal Projects/DDay_bp/Content/3D/bullet/bullet/mat/bullet_mat.uasset" 6886
"F:/Unreal Projects/DDay_bp/Content/UI/Widgets/Aim/range_arc.uasset" 6887
"F:/Unreal Projects/DDay_bp/Content/Blueprints/Arms/Shells/NS-Bullet_orange.uasset" 6888
"F:/Unreal Projects/DDay_bp/Content/UI/Widgets/Aim/range_arc_world.uasset" 6889
"F:/Unreal Projects/DDay_bp/Content/Blueprints/Arms/Shells/NS-Bullet_Red.uasset" 6890
"F:/Unreal Projects/DDay_bp/Content/other/Decals/Bullet_Hole_Mat.uasset" 6891
"F:/Unreal Projects/DDay_bp/Content/Blueprints/Arms/Shells/NS-Bullet_yellow.uasset" 6892
"F:/Unreal Projects/DDay_bp/Content/UI/Fonts/EBGaramond_Font.uasset" 6893
"F:/Unreal Projects/DDay_bp/Content/3D/bullet/Shell_casing/txtr/shell_casing_mat.uasset" 6894
"F:/Unreal Projects/DDay_bp/Content/3D/enemy/enemy1/Mat/Enemy1_mat.uasset" 6895
"F:/Unreal Projects/DDay_bp/Content/3D/enemy/enemy2/Gun/mat/mp18_mat.uasset" 6896
"F:/Unreal Projects/DDay_bp/Content/3D/ammo_box/txtr/ammo_box_mat.uasset" 6897
"F:/Unreal Projects/DDay_bp/Content/3D/enemy/Enemy_shotgunner/Gun/mat/Enemy_shotgunner_gun_mat.uasset" 6898
"F:/Unreal Projects/DDay_bp/Content/3D/enemy/enemy2/Mat/Enemy2_mat.uasset" 6899
"F:/Unreal Projects/DDay_bp/Content/3D/flag/txtr/mat_flagpole.uasset" 6900
"F:/Unreal Projects/DDay_bp/Content/3D/sandbag/txtr/sandbag_mat.uasset" 6901
"F:/Unreal Projects/DDay_bp/Content/3D/mines/mines_mat.uasset" 6902
"F:/Unreal Projects/DDay_bp/Content/Realistic_Starter_VFX_Pack_Vol2/Mesh/SM_Derbis_B.uasset" 6903
"F:/Unreal Projects/DDay_bp/Content/3D/platforms/mater/hill/hill_corner_2/textr/dirt/Hill_corner_2_dirt.uasset" 6904
"F:/Unreal Projects/DDay_bp/Content/3D/platforms/mater/hill/hill_corner_2/textr/dirt_grass/Hill_corner_2_dirt_grass.uasset" 6905
"F:/Unreal Projects/DDay_bp/Content/3D/platforms/mater/hill/hill_corner_2/textr/grass/Hill_corner_2_grass.uasset" 6906
"F:/Unreal Projects/DDay_bp/Content/UI/Fonts/b52_Font.uasset" 6907
"F:/Unreal Projects/DDay_bp/Content/Realistic_Starter_VFX_Pack_Vol2/Materials/M_Blood_C.uasset" 6908
"F:/Unreal Projects/DDay_bp/Content/Realistic_Starter_VFX_Pack_Vol2/Materials/M_Dirt_A.uasset" 6909
"C:/Users/Librake/AppData/Local/UnrealEngine/Common/DerivedDataCache/Buckets/LegacySKELETALMESH/72/3d/813f57bd5f75cc91ab8568a2e074f73c7ba7.udd" 6910
"C:/Users/Librake/AppData/Local/UnrealEngine/Common/DerivedDataCache/Buckets/LegacySKELETALMESH/86/d0/a80e885cfc9bdb627a7b1a841b2066a13056.udd" 6911
"C:/Users/Librake/AppData/Local/UnrealEngine/Common/DerivedDataCache/Buckets/MaterialShaderMap/af/09/7bf03810f7f764f1ef11cacb93a3916a88ea.udd" 6912
"C:/Users/Librake/AppData/Local/UnrealEngine/Common/DerivedDataCache/Buckets/MaterialShaderMap/7f/f9/41ffbc0d27d0f6fd0c4b469bbad9d2b72687.udd" 6913
"C:/Users/Librake/AppData/Local/UnrealEngine/Common/DerivedDataCache/Buckets/MaterialShaderMap/84/84/72f78e2435f76d8f7e7e8eae98a813d355ac.udd" 6914
"C:/Users/Librake/AppData/Local/UnrealEngine/Common/DerivedDataCache/Buckets/MaterialShaderMap/c4/fb/f48e86636e93c1a3661f85e847dc786b843e.udd" 6915
"C:/Users/Librake/AppData/Local/UnrealEngine/Common/DerivedDataCache/Buckets/MaterialShaderMap/00/e9/42ab4869822dcf4a2194e92114df48c07f59.udd" 6916
"C:/Users/Librake/AppData/Local/UnrealEngine/Common/DerivedDataCache/Buckets/MaterialShaderMap/08/77/bc0d713a0cbefbb9e06b388cb9a0ec308559.udd" 6917
"C:/Users/Librake/AppData/Local/UnrealEngine/Common/DerivedDataCache/Buckets/MaterialShaderMap/af/a2/fbf82263fc4feba860c284db22ff2298339a.udd" 6918
"C:/Users/Librake/AppData/Local/UnrealEngine/Common/DerivedDataCache/Buckets/MaterialShaderMap/e1/b5/36abf6cbabd1119fed28b985db7c33fbb4b2.udd" 6919
"C:/Users/Librake/AppData/Local/UnrealEngine/Common/DerivedDataCache/Buckets/MaterialShaderMap/49/7e/eba851a17cb44276e76cff89538d8d94e8f7.udd" 6920
"C:/Users/Librake/AppData/Local/UnrealEngine/Common/DerivedDataCache/Buckets/MaterialShaderMap/b3/c0/335276e43c7ae7c7a2a2cbdcccdfef885f5c.udd" 6921
"C:/Users/Librake/AppData/Local/UnrealEngine/Common/DerivedDataCache/Buckets/MaterialShaderMap/8f/cf/f2e03c8a37fb546f182741227033f31e8a53.udd" 6922
"C:/Users/Librake/AppData/Local/UnrealEngine/Common/DerivedDataCache/Buckets/MaterialShaderMap/53/02/f69659a7a9fd72124717341e85c28061da07.udd" 6923
"C:/Users/Librake/AppData/Local/UnrealEngine/Common/DerivedDataCache/Buckets/MaterialShaderMap/78/ab/7824d126ec246d3c6dee84a8ea2afa566497.udd" 6924
"C:/Users/Librake/AppData/Local/UnrealEngine/Common/DerivedDataCache/Buckets/MaterialShaderMap/85/76/37e1b788223d0b737ed4f16e42af50161bcb.udd" 6925
"C:/Users/Librake/AppData/Local/UnrealEngine/Common/DerivedDataCache/Buckets/MaterialShaderMap/8c/45/aae238f1936592ce67bd188c16cfbdf27f6a.udd" 6926
"C:/Users/Librake/AppData/Local/UnrealEngine/Common/DerivedDataCache/Buckets/MaterialShaderMap/33/49/5f3d24c7e7f301428b6f3b455298510ee100.udd" 6927
"../../Plugins/FX/Niagara/Content/Modules/Emitter/EmitterState.uasset" 6928
"../../Plugins/FX/Niagara/Content/Functions/Emitter/EmitterChangeState.uasset" 6929
"../../Plugins/FX/Niagara/Content/Enums/ENiagara_EmitterStateOptions.uasset" 6930
"../../Plugins/FX/Niagara/Content/Enums/ENiagara_InfiniteLoopDuration.uasset" 6931
"../../Plugins/FX/Niagara/Content/Enums/ENiagaraEmitterLifeCycleMode.uasset" 6932
"../../Plugins/FX/Niagara/Content/Enums/ENiagaraEmitterScalabilityMode_Limited.uasset" 6933
"../../Plugins/FX/Niagara/Content/Enums/ENiagaraExecutionStateManagement.uasset" 6934
"../../Plugins/FX/Niagara/Content/Enums/ENiagaraInactiveMode.uasset" 6935
"../../Plugins/FX/Niagara/Content/Modules/Emitter/SpawnBurst_Instantaneous.uasset" 6936
"../../Plugins/FX/Niagara/Content/Functions/V2/CalculateRandomRangeFloat.uasset" 6937
"../../Plugins/FX/Niagara/Content/Enums/ENiagaraRandomnessEvaluation.uasset" 6938
"../../Plugins/FX/Niagara/Content/Enums/ENiagaraRandomnessMode.uasset" 6939
"../../Plugins/FX/Niagara/Content/Modules/Spawn/Initialization/V2/InitializeParticle.uasset" 6940
"../../Plugins/FX/Niagara/Content/Functions/LinearColor/HueShiftLinearColor.uasset" 6941
"../../Plugins/FX/Niagara/Content/Functions/Localspace/SimulationPosition.uasset" 6942
"../../Plugins/FX/Niagara/Content/Functions/Localspace/TransformVector.uasset" 6943
"../../Plugins/FX/Niagara/Content/Functions/Localspace/TransformBase.uasset" 6944
"../../Plugins/FX/Niagara/Content/Functions/V2/CalculateRandomBool.uasset" 6945
"../../Plugins/FX/Niagara/Content/Functions/V2/CalculateRandomRangeInteger.uasset" 6946
"../../Plugins/FX/Niagara/Content/Functions/V2/CalculateRandomRange.uasset" 6947
"../../Plugins/FX/Niagara/Content/Enums/ENiagara_ColorInitializationMode.uasset" 6948
"../../Plugins/FX/Niagara/Content/Enums/ENiagara_LifetimeMode.uasset" 6949
"../../Plugins/FX/Niagara/Content/Enums/ENiagara_MassInitializationMode.uasset" 6950
"../../Plugins/FX/Niagara/Content/Enums/ENiagara_PositionInitializationMode.uasset" 6951
"../../Plugins/FX/Niagara/Content/Enums/ENiagara_SizeScaleMode.uasset" 6952
"../../Plugins/FX/Niagara/Content/Enums/ENiagara_SpriteRotationMode.uasset" 6953
"../../Plugins/FX/Niagara/Content/Enums/ENiagara_UVFlippingMode.uasset" 6954
"../../Plugins/FX/Niagara/Content/Enums/ENiagaraChannelCorrelation.uasset" 6955
"../../Plugins/FX/Niagara/Content/Enums/Ribbons/ENiagara_UnsetDirectSet.uasset" 6956
"../../Plugins/FX/Niagara/Content/Enums/Ribbons/ENiagara_UnsetDirectSetRandom.uasset" 6957
"../../Plugins/FX/Niagara/Content/Modules/System/SystemState.uasset" 6958
"../../Plugins/FX/Niagara/Content/Functions/System/SystemChangeState.uasset" 6959
"../../Plugins/FX/Niagara/Content/Enums/ENiagaraSystemInactiveMode.uasset" 6960
"../../Plugins/FX/Niagara/Content/Modules/Update/Lifetime/ParticleState.uasset" 6961
"../../Plugins/FX/Niagara/Content/Functions/Math/SaturateFloat.uasset" 6962
"../../Plugins/FX/Niagara/Content/Icons/Modules/T_Icon_Particle_InfiniteLife.uasset" 6963
"../../Plugins/FX/Niagara/Content/Modules/Update/Renderers/Sprite/SpriteFacingAndAlignment.uasset" 6964
"C:/Users/Librake/AppData/Local/UnrealEngine/Common/DerivedDataCache/Buckets/BulkDataList/d5/26/3fc11487877d9e7ef39529eeb6192a06cb04.udd" 6965
"../../../Engine/Plugins/FX/Niagara/Shaders/Private/NiagaraDataInterfaceCurveTemplate.ush" 6966
"../../../Engine/Plugins/FX/Niagara/Shaders/Private/NiagaraDataInterfaceMeshRendererInfoTemplate.ush" 6967
"../../../Engine/Plugins/FX/Niagara/Shaders/Private/NiagaraDataInterfaceTexture2DArrayTemplate.ush" 6968
"../../../Engine/Plugins/FX/Niagara/Shaders/Private/NiagaraDataInterfaceActorComponentTemplate.ush" 6969
"../../../Engine/Plugins/FX/Niagara/Shaders/Private/NiagaraDataInterfaceArrayTemplate.ush" 6970
"../../../Engine/Plugins/FX/Niagara/Shaders/Private/NiagaraDataInterfaceArrayRWTemplate.ush" 6971
"../../../Engine/Plugins/FX/Niagara/Shaders/Private/NiagaraDataInterfaceAsyncGpuTrace.ush" 6972
"../../../Engine/Plugins/FX/Niagara/Shaders/Private/NiagaraDataInterfaceAsyncGpuTraceTemplate.ush" 6973
"../../../Engine/Plugins/FX/Niagara/Shaders/Private/NiagaraDataInterfaceCamera.ush" 6974
"../../../Engine/Plugins/Experimental/ChaosNiagara/Shaders/NiagaraDataInterfaceChaosDestruction.ush" 6975
"../../../Engine/Plugins/FX/Niagara/Shaders/Private/NiagaraDataInterfaceCollisionQuery.ush" 6976
"../../../Engine/Shaders/Public/StrataPublic.ush" 6977
"../../../Engine/Plugins/FX/Niagara/Shaders/Private/NiagaraDataInterfaceCollisionQueryTemplate.ush" 6978
"../../../Engine/Plugins/FX/Niagara/Shaders/Private/NiagaraDataInterfaceCubeTextureTemplate.ush" 6979
"../../../Engine/Plugins/FX/Niagara/Shaders/Private/DataChannel/NiagaraDataInterfaceDataChannelCommon.ush" 6980
"../../../Engine/Plugins/FX/Niagara/Shaders/Private/DataChannel/NiagaraDataInterfaceDataChannelTemplateCommon.ush" 6981
"../../../Engine/Plugins/FX/Niagara/Shaders/Private/DataChannel/NiagaraDataInterfaceDataChannelTemplate_Read.ush" 6982
"../../../Engine/Plugins/FX/Niagara/Shaders/Private/DataChannel/NiagaraDataInterfaceDataChannelTemplate_Consume.ush" 6983
"../../../Engine/Plugins/FX/Niagara/Shaders/Private/NiagaraDataInterfaceDebugDraw.ush" 6984
"../../../Engine/Plugins/FX/Niagara/Shaders/Private/NiagaraDataInterfaceDebugDrawTemplate.ush" 6985
"../../../Engine/Plugins/FX/Niagara/Shaders/Private/NiagaraDataInterfaceDynamicMeshTemplate.ush" 6986
"../../../Engine/Plugins/FX/Niagara/Shaders/Private/NiagaraDataInterfaceEmitterPropertiesTemplate.ush" 6987
"../../../Engine/Plugins/FX/Niagara/Shaders/Private/NiagaraDataInterfaceExportTemplate.ush" 6988
"../../../Engine/Plugins/FX/Niagara/Shaders/Private/NiagaraDataInterfaceGBufferTemplate.ush" 6989
"../../../Engine/Plugins/Experimental/ChaosNiagara/Shaders/NiagaraDataInterfaceGeometryCollection.ush" 6990
"../../../Engine/Plugins/FX/Niagara/Shaders/Private/NiagaraDataInterfaceIntRenderTarget2D.ush" 6991
"../../../Engine/Plugins/FX/Niagara/Shaders/Private/NiagaraDataInterfaceLandscape.ush" 6992
"../../../Engine/Plugins/FX/Niagara/Shaders/Private/NiagaraDataInterfaceOcclusion.ush" 6993
"../../../Engine/Plugins/FX/Niagara/Shaders/Private/NiagaraDataInterfacePhysicsAsset.ush" 6994
"../../../Engine/Plugins/Experimental/ChaosNiagara/Shaders/NiagaraDataInterfacePhysicsField.ush" 6995
"../../../Engine/Plugins/FX/Niagara/Shaders/Private/NiagaraDataInterfaceRenderTarget2DTemplate.ush" 6996
"../../../Engine/Plugins/FX/Niagara/Shaders/Private/NiagaraDataInterfaceRenderTarget2DArrayTemplate.ush" 6997
"../../../Engine/Plugins/FX/Niagara/Shaders/Private/NiagaraDataInterfaceRenderTargetCubeTemplate.ush" 6998
"../../../Engine/Plugins/FX/Niagara/Shaders/Private/NiagaraDataInterfaceRenderTargetVolumeTemplate.ush" 6999
"../../../Engine/Plugins/FX/Niagara/Shaders/Private/NiagaraDataInterfaceRigidMeshCollisionQuery.ush" 7000
"../../../Engine/Plugins/FX/Niagara/Shaders/Private/NiagaraDataInterfaceSimCacheReaderTemplate.ush" 7001
"../../../Engine/Plugins/FX/Niagara/Shaders/Private/NiagaraDataInterfaceSimpleCounterTemplate.ush" 7002
"../../../Engine/Plugins/FX/Niagara/Shaders/Private/NiagaraDataInterfaceSkeletalMesh.ush" 7003
"../../../Engine/Plugins/FX/Niagara/Shaders/Private/NiagaraBaryCentricUtils.ush" 7004
"../../../Engine/Plugins/FX/Niagara/Shaders/Private/NiagaraDataInterfaceSkeletalMeshTemplate.ush" 7005
"../../../Engine/Plugins/FX/Niagara/Shaders/Private/NiagaraDataInterfaceSplineTemplate.ush" 7006
"../../../Engine/Plugins/FX/Niagara/Shaders/Private/NiagaraDataInterfaceSpriteRendererInfoTemplate.ush" 7007
"../../../Engine/Plugins/FX/Niagara/Shaders/Private/NiagaraDataInterfaceStaticMeshTemplate.ush" 7008
"../../../Engine/Plugins/FX/Niagara/Shaders/Private/NiagaraQuaternionUtils.ush" 7009
"../../../Engine/Plugins/FX/Niagara/Shaders/Private/NiagaraDataInterfaceTextureTemplate.ush" 7010
"../../../Engine/Plugins/FX/Niagara/Shaders/Private/NiagaraDataInterfaceVirtualTexture.ush" 7011
"../../../Engine/Plugins/FX/Niagara/Shaders/Private/NiagaraDataInterfaceVirtualTextureTemplate.ush" 7012
"../../../Engine/Plugins/FX/Niagara/Shaders/Private/NiagaraDataInterfaceVolumeCache.ush" 7013
"../../../Engine/Plugins/FX/Niagara/Shaders/Private/NiagaraDataInterfaceVolumeTextureTemplate.ush" 7014
"C:/Users/Librake/AppData/Local/UnrealEngine/Common/DerivedDataCache/Buckets/LegacyNiagaraScriptDerivedData/dd/fa/5b3c334f57f41076c6a09c245e5da568fd2d.udd" 7015
"C:/Users/Librake/AppData/Local/UnrealEngine/Common/DerivedDataCache/Buckets/LegacyNiagaraScriptDerivedData/b1/f4/224b9ae394026bb890ea0db48b47b789bfc6.udd" 7016
"C:/Users/Librake/AppData/Local/UnrealEngine/Common/DerivedDataCache/Buckets/LegacyNiagaraScriptDerivedData/f6/87/10032e99df1224f1fccaf84a737454af0e7a.udd" 7017
"C:/Users/Librake/AppData/Local/UnrealEngine/Common/DerivedDataCache/Buckets/LegacyNiagaraScriptDerivedData/b9/42/c84ad883dadcb0926449dcab817a84add678.udd" 7018
"C:/Users/Librake/AppData/Local/UnrealEngine/Common/DerivedDataCache/Buckets/LegacyNiagaraScriptDerivedData/11/6f/20eb98576c25cb52604ef091fb63da194483.udd" 7019
"C:/Users/Librake/AppData/Local/UnrealEngine/Common/DerivedDataCache/Buckets/LegacyNiagaraScriptDerivedData/5b/bb/cc57ede2cf4e670a1b15d66c36427ddf8bf7.udd" 7020
"C:/Users/Librake/AppData/Local/UnrealEngine/Common/DerivedDataCache/Buckets/LegacyNiagaraScriptDerivedData/64/23/de442f50a9a72f1a49de1ece8278af686cde.udd" 7021
"C:/Users/Librake/AppData/Local/UnrealEngine/Common/DerivedDataCache/Buckets/LegacyNiagaraScriptDerivedData/da/64/6c90d2f6305eebe72a20530303a57e1c04cf.udd" 7022
"C:/Users/Librake/AppData/Local/UnrealEngine/Common/DerivedDataCache/Buckets/MaterialShaderMap/57/cd/5c2691e5388e180776bcf2d35d80f8e56515.udd" 7023
"C:/Users/Librake/AppData/Local/UnrealEngine/Common/DerivedDataCache/Buckets/MaterialShaderMap/ad/1d/e6e45cc7f57d990d8bdeae26f1ccacc088ad.udd" 7024
"C:/Users/Librake/AppData/Local/UnrealEngine/Common/DerivedDataCache/Buckets/MaterialShaderMap/90/df/c23ef9727e9da3f52755436427ff8febb621.udd" 7025
"C:/Users/Librake/AppData/Local/UnrealEngine/Common/DerivedDataCache/Buckets/MaterialShaderMap/6d/2f/b6a72caf88f6a59f64ca583ced159aed7055.udd" 7026
"C:/Users/Librake/AppData/Local/UnrealEngine/Common/DerivedDataCache/Buckets/MaterialShaderMap/df/b8/9f4b29ae88acb2e09be6c22383232d2f18fd.udd" 7027
"C:/Users/Librake/AppData/Local/UnrealEngine/Common/DerivedDataCache/Buckets/MaterialShaderMap/15/90/793d462f38cc7b78c73562c92184f91b91ba.udd" 7028
"C:/Users/Librake/AppData/Local/UnrealEngine/Common/DerivedDataCache/Buckets/MaterialShaderMap/ba/53/de89a63168c350a981aee0c656a1cb9114f1.udd" 7029
"C:/Users/Librake/AppData/Local/UnrealEngine/Common/DerivedDataCache/Buckets/MaterialShaderMap/f0/01/38f08f259e0ace5de6641b0284ecf85c2daf.udd" 7030
"C:/Users/Librake/AppData/Local/UnrealEngine/Common/DerivedDataCache/Buckets/MaterialShaderMap/2f/88/61115a8bc3b20a8bf1fc9c66ca51805c2219.udd" 7031
"C:/Users/Librake/AppData/Local/UnrealEngine/Common/DerivedDataCache/Buckets/MaterialShaderMap/91/ae/053f47df842095b34c38d3e290c25c120919.udd" 7032
"C:/Users/Librake/AppData/Local/UnrealEngine/Common/DerivedDataCache/Buckets/MaterialShaderMap/74/90/c22dec1cdcde50bcf0c43f3e251872cc6f06.udd" 7033
"C:/Users/Librake/AppData/Local/UnrealEngine/Common/DerivedDataCache/Buckets/MaterialShaderMap/9e/04/f31dc5875646750cd3b7cd93aa400896b926.udd" 7034
"C:/Users/Librake/AppData/Local/UnrealEngine/Common/DerivedDataCache/Buckets/MaterialShaderMap/10/a4/1a10455d75b73e694c75f4ee121302f69bc9.udd" 7035
"C:/Users/Librake/AppData/Local/UnrealEngine/Common/DerivedDataCache/Buckets/MaterialShaderMap/b5/0a/d90398d1ed30f4f81926be8caf4f0979d6ab.udd" 7036
"C:/Users/Librake/AppData/Local/UnrealEngine/Common/DerivedDataCache/Buckets/MaterialShaderMap/e8/cf/8b3f19bccd78a5b3d83fe0fe8b3f112bc6f8.udd" 7037
"C:/Users/Librake/AppData/Local/UnrealEngine/Common/DerivedDataCache/Buckets/MaterialShaderMap/f9/d2/2d8d1b53c5c702648adfa1a015547b9bd3e6.udd" 7038
"C:/Users/Librake/AppData/Local/UnrealEngine/Common/DerivedDataCache/Buckets/MaterialShaderMap/f5/38/de679cfb64dc1a26a999d921f1bc2a937ee3.udd" 7039
"C:/Users/Librake/AppData/Local/UnrealEngine/Common/DerivedDataCache/Buckets/MaterialShaderMap/56/bf/216713ff2b1c9728eab5ace9025d70627e77.udd" 7040
"C:/Users/Librake/AppData/Local/UnrealEngine/Common/DerivedDataCache/Buckets/LegacyMESHDATAKEY/76/e3/1411aab0e8de21feb1f80a1069b9a521494b.udd" 7041
"C:/Users/Librake/AppData/Local/UnrealEngine/Common/DerivedDataCache/Buckets/StaticMesh/fa/67/7edc6507ecd8c2493cbff0a1ec83f1c9b5dc.udd" 7042
"C:/Users/Librake/AppData/Local/UnrealEngine/Common/DerivedDataCache/Buckets/LegacyDIST/f5/13/26f45e90f016a76ca917878689c6456fd0fd.udd" 7043
"C:/Users/Librake/AppData/Local/UnrealEngine/Common/DerivedDataCache/Buckets/LegacyCARD/df/2d/acb8e7aa2f9c8cd082c404a094af77fbec08.udd" 7044
"C:/Users/Librake/AppData/Local/UnrealEngine/Common/DerivedDataCache/Buckets/LegacyNavCollision/08/ea/0982d66a84a3ef05127cd532a57f5642ef4a.udd" 7045
"C:/Users/Librake/AppData/Local/UnrealEngine/Common/DerivedDataCache/Buckets/MaterialShaderMap/c3/ef/2d2861d78fb1cd1ea53fd63d5408647d1589.udd" 7046
"C:/Users/Librake/AppData/Local/UnrealEngine/Common/DerivedDataCache/Buckets/MaterialShaderMap/6b/f1/36147f97e0a97ea59d5e53c8c278d08d67f3.udd" 7047
"C:/Users/Librake/AppData/Local/UnrealEngine/Common/DerivedDataCache/Buckets/MaterialShaderMap/55/79/1d8b4aca83b7ec95a558148d3e5496eb8901.udd" 7048
"C:/Users/Librake/AppData/Local/UnrealEngine/Common/DerivedDataCache/Buckets/MaterialShaderMap/d3/91/7d20a0ef4298383a00619b6dc151f04d5976.udd" 7049
"C:/Users/Librake/AppData/Local/UnrealEngine/Common/DerivedDataCache/Buckets/MaterialShaderMap/38/5e/787e257c55ce853cd4767947d6d23771c550.udd" 7050
"C:/Users/Librake/AppData/Local/UnrealEngine/Common/DerivedDataCache/Buckets/MaterialShaderMap/7f/58/bc0ea805e59bde8be06b3d5e1b2c14dc10c8.udd" 7051
"C:/Users/Librake/AppData/Local/UnrealEngine/Common/DerivedDataCache/Buckets/MaterialShaderMap/d4/57/c4c1d0562d1e53fb293e4dd160ccba799614.udd" 7052
"C:/Users/Librake/AppData/Local/UnrealEngine/Common/DerivedDataCache/Buckets/MaterialShaderMap/29/f5/68980edcb7a948050f202671a5213a06db46.udd" 7053
"C:/Users/Librake/AppData/Local/UnrealEngine/Common/DerivedDataCache/Buckets/MaterialShaderMap/be/45/0aa294d63ef8ccbcda34ae068c9006b794ca.udd" 7054
"C:/Users/Librake/AppData/Local/UnrealEngine/Common/DerivedDataCache/Buckets/MaterialShaderMap/b6/bd/bf20ad4ff62b7e4c2c10503400ad963719c6.udd" 7055
"C:/Users/Librake/AppData/Local/UnrealEngine/Common/DerivedDataCache/Buckets/MaterialShaderMap/ba/dc/f9b25d4afe1c8d91d77e1e2bfd80e5294aca.udd" 7056
"C:/Users/Librake/AppData/Local/UnrealEngine/Common/DerivedDataCache/Content/71/b6/fef507b0d35f3883167eff079bee1d22b40d.udd" 7057
"C:/Users/Librake/AppData/Local/UnrealEngine/Common/DerivedDataCache/Buckets/MaterialShaderMap/d0/66/5d11ff7ba126c1fe750c7a966fd65c321c3d.udd" 7058
"../../../Engine/Content/Functions/Engine_MaterialFunctions01/Gradient/RadialGradientExponential.uasset" 7059
"F:/Unreal Projects/DDay_bp/Content/3D/bush/big_bush/big_bush_leaves_down_mat.uasset" 7060
"F:/Unreal Projects/DDay_bp/Content/Realistic_Starter_VFX_Pack_Vol2/Materials/M_Smoke_A.uasset" 7061
"F:/Unreal Projects/DDay_bp/Content/3D/destroyed_trees/destr_tree1/txtr/destr_tree1_mat.uasset" 7062
"F:/Unreal Projects/DDay_bp/Content/Realistic_Starter_VFX_Pack_Vol2/Materials/M_Smoke_Wisp.uasset" 7063
"F:/Unreal Projects/DDay_bp/Content/Realistic_Starter_VFX_Pack_Vol2/Materials/M_Rock_B.uasset" 7064
"F:/Unreal Projects/DDay_bp/Content/Realistic_Starter_VFX_Pack_Vol2/Materials/M_Glow_C.uasset" 7065
"F:/Unreal Projects/DDay_bp/Content/3D/destroyed_trees/destr_tree2/txtr/destr_tree2_mat.uasset" 7066
"F:/Unreal Projects/DDay_bp/Content/3D/destroyed_trees/destr_tree3/txtr/destr_tree3_mat.uasset" 7067
"F:/Unreal Projects/DDay_bp/Content/Realistic_Starter_VFX_Pack_Vol2/Materials/M_Paper.uasset" 7068
"F:/Unreal Projects/DDay_bp/Content/3D/rock/rock1/rock_mat.uasset" 7069
"F:/Unreal Projects/DDay_bp/Content/3D/rock/rock2/rock2_mat.uasset" 7070
"F:/Unreal Projects/DDay_bp/Content/3D/rock/rock3/mat/rock_3_mat.uasset" 7071
"F:/Unreal Projects/DDay_bp/Content/3D/Trash/Mat/Trash_mat.uasset" 7072
"F:/Unreal Projects/DDay_bp/Content/3D/tree/tree_mat.uasset" 7073
"F:/Unreal Projects/DDay_bp/Content/3D/tree_02/tree_2_mater.uasset" 7074
"F:/Unreal Projects/DDay_bp/Content/3D/tree_with_leaves/Tree1/textr/leaves_down_mat.uasset" 7075
"F:/Unreal Projects/DDay_bp/Content/3D/tree_with_leaves/Tree2/txttre/tree_with_leaves_down_2_mat.uasset" 7076
"F:/Unreal Projects/DDay_bp/Content/3D/truck/truck_Anim.uasset" 7077
"F:/Unreal Projects/DDay_bp/Content/3D/tree_with_leaves/Tree2/txttre/tree_with_leaves_2_trunk_mat.uasset" 7078
"F:/Unreal Projects/DDay_bp/Content/Default/Cursor/M_Cursor.uasset" 7079
"F:/Unreal Projects/DDay_bp/Content/UI/Resurses/resp/Lockable_UI_Mat.uasset" 7080
"F:/Unreal Projects/DDay_bp/Content/Realistic_Starter_VFX_Pack_Vol2/Materials/M_Dirt_B.uasset" 7081
"F:/Unreal Projects/DDay_bp/Content/Realistic_Starter_VFX_Pack_Vol2/Materials/M_Wood.uasset" 7082
"F:/Unreal Projects/DDay_bp/Content/3D/bonfire/textr/bonfire_mat.uasset" 7083
"F:/Unreal Projects/DDay_bp/Content/Effects/Fog_mat.uasset" 7084
"F:/Unreal Projects/DDay_bp/Content/Realistic_Starter_VFX_Pack_Vol2/Materials/M_Explosion_B.uasset" 7085
"C:/Users/Librake/AppData/Local/UnrealEngine/Common/DerivedDataCache/Buckets/MaterialShaderMap/ee/05/d2a63f795bc04f0396acacca802decdc8c38.udd" 7086
"C:/Users/Librake/AppData/Local/UnrealEngine/Common/DerivedDataCache/Content/18/98/be4648418a7701bb26b1b546ba625a30e61c.udd" 7087
"C:/Users/Librake/AppData/Local/UnrealEngine/Common/DerivedDataCache/Buckets/MaterialShaderMap/aa/03/ba1162ad68a1126d0311af84465dd2bc8983.udd" 7088
"C:/Users/Librake/AppData/Local/UnrealEngine/Common/DerivedDataCache/Buckets/MaterialShaderMap/d5/a5/f7fa27cf57e65364b63027171e6b8f4f7ae6.udd" 7089
"C:/Users/Librake/AppData/Local/UnrealEngine/Common/DerivedDataCache/Buckets/MaterialShaderMap/95/27/f313172699385730c34c3667338e192f3eb4.udd" 7090
"C:/Users/Librake/AppData/Local/UnrealEngine/Common/DerivedDataCache/Buckets/MaterialShaderMap/74/18/1ac6a4e72892911bbfe12b39743947296afe.udd" 7091
"C:/Users/Librake/AppData/Local/UnrealEngine/Common/DerivedDataCache/Content/0a/18/3e268f6c32a80f47ba0aaca4d1ca6ff97069.udd" 7092
"C:/Users/Librake/AppData/Local/UnrealEngine/Common/DerivedDataCache/Buckets/MaterialShaderMap/a5/28/61c93b5b60eba9e84b8872b5d8228972d3a8.udd" 7093
"C:/Users/Librake/AppData/Local/UnrealEngine/Common/DerivedDataCache/Buckets/MaterialShaderMap/90/07/09292187115c38e3f52def1bcf81fb28f2b5.udd" 7094
"C:/Users/Librake/AppData/Local/UnrealEngine/Common/DerivedDataCache/Content/20/30/95e586b7dbf07838f4011296fe04828fdca1.udd" 7095
"C:/Users/Librake/AppData/Local/UnrealEngine/Common/DerivedDataCache/Buckets/MaterialShaderMap/fc/09/caa864d87ad7cb5a6a65e8859aa2bd178ad9.udd" 7096
"C:/Users/Librake/AppData/Local/UnrealEngine/Common/DerivedDataCache/Buckets/MaterialShaderMap/16/bf/e438881f164c81928e78c55d26a448634fbb.udd" 7097
"C:/Users/Librake/AppData/Local/UnrealEngine/Common/DerivedDataCache/Content/66/24/a82cf7dd6364d7820c25b799ff47ee6c016e.udd" 7098
"C:/Users/Librake/AppData/Local/UnrealEngine/Common/DerivedDataCache/Buckets/MaterialShaderMap/31/1b/cbc4350f11d0f5693a00427c31bf646a552d.udd" 7099
"C:/Users/Librake/AppData/Local/UnrealEngine/Common/DerivedDataCache/Buckets/MaterialShaderMap/09/d2/6f741829652eef09c630d014a7a6b8ecf80f.udd" 7100
"C:/Users/Librake/AppData/Local/UnrealEngine/Common/DerivedDataCache/Content/c9/9b/0c429630d6e9ff8c052e419c7f5dd3db7520.udd" 7101
"C:/Users/Librake/AppData/Local/UnrealEngine/Common/DerivedDataCache/Buckets/MaterialShaderMap/9d/a8/92773e45c9e1f9532e93c7de3a737f696fab.udd" 7102
"C:/Users/Librake/AppData/Local/UnrealEngine/Common/DerivedDataCache/Buckets/MaterialShaderMap/9f/59/725fa118effe8d723754429df56a1ff620d3.udd" 7103
"C:/Users/Librake/AppData/Local/UnrealEngine/Common/DerivedDataCache/Buckets/MaterialShaderMap/92/0b/c8c9e10632863ad9782b406d2bb8575ab4f8.udd" 7104
"C:/Users/Librake/AppData/Local/UnrealEngine/Common/DerivedDataCache/Buckets/MaterialShaderMap/4a/1e/2ff5a06aee322a403a347764b35f54de60d2.udd" 7105
"C:/Users/Librake/AppData/Local/UnrealEngine/Common/DerivedDataCache/Buckets/MaterialShaderMap/c3/b4/8f0f29baea6dc8294d7d14807d9c36edbcf8.udd" 7106
"C:/Users/Librake/AppData/Local/UnrealEngine/Common/DerivedDataCache/Buckets/MaterialShaderMap/5d/e9/b39dd230eea3706ae8d2ce11b29798d8dc9c.udd" 7107
"C:/Users/Librake/AppData/Local/UnrealEngine/Common/DerivedDataCache/Buckets/MaterialShaderMap/99/1a/738a97165656f7ee321b730fdacaf6f0ad5b.udd" 7108
"C:/Users/Librake/AppData/Local/UnrealEngine/Common/DerivedDataCache/Buckets/MaterialShaderMap/f9/20/9e0848a76eeee01e926453fc16d758f03c0d.udd" 7109
"C:/Users/Librake/AppData/Local/UnrealEngine/Common/DerivedDataCache/Buckets/MaterialShaderMap/96/de/9488adad650c36ac754d8b9872394c28f110.udd" 7110
"C:/Users/Librake/AppData/Local/UnrealEngine/Common/DerivedDataCache/Buckets/MaterialShaderMap/c3/07/8bd21b2f0035d23241e4a25e45c0f71d6175.udd" 7111
"C:/Users/Librake/AppData/Local/UnrealEngine/Common/DerivedDataCache/Buckets/MaterialShaderMap/1b/e4/0544c4c410c2c1f3e065f51bf15dfb23c46b.udd" 7112
"C:/Users/Librake/AppData/Local/UnrealEngine/Common/DerivedDataCache/Buckets/MaterialShaderMap/1d/97/1d86090c559ef25b6ff83424e750844333e1.udd" 7113
"C:/Users/Librake/AppData/Local/UnrealEngine/Common/DerivedDataCache/Buckets/MaterialShaderMap/a8/7f/e4f14fe4a3f73a81ddde50ccb960d128d3ef.udd" 7114
"C:/Users/Librake/AppData/Local/UnrealEngine/Common/DerivedDataCache/Buckets/MaterialShaderMap/c5/96/7daf7ec241c9e4b37e1e98e60d8550eaa8ff.udd" 7115
"C:/Users/Librake/AppData/Local/UnrealEngine/Common/DerivedDataCache/Buckets/MaterialShaderMap/1f/af/becd8445abff338a3ca4d520e48b95e2d139.udd" 7116
"C:/Users/Librake/AppData/Local/UnrealEngine/Common/DerivedDataCache/Buckets/MaterialShaderMap/17/12/5e215037c65a469ed46798490e5a7ba1d510.udd" 7117
"C:/Users/Librake/AppData/Local/UnrealEngine/Common/DerivedDataCache/Buckets/MaterialShaderMap/51/da/23fbaf4163b8e7a96f60c6755f279fbb1f67.udd" 7118
"C:/Users/Librake/AppData/Local/UnrealEngine/Common/DerivedDataCache/Buckets/MaterialShaderMap/f4/c0/d4b123e091343184150a8394fc817966a770.udd" 7119
"C:/Users/Librake/AppData/Local/UnrealEngine/Common/DerivedDataCache/Buckets/MaterialShaderMap/8d/c5/b358f8932e3c001a55f95570847a20e9ece3.udd" 7120
"C:/Users/Librake/AppData/Local/UnrealEngine/Common/DerivedDataCache/Buckets/MaterialShaderMap/9b/98/f442580179f11cd53f45a06a70f378bbf4b8.udd" 7121
"C:/Users/Librake/AppData/Local/UnrealEngine/Common/DerivedDataCache/Content/b0/a1/4a22ad6de23ec877d3b3d911ecc526ea62fc.udd" 7122
"C:/Users/Librake/AppData/Local/UnrealEngine/Common/DerivedDataCache/Buckets/MaterialShaderMap/9b/c3/c83ac1062e0eabf9c6670c005c5e8fc5a6c8.udd" 7123
"C:/Users/Librake/AppData/Local/UnrealEngine/Common/DerivedDataCache/Buckets/MaterialShaderMap/29/e5/4ea2b552e54f27b2164d1c6204df0b29bfa9.udd" 7124
"C:/Users/Librake/AppData/Local/UnrealEngine/Common/DerivedDataCache/Content/8d/6b/7875452ab9a6f142063d59bdfff908063838.udd" 7125
"C:/Users/Librake/AppData/Local/UnrealEngine/Common/DerivedDataCache/Buckets/MaterialShaderMap/3a/2b/cbc965fc4ca132b0d81189ca90aab5f0e775.udd" 7126
"C:/Users/Librake/AppData/Local/UnrealEngine/Common/DerivedDataCache/Buckets/MaterialShaderMap/4e/df/3cdf3bcb65322356625c1741c53d2e27fc58.udd" 7127
"C:/Users/Librake/AppData/Local/UnrealEngine/Common/DerivedDataCache/Buckets/MaterialShaderMap/48/69/700a9ed5a255020918132deadbde36f6a8e2.udd" 7128
"F:/Unreal Projects/DDay_bp/Content/3D/truck/mat/truck_mat.uasset" 7129
"F:/Unreal Projects/DDay_bp/Content/Sounds/Music_Cue/win_sound_Cue.uasset" 7130
"F:/Unreal Projects/DDay_bp/Content/Sounds/Speaking/Study_Level/Study_level_dialog_2.uasset" 7131
"F:/Unreal Projects/DDay_bp/Content/Sounds/Speaking/Study_Level/Study_level_dialog_4.uasset" 7132
"F:/Unreal Projects/DDay_bp/Content/Sounds/Speaking/Study_Level/Study_level_dialog_6.uasset" 7133
"F:/Unreal Projects/DDay_bp/Content/Sounds/Speaking/Study_Level/Study_level_dialog_3.uasset" 7134
"F:/Unreal Projects/DDay_bp/Content/Sounds/Speaking/Study_Level/Study_level_dialog_1.uasset" 7135
"F:/Unreal Projects/DDay_bp/Content/Sounds/Speaking/Study_Level/Study_level_dialog_5.uasset" 7136
"F:/Unreal Projects/DDay_bp/Content/Sounds/Speaking/Study_Level/Study_level_dialog_7.uasset" 7137
"F:/Unreal Projects/DDay_bp/Content/Sounds/Speaking/Study_Level/Study_level_dialog_8.uasset" 7138
"F:/Unreal Projects/DDay_bp/Content/Sounds/Speaking/Study_Level/Study_level_dialog_loose.uasset" 7139
"F:/Unreal Projects/DDay_bp/Content/Sounds/Speaking/Study_Level/Study_level_dialog_win.uasset" 7140
"F:/Unreal Projects/DDay_bp/Content/Sounds/Speaking/Study_Level/Study_level_new_dialog_3.uasset" 7141
"F:/Unreal Projects/DDay_bp/Content/Sounds/Speaking/Study_Level/Study_level_new_dialog_4.uasset" 7142
"F:/Unreal Projects/DDay_bp/Content/Sounds/Speaking/Study_Level/Study_level_nrew_dialog_1.uasset" 7143
"F:/Unreal Projects/DDay_bp/Content/Sounds/Speaking/Study_Level/Study_level_nrew_dialog_2.uasset" 7144
"../../../Engine/Content/EditorResources/FieldNodes/_Resources/M_FieldRadiusPreview.uasset" 7145
"F:/Unreal Projects/DDay_bp/Content/3D/bush/big_bush/big_bush_leaves_mat.uasset" 7146
"F:/Unreal Projects/DDay_bp/Content/3D/bush/big_bush/big_bush_trunk.uasset" 7147
"F:/Unreal Projects/DDay_bp/Content/3D/bush/Bush_defoult/textr/Bush_mater.uasset" 7148
"F:/Unreal Projects/DDay_bp/Content/3D/bush/Long_bush/mat_long_bush.uasset" 7149
"F:/Unreal Projects/DDay_bp/Content/3D/tree_with_leaves/Tree1/textr/tree_with_leaves_mat.uasset" 7150
"F:/Unreal Projects/DDay_bp/Content/3D/tree_with_leaves/Tree1/textr/leaves_1_mat.uasset" 7151
"F:/Unreal Projects/DDay_bp/Content/3D/tree_with_leaves/Tree2/txttre/tree_with_leaves_2_mat.uasset" 7152
"F:/Unreal Projects/DDay_bp/Content/Sounds/Music_Cue/Level_02_fon_Cue.uasset" 7153
"C:/Users/Librake/AppData/Local/UnrealEngine/Common/DerivedDataCache/Buckets/BulkDataList/32/7c/b0812ee7f9c3c04ac2c9b7117c57c2fa0686.udd" 7154
"C:/Users/Librake/AppData/Local/UnrealEngine/Common/DerivedDataCache/Buckets/BulkDataList/dd/df/c6b043dd0b024e769cd688d48ee7abfea775.udd" 7155
"C:/Users/Librake/AppData/Local/UnrealEngine/Common/DerivedDataCache/Buckets/BulkDataList/f9/4f/45707454a97d2f6ebf21389ba3f0c274eb96.udd" 7156
"C:/Users/Librake/AppData/Local/UnrealEngine/Common/DerivedDataCache/Buckets/BulkDataList/20/b8/fa26d1e144dc395b521c75b77b817a10df54.udd" 7157
"C:/Users/Librake/AppData/Local/UnrealEngine/Common/DerivedDataCache/Buckets/BulkDataList/6a/1f/4751d397d847f851f879f8e8216c7da43318.udd" 7158
"C:/Users/Librake/AppData/Local/UnrealEngine/Common/DerivedDataCache/Buckets/AnimationSequence/48/36/ecd263ad521a7eaec9abba0952355a308d7e.udd" 7159
"C:/Users/Librake/AppData/Local/UnrealEngine/Common/DerivedDataCache/Buckets/MaterialShaderMap/62/3b/60e1b3fa06112b28495c1be045a647ceef1c.udd" 7160
"C:/Users/Librake/AppData/Local/UnrealEngine/Common/DerivedDataCache/Buckets/MaterialShaderMap/82/52/26f07460c92c20bd4ac65695907b1211eddd.udd" 7161
"C:/Users/Librake/AppData/Local/UnrealEngine/Common/DerivedDataCache/Buckets/MaterialShaderMap/b5/db/ba4f86b690e269e2ffae571cac0302a5dccc.udd" 7162
"C:/Users/Librake/AppData/Local/UnrealEngine/Common/DerivedDataCache/Buckets/MaterialShaderMap/4a/42/0f9e5739ec2d9e94261d354898b20b618788.udd" 7163
"C:/Users/Librake/AppData/Local/UnrealEngine/Common/DerivedDataCache/Buckets/MaterialShaderMap/6e/01/f9a0dfcfd6b0399306f93bc90690c3542d5c.udd" 7164
"C:/Users/Librake/AppData/Local/UnrealEngine/Common/DerivedDataCache/Buckets/MaterialShaderMap/93/c0/975d9378df207231c3e5c2940268e4d46a00.udd" 7165
"C:/Users/Librake/AppData/Local/UnrealEngine/Common/DerivedDataCache/Content/0a/bc/379a49a2c3597040567175b4924b33caf7a7.udd" 7166
"C:/Users/Librake/AppData/Local/UnrealEngine/Common/DerivedDataCache/Buckets/MaterialShaderMap/eb/6a/4a53a9b4df018acc3af02db138598324bd18.udd" 7167
"C:/Users/Librake/AppData/Local/UnrealEngine/Common/DerivedDataCache/Content/93/e8/fd00730e3801ddb1f9312db8d36a75b51f0f.udd" 7168
"C:/Users/Librake/AppData/Local/UnrealEngine/Common/DerivedDataCache/Buckets/MaterialShaderMap/41/83/54826831abd2427384369945083419403e99.udd" 7169
"C:/Users/Librake/AppData/Local/UnrealEngine/Common/DerivedDataCache/Buckets/MaterialShaderMap/2e/d4/db9591f33025fba9a8c70fb8c2d32a0de4d0.udd" 7170
"C:/Users/Librake/AppData/Local/UnrealEngine/Common/DerivedDataCache/Buckets/MaterialShaderMap/02/75/6421a149c6cb236e5aa4ab7ce67f94dcbbdf.udd" 7171
"C:/Users/Librake/AppData/Local/UnrealEngine/Common/DerivedDataCache/Buckets/MaterialShaderMap/27/14/cb268ce5f0115a8c18373bee7cce0a066ae1.udd" 7172
"C:/Users/Librake/AppData/Local/UnrealEngine/Common/DerivedDataCache/Content/f5/a6/d9bdf725f7c31f79c6904cf733a6b9783e08.udd" 7173
"C:/Users/Librake/AppData/Local/UnrealEngine/Common/DerivedDataCache/Buckets/MaterialShaderMap/c6/d2/0a2c627e912d2cd3797463e0afa56457b166.udd" 7174
"C:/Users/Librake/AppData/Local/UnrealEngine/Common/DerivedDataCache/Buckets/LegacyAudio/28/b3/870028969ae426c6ffaa3c2a655316090dc3.udd" 7175
"C:/Users/Librake/AppData/Local/UnrealEngine/Common/DerivedDataCache/Buckets/LegacySTREAMEDAUDIO/d7/eb/2c3314a28f8d84f8647e3be4c7167c0da1b7.udd" 7176
"C:/Users/Librake/AppData/Local/UnrealEngine/Common/DerivedDataCache/Buckets/MaterialShaderMap/af/a8/9f5ce695791b28b7355cfb2ed7d621dc5f0b.udd" 7177
"C:/Users/Librake/AppData/Local/UnrealEngine/Common/DerivedDataCache/Buckets/LegacySTREAMEDAUDIO/f5/3b/8fefd70c678e7f105e631169269d67f3dbf1.udd" 7178
"C:/Users/Librake/AppData/Local/UnrealEngine/Common/DerivedDataCache/Buckets/MaterialShaderMap/30/8b/dfba6b8b9bdddc32019ca35194f9e135bebf.udd" 7179
"C:/Users/Librake/AppData/Local/UnrealEngine/Common/DerivedDataCache/Buckets/LegacySTREAMEDAUDIO/4a/f5/2d48788964e9188239ca0eb2f14c077f55a4.udd" 7180
"C:/Users/Librake/AppData/Local/UnrealEngine/Common/DerivedDataCache/Buckets/LegacyAudio/fe/b7/8177f850dea2e53e207f06b86c8d37937120.udd" 7181
"C:/Users/Librake/AppData/Local/UnrealEngine/Common/DerivedDataCache/Buckets/LegacyAudio/2e/52/bc8a3f7c4db93abfa2f016cc97e061777229.udd" 7182
"C:/Users/Librake/AppData/Local/UnrealEngine/Common/DerivedDataCache/Buckets/LegacySTREAMEDAUDIO/b2/20/7819631a4d3f170c30119cb62e7910cd80be.udd" 7183
"C:/Users/Librake/AppData/Local/UnrealEngine/Common/DerivedDataCache/Buckets/LegacyAudio/9e/10/9fb636ded53d557db4e99794a3b0d061390d.udd" 7184
"C:/Users/Librake/AppData/Local/UnrealEngine/Common/DerivedDataCache/Buckets/LegacyAudio/9e/5f/bea582d6ce55dd7b43ae41c7a1b37c296850.udd" 7185
"C:/Users/Librake/AppData/Local/UnrealEngine/Common/DerivedDataCache/Buckets/LegacySTREAMEDAUDIO/03/64/26209bcb18bc2db74da2ffaa1a135343085e.udd" 7186
"C:/Users/Librake/AppData/Local/UnrealEngine/Common/DerivedDataCache/Buckets/LegacySTREAMEDAUDIO/1d/cd/1a20ac24436d2484fa123dd382fa77106ec6.udd" 7187
"C:/Users/Librake/AppData/Local/UnrealEngine/Common/DerivedDataCache/Buckets/BulkDataList/73/90/10e0724a54df8d2983f73214fda3920feaff.udd" 7188
"C:/Users/Librake/AppData/Local/UnrealEngine/Common/DerivedDataCache/Buckets/LegacySTREAMEDAUDIO/23/0a/7e1c536b7d21e7b7ab6c744193460a1b4ee9.udd" 7189
"C:/Users/Librake/AppData/Local/UnrealEngine/Common/DerivedDataCache/Buckets/LegacySTREAMEDAUDIO/a1/91/d980e66803a045f1c96fab3a33baa0be4bbb.udd" 7190
"C:/Users/Librake/AppData/Local/UnrealEngine/Common/DerivedDataCache/Buckets/LegacySTREAMEDAUDIO/f9/75/80410b534ed2a1c791aa5afe01fb6458a36d.udd" 7191
"C:/Users/Librake/AppData/Local/UnrealEngine/Common/DerivedDataCache/Buckets/BulkDataList/ad/5b/1391da2715af89ed2dfcb6992d4fdf934561.udd" 7192
"C:/Users/Librake/AppData/Local/UnrealEngine/Common/DerivedDataCache/Buckets/LegacySTREAMEDAUDIO/3a/5a/82f6f8d7f10b14936fc09e35cb312376f22c.udd" 7193
"C:/Users/Librake/AppData/Local/UnrealEngine/Common/DerivedDataCache/Buckets/BulkDataList/0e/47/0a682e71f091523487783935753bad7d38c3.udd" 7194
"C:/Users/Librake/AppData/Local/UnrealEngine/Common/DerivedDataCache/Buckets/LegacySTREAMEDAUDIO/e0/e5/75cd1a0d6ad1bf234c71f503aedf8b0718a2.udd" 7195
"C:/Users/Librake/AppData/Local/UnrealEngine/Common/DerivedDataCache/Buckets/LegacySTREAMEDAUDIO/a0/05/673c23d3e0686a47442019c0a7fb39544e44.udd" 7196
"C:/Users/Librake/AppData/Local/UnrealEngine/Common/DerivedDataCache/Buckets/LegacySTREAMEDAUDIO/d4/8b/eb43d071510e664c5f0aa5fbced782056d0d.udd" 7197
"C:/Users/Librake/AppData/Local/UnrealEngine/Common/DerivedDataCache/Buckets/BulkDataList/ec/68/1e6a0fd0c8b5b5dcdf0fdcffaa7fade14562.udd" 7198
"C:/Users/Librake/AppData/Local/UnrealEngine/Common/DerivedDataCache/Buckets/LegacySTREAMEDAUDIO/05/02/92bd7f0286543f1d3dce1f53093a4e77bf04.udd" 7199
"C:/Users/Librake/AppData/Local/UnrealEngine/Common/DerivedDataCache/Buckets/LegacySTREAMEDAUDIO/88/f0/4f7ce69d89546b68a9303b0fc3c3c0bf611d.udd" 7200
"C:/Users/Librake/AppData/Local/UnrealEngine/Common/DerivedDataCache/Buckets/BulkDataList/e7/11/600455608cf45c17a8a7c67ed9c0426a702e.udd" 7201
"C:/Users/Librake/AppData/Local/UnrealEngine/Common/DerivedDataCache/Buckets/BulkDataList/ed/b5/2e26bfd678a9f95a92bcc5724f9929ae34a2.udd" 7202
"C:/Users/Librake/AppData/Local/UnrealEngine/Common/DerivedDataCache/Buckets/BulkDataList/5d/8a/5c58ba4c8d01bc366bc3f4c637a0e4eb80be.udd" 7203
"C:/Users/Librake/AppData/Local/UnrealEngine/Common/DerivedDataCache/Buckets/BulkDataList/d0/d8/80bded14db11b7cd470734f081bb4327ef89.udd" 7204
"C:/Users/Librake/AppData/Local/UnrealEngine/Common/DerivedDataCache/Buckets/BulkDataList/c1/e4/c2810d958d34486a231a7629535d748e9503.udd" 7205
"C:/Users/Librake/AppData/Local/UnrealEngine/Common/DerivedDataCache/Buckets/LegacyAudio/de/b6/445226b56ab06c0858e22e4a4ec95f00daad.udd" 7206
"C:/Users/Librake/AppData/Local/UnrealEngine/Common/DerivedDataCache/Buckets/LegacySTREAMEDAUDIO/bf/1f/061d5ee5e0442dbd5862eb3dc4fc099f8e53.udd" 7207
"C:/Users/Librake/AppData/Local/UnrealEngine/Common/DerivedDataCache/Buckets/LegacyAudio/52/5c/6f484e8da0a0a4c6c6fa8e4bfab76b28ff34.udd" 7208
"C:/Users/Librake/AppData/Local/UnrealEngine/Common/DerivedDataCache/Buckets/LegacyAudio/85/30/710fc8bde8cb2e8e0e954b4e895d0f668cd3.udd" 7209
"C:/Users/Librake/AppData/Local/UnrealEngine/Common/DerivedDataCache/Buckets/LegacyAudio/a9/be/e2178fdb3de315728382bbe0e89a33653675.udd" 7210
"C:/Users/Librake/AppData/Local/UnrealEngine/Common/DerivedDataCache/Buckets/LegacyAudio/c1/4c/c0e0f302f2b60cfda71d2efd1b932373267e.udd" 7211
"C:/Users/Librake/AppData/Local/UnrealEngine/Common/DerivedDataCache/Buckets/LegacyAudio/e8/87/9b70bff30232c1dd0b4a66f4c0560b17fa82.udd" 7212
"C:/Users/Librake/AppData/Local/UnrealEngine/Common/DerivedDataCache/Buckets/LegacyAudio/e7/ee/797487ceac4a984a98d38ac6a9d129af313e.udd" 7213
"C:/Users/Librake/AppData/Local/UnrealEngine/Common/DerivedDataCache/Buckets/LegacySTREAMEDAUDIO/72/6b/5045237622f03aea041eddb1e52eef02c616.udd" 7214
"C:/Users/Librake/AppData/Local/UnrealEngine/Common/DerivedDataCache/Buckets/LegacyAudio/8f/66/f300fdb70dc558d67c2161b57d39cefdf84a.udd" 7215
"C:/Users/Librake/AppData/Local/UnrealEngine/Common/DerivedDataCache/Buckets/LegacySTREAMEDAUDIO/4d/63/7e7a371b686355dc59aad12b32e1b0d4acd3.udd" 7216
"C:/Users/Librake/AppData/Local/UnrealEngine/Common/DerivedDataCache/Buckets/LegacyAudio/ae/55/50619c26e7b1eedaacb9170149e0b34b8402.udd" 7217
"C:/Users/Librake/AppData/Local/UnrealEngine/Common/DerivedDataCache/Buckets/MaterialShaderMap/22/c8/00f665a281a59d289336221e16295e9d5500.udd" 7218
"C:/Users/Librake/AppData/Local/UnrealEngine/Common/DerivedDataCache/Buckets/LegacySTREAMEDAUDIO/79/b4/443599a8ef0f8008962e63b2b453a77b6e40.udd" 7219
"C:/Users/Librake/AppData/Local/UnrealEngine/Common/DerivedDataCache/Buckets/LegacySTREAMEDAUDIO/fe/95/a510a453e84b1dd3c819418478ec6e5e9115.udd" 7220
"C:/Users/Librake/AppData/Local/UnrealEngine/Common/DerivedDataCache/Buckets/LegacySTREAMEDAUDIO/87/95/d50a70b84c4008e6b2940c8644edf45b2016.udd" 7221
"C:/Users/Librake/AppData/Local/UnrealEngine/Common/DerivedDataCache/Buckets/MaterialShaderMap/ed/a4/0a3f9bbcd57dd1727ca9a49d20119268bf86.udd" 7222
"C:/Users/Librake/AppData/Local/UnrealEngine/Common/DerivedDataCache/Buckets/LegacySTREAMEDAUDIO/ee/0c/10f7d086e2577506f747cb3a463a635ace6e.udd" 7223
"C:/Users/Librake/AppData/Local/UnrealEngine/Common/DerivedDataCache/Buckets/LegacySTREAMEDAUDIO/8f/31/1efcdd21efea0d8a37df86019752457dff38.udd" 7224
"C:/Users/Librake/AppData/Local/UnrealEngine/Common/DerivedDataCache/Buckets/LegacySTREAMEDAUDIO/2d/f0/d6fa1b4d1d20d05699e69e81bc5a34204547.udd" 7225
"C:/Users/Librake/AppData/Local/UnrealEngine/Common/DerivedDataCache/Buckets/MaterialShaderMap/90/09/980c5b1e4921bb9ee36a1b9a397a17a1ff18.udd" 7226
"C:/Users/Librake/AppData/Local/UnrealEngine/Common/DerivedDataCache/Buckets/MaterialShaderMap/44/7b/7bfdfd8f0eef3c2fc9279ca942f1259a98f3.udd" 7227
"C:/Users/Librake/AppData/Local/UnrealEngine/Common/DerivedDataCache/Buckets/LegacySTREAMEDAUDIO/b3/e2/3e2075a09a816aa2b7caa4c725f77b462cb0.udd" 7228
"C:/Users/Librake/AppData/Local/UnrealEngine/Common/DerivedDataCache/Content/b5/dd/c4d075715c29fa165d48978a74fe53360225.udd" 7229
"C:/Users/Librake/AppData/Local/UnrealEngine/Common/DerivedDataCache/Buckets/LegacySTREAMEDAUDIO/5c/2f/b8a3f5f224c1113c4c79c1661758b3e19c39.udd" 7230
"C:/Users/Librake/AppData/Local/UnrealEngine/Common/DerivedDataCache/Buckets/LegacySTREAMEDAUDIO/c2/ae/10aa45d027ac34ec51fc79475e210a748576.udd" 7231
"C:/Users/Librake/AppData/Local/UnrealEngine/Common/DerivedDataCache/Buckets/LegacySTREAMEDAUDIO/51/e4/04bc48556750cb08017ba1d3d01666143084.udd" 7232
"C:/Users/Librake/AppData/Local/UnrealEngine/Common/DerivedDataCache/Buckets/LegacySTREAMEDAUDIO/f0/9f/509c0b4589118b4c4c4bef48f88c1ce28cbf.udd" 7233
"C:/Users/Librake/AppData/Local/UnrealEngine/Common/DerivedDataCache/Buckets/LegacySTREAMEDAUDIO/20/13/218ae6bb9db389b3149f77c68786c1d47604.udd" 7234
"C:/Users/Librake/AppData/Local/UnrealEngine/Common/DerivedDataCache/Buckets/LegacySTREAMEDAUDIO/f0/d5/a35f1068d9a16f30af18dfd00dbfeb85e73c.udd" 7235
"C:/Users/Librake/AppData/Local/UnrealEngine/Common/DerivedDataCache/Buckets/LegacySTREAMEDAUDIO/2e/50/e0c1ad531df07bd445c445c4048f7138b4ea.udd" 7236
"C:/Users/Librake/AppData/Local/UnrealEngine/Common/DerivedDataCache/Buckets/LegacySTREAMEDAUDIO/19/4b/94cc6b4d0c552b9ef1b44801e64d49a40e47.udd" 7237
"C:/Users/Librake/AppData/Local/UnrealEngine/Common/DerivedDataCache/Buckets/LegacySTREAMEDAUDIO/e9/24/d4eac95a151675891c590c17eea65cf89d16.udd" 7238
"C:/Users/Librake/AppData/Local/UnrealEngine/Common/DerivedDataCache/Buckets/LegacySTREAMEDAUDIO/7a/b3/8f601f97d83a28ede5e111c28d3616922b2f.udd" 7239
"C:/Users/Librake/AppData/Local/UnrealEngine/Common/DerivedDataCache/Buckets/LegacySTREAMEDAUDIO/06/4d/3f4e9c592a257a68cf905ddc34c3ad433b2a.udd" 7240
"C:/Users/Librake/AppData/Local/UnrealEngine/Common/DerivedDataCache/Buckets/LegacySTREAMEDAUDIO/34/c4/a8452bc49fae5470c0516bc44517f52a1181.udd" 7241
"C:/Users/Librake/AppData/Local/UnrealEngine/Common/DerivedDataCache/Buckets/LegacySTREAMEDAUDIO/65/d0/7cf7c65efe26084421a095e837feb2350b5c.udd" 7242
"C:/Users/Librake/AppData/Local/UnrealEngine/Common/DerivedDataCache/Buckets/LegacySTREAMEDAUDIO/69/19/5489c520671d91b6f886edd1e286236b22ac.udd" 7243
"C:/Users/Librake/AppData/Local/UnrealEngine/Common/DerivedDataCache/Buckets/LegacySTREAMEDAUDIO/74/23/545b2794c12b39774cfc8939cb80acd24e7e.udd" 7244
"C:/Users/Librake/AppData/Local/UnrealEngine/Common/DerivedDataCache/Buckets/LegacySTREAMEDAUDIO/e6/fd/0ae9bbaa0a523468a544673fb00b0f8d1c4b.udd" 7245
"C:/Users/Librake/AppData/Local/UnrealEngine/Common/DerivedDataCache/Buckets/LegacySTREAMEDAUDIO/ef/98/c2ebf3faa155cab4d21a7f22cf344811d560.udd" 7246
"C:/Users/Librake/AppData/Local/UnrealEngine/Common/DerivedDataCache/Buckets/MaterialShaderMap/71/de/80198445082e891781d22008a0272c74ece6.udd" 7247
"C:/Users/Librake/AppData/Local/UnrealEngine/Common/DerivedDataCache/Content/55/5e/88f36d9cb30c4296cb47d5a414fe3ea53e25.udd" 7248
"C:/Users/Librake/AppData/Local/UnrealEngine/Common/DerivedDataCache/Buckets/MaterialShaderMap/af/99/140ededa008cece322d3243fad730cd304e7.udd" 7249
"C:/Users/Librake/AppData/Local/UnrealEngine/Common/DerivedDataCache/Buckets/MaterialShaderMap/2e/ff/695230af586900e49003855627bb3733bbec.udd" 7250
"C:/Users/Librake/AppData/Local/UnrealEngine/Common/DerivedDataCache/Content/eb/26/ba4913d6a6197b5f2190a09390002332c554.udd" 7251
"C:/Users/Librake/AppData/Local/UnrealEngine/Common/DerivedDataCache/Buckets/MaterialShaderMap/98/af/dd5e012c532cf101dcac0d0d6df292398132.udd" 7252
"C:/Users/Librake/AppData/Local/UnrealEngine/Common/DerivedDataCache/Buckets/MaterialShaderMap/2b/eb/d9872a534805f3288cf71ccdfa9f1e98e7b8.udd" 7253
"C:/Users/Librake/AppData/Local/UnrealEngine/Common/DerivedDataCache/Content/0a/2f/050b19dc5a74cf9de144edc9436e1e7d0b1b.udd" 7254
"C:/Users/Librake/AppData/Local/UnrealEngine/Common/DerivedDataCache/Buckets/MaterialShaderMap/b7/69/fb2e3d65290b83b12888c9ec2c358224f66a.udd" 7255
"../../../Engine/Plugins/Animation/ControlRig/Content/Controls/ControlRig_Wedge_solid.uasset" 7256
"../../../Engine/Plugins/Animation/ControlRig/Content/Controls/ControlRig_Triangle_3mm.uasset" 7257
"../../../Engine/Plugins/Animation/ControlRig/Content/Controls/ControlRig_Wedge_1mm.uasset" 7258
"../../../Engine/Plugins/Animation/ControlRig/Content/Controls/ControlRig_Triangle_1mm.uasset" 7259
"../../../Engine/Plugins/Animation/ControlRig/Content/Controls/ControlRig_Star4_solid.uasset" 7260
"../../../Engine/Plugins/Animation/ControlRig/Content/Controls/ControlRig_Star4_3mm.uasset" 7261
"../../../Engine/Plugins/Animation/ControlRig/Content/Controls/ControlRig_Star4_1mm.uasset" 7262
"../../../Engine/Plugins/Animation/ControlRig/Content/Controls/ControlRig_Square_solid.uasset" 7263
"../../../Engine/Plugins/Animation/ControlRig/Content/Controls/ControlRig_Square_3mm.uasset" 7264
"../../../Engine/Plugins/Animation/ControlRig/Content/Controls/ControlRig_Square_1mm.uasset" 7265
"../../../Engine/Plugins/Animation/ControlRig/Content/Controls/ControlRig_Sphere_3mm.uasset" 7266
"../../../Engine/Plugins/Animation/ControlRig/Content/Controls/ControlRig_Triangle_solid.uasset" 7267
"../../../Engine/Plugins/Animation/ControlRig/Content/Controls/ControlRig_RoundedTriangle_3mm.uasset" 7268
"../../../Engine/Plugins/Animation/ControlRig/Content/Controls/ControlRig_RoundedTriangle_solid.uasset" 7269
"../../../Engine/Content/Maps/Entry.umap" 7270
"../../../Engine/Plugins/Animation/ControlRig/Content/Controls/ControlRig_RoundedTriangle_1mm.uasset" 7271
"../../../Engine/Plugins/Animation/ControlRig/Content/Controls/ControlRig_Sphere_1mm.uasset" 7272
"../../../Engine/Plugins/Animation/ControlRig/Content/Controls/ControlRig_Wedge_3mm.uasset" 7273
"C:/Users/Librake/AppData/Local/UnrealEngine/Common/DerivedDataCache/Buckets/MaterialShaderMap/f8/01/b7ee805d2753341da1f745f68857a69a0623.udd" 7274
"C:/Users/Librake/AppData/Local/UnrealEngine/Common/DerivedDataCache/Content/28/03/030ac54207902d115c7e66af43c9b7d91f80.udd" 7275
"C:/Users/Librake/AppData/Local/UnrealEngine/Common/DerivedDataCache/Buckets/MaterialShaderMap/d7/de/cbcd0925d026eb84691ff58b8609c29ce0eb.udd" 7276
"C:/Users/Librake/AppData/Local/UnrealEngine/Common/DerivedDataCache/Buckets/MaterialShaderMap/08/02/6983d244b98ec53fe0c6df33022f60ed2161.udd" 7277
"C:/Users/Librake/AppData/Local/UnrealEngine/Common/DerivedDataCache/Content/bc/b7/22de6a80a51651b1a9c0cb80ea1c508645a8.udd" 7278
"C:/Users/Librake/AppData/Local/UnrealEngine/Common/DerivedDataCache/Buckets/MaterialShaderMap/de/34/d76f41804466c6a1567fecb7519136ca8880.udd" 7279
"C:/Users/Librake/AppData/Local/UnrealEngine/Common/DerivedDataCache/Buckets/MaterialShaderMap/dd/eb/18f74a96e1570ed7b723e44c46a5baa5e61b.udd" 7280
"C:/Users/Librake/AppData/Local/UnrealEngine/Common/DerivedDataCache/Content/bf/86/ebf1635488506d9226a0524feb92c749ca82.udd" 7281
"C:/Users/Librake/AppData/Local/UnrealEngine/Common/DerivedDataCache/Buckets/MaterialShaderMap/99/2b/f3c16acbd3b6eec27fe85ef28767fb4298b4.udd" 7282
"../../../Engine/Plugins/Animation/ControlRig/Content/Controls/ControlRig_RoundedSquare_1mm.uasset" 7283
"../../../Engine/Plugins/Animation/ControlRig/Content/Controls/ControlRig_RoundedSquare_solid.uasset" 7284
"../../../Engine/Plugins/Animation/ControlRig/Content/Controls/ControlRig_QuarterCircle_solid.uasset" 7285
"../../../Engine/Plugins/Animation/ControlRig/Content/Controls/ControlRig_QuarterCircle_3mm.uasset" 7286
"../../../Engine/Plugins/Animation/ControlRig/Content/Controls/ControlRig_RoundedSquare_3mm.uasset" 7287
"../../../Engine/Plugins/Animation/ControlRig/Content/Controls/ControlRig_QuarterCircle_1mm.uasset" 7288
"../../../Engine/Plugins/Animation/ControlRig/Content/Controls/ControlRig_Pyramid_solid.uasset" 7289
"../../../Engine/Plugins/Animation/ControlRig/Content/Controls/ControlRig_Pyramid_3mm.uasset" 7290
"../../../Engine/Plugins/Animation/ControlRig/Content/Controls/ControlRig_Pyramid_1mm.uasset" 7291
"../../../Engine/Plugins/Animation/ControlRig/Content/Controls/ControlRig_Octagon_solid.uasset" 7292
"../../../Engine/Plugins/Animation/ControlRig/Content/Controls/ControlRig_Octagon_3mm.uasset" 7293
"../../../Engine/Plugins/Animation/ControlRig/Content/Controls/ControlRig_Octagon_1mm.uasset" 7294
"../../../Engine/Plugins/Animation/ControlRig/Content/Controls/ControlRig_Hexagon_solid.uasset" 7295
"../../../Engine/Plugins/Animation/ControlRig/Content/Controls/ControlRig_Hexagon_3mm.uasset" 7296
"../../../Engine/Plugins/Animation/ControlRig/Content/Controls/ControlRig_Hexagon_1mm.uasset" 7297
"../../../Engine/Plugins/Animation/ControlRig/Content/Controls/ControlRig_HalfCircle_solid.uasset" 7298
"../../../Engine/Plugins/Animation/ControlRig/Content/Controls/ControlRig_HalfCircle_3mm.uasset" 7299
"../../../Engine/Plugins/Animation/ControlRig/Content/Controls/ControlRig_HalfCircle_1mm.uasset" 7300
"../../../Engine/Plugins/Animation/ControlRig/Content/Controls/ControlRig_Diamond_solid.uasset" 7301
"../../../Engine/Plugins/Animation/ControlRig/Content/Controls/ControlRig_Diamond_3mm.uasset" 7302
"../../../Engine/Plugins/Animation/ControlRig/Content/Controls/ControlRig_Diamond_1mm.uasset" 7303
"../../../Engine/Plugins/Animation/ControlRig/Content/Controls/ControlRig_Circle_solid.uasset" 7304
"../../../Engine/Plugins/Animation/ControlRig/Content/Controls/ControlRig_Circle_3mm.uasset" 7305
"../../../Engine/Plugins/Animation/ControlRig/Content/Controls/ControlRig_Circle_1mm.uasset" 7306
"../../../Engine/Plugins/Animation/ControlRig/Content/Controls/ControlRig_Box_solid.uasset" 7307
"../../../Engine/Plugins/Animation/ControlRig/Content/Controls/ControlRig_Box_3mm.uasset" 7308
"../../../Engine/Plugins/Animation/ControlRig/Content/Controls/ControlRig_Box_1mm.uasset" 7309
"../../../Engine/Plugins/Animation/ControlRig/Content/Controls/ControlRig_Arrow_solid.uasset" 7310
"../../../Engine/Plugins/Animation/ControlRig/Content/Controls/ControlRig_Arrow_3mm.uasset" 7311
"../../../Engine/Plugins/Animation/ControlRig/Content/Controls/ControlRig_Arrow_1mm.uasset" 7312
"../../../Engine/Plugins/Animation/ControlRig/Content/Controls/ControlRig_Arrow4_solid.uasset" 7313
"../../../Engine/Plugins/Animation/ControlRig/Content/Controls/ControlRig_Arrow4_3mm.uasset" 7314
"../../../Engine/Plugins/Animation/ControlRig/Content/Controls/ControlRig_Arrow2_3mm.uasset" 7315
"../../../Engine/Plugins/Animation/ControlRig/Content/Controls/ControlRig_Arrow2_solid.uasset" 7316
"../../../Engine/Plugins/Animation/ControlRig/Content/Controls/ControlRig_Arrow4_1mm.uasset" 7317
"../../../Engine/Plugins/Animation/ControlRig/Content/Controls/ControlRig_Arrow2_1mm.uasset" 7318
"../../../Engine/Plugins/Animation/ControlRig/Content/Controls/ControlRig_Sphere_solid.uasset" 7319
"F:/Unreal Projects/DDay_bp/Content/3D/platforms/mesh/platforms/platform.uasset" 7320
"F:/Unreal Projects/DDay_bp/Content/3D/platforms/mesh/platforms/explosion_collision.uasset" 7321
"F:/Unreal Projects/DDay_bp/Content/3D/platforms/mesh/Platforms_crater/Crater_corner/Crater_corner.uasset" 7322
"F:/Unreal Projects/DDay_bp/Content/3D/platforms/mesh/Platforms_crater/Crater_updown/Crater_updown.uasset" 7323
"F:/Unreal Projects/DDay_bp/Content/Data/DevSettings.uasset" 7324
"F:/Unreal Projects/DDay_bp/Content/3D/platforms/mesh/Platforms_crater/Crater_corner_2/fbx/Crater_corner_2.uasset" 7325
"F:/Unreal Projects/DDay_bp/Content/Data/Balance_Tables/Maps_Balance.uasset" 7326
"F:/Unreal Projects/DDay_bp/Content/Blueprints/System/Save_Settings.uasset" 7327
"F:/Unreal Projects/DDay_bp/Content/Blueprints/Menu/MenuGemeMode.uasset" 7328
"F:/Unreal Projects/DDay_bp/Content/3D/platforms/mesh/tranches/trench_base.uasset" 7329
"F:/Unreal Projects/DDay_bp/Content/3D/platforms/mesh/tranches/trench_defoult.uasset" 7330
"F:/Unreal Projects/DDay_bp/Content/3D/platforms/mesh/tranches/trench_end.uasset" 7331
"F:/Unreal Projects/DDay_bp/Content/3D/platforms/mesh/tranches/trench_tri.uasset" 7332
"F:/Unreal Projects/DDay_bp/Content/3D/platforms/mesh/tranches/trench_turn.uasset" 7333
"F:/Unreal Projects/DDay_bp/Content/3D/platforms/mesh/tranches/trench_up.uasset" 7334
"F:/Unreal Projects/DDay_bp/Content/Blueprints/System/DataAssets/EditorDataAsset.uasset" 7335
"F:/Unreal Projects/DDay_bp/Content/Anim/Hit_anim/Hit_Montage.uasset" 7336
"F:/Unreal Projects/DDay_bp/Content/Anim/Jump_Montage.uasset" 7337
"F:/Unreal Projects/DDay_bp/Content/3D/cannon/cannon_ally.uasset" 7338
"F:/Unreal Projects/DDay_bp/Content/3D/platforms/mater/explosion/explosion_mat.uasset" 7339
"F:/Unreal Projects/DDay_bp/Content/3D/platforms/mater/Platform/dirt/dirt_platform.uasset" 7340
"F:/Unreal Projects/DDay_bp/Content/3D/platforms/mater/Platform/dirt_wth_grass/dirt_with_grass_platform.uasset" 7341
"F:/Unreal Projects/DDay_bp/Content/Movies/Video/Cinematic_VideoMaterial.uasset" 7342
"C:/Users/Librake/AppData/Local/UnrealEngine/Common/DerivedDataCache/Buckets/StaticMesh/ed/a2/5c1a06608b2b65baef6aefabcb68a9e44e65.udd" 7343
"C:/Users/Librake/AppData/Local/UnrealEngine/Common/DerivedDataCache/Buckets/LegacyDIST/f9/f9/c76da5d7f9301dc7a2f72a0506cfa36830f1.udd" 7344
"C:/Users/Librake/AppData/Local/UnrealEngine/Common/DerivedDataCache/Buckets/LegacyCARD/7c/e7/afe75cbb8ec6c4c0ef93c7fa71ab7519f510.udd" 7345
"C:/Users/Librake/AppData/Local/UnrealEngine/Common/DerivedDataCache/Buckets/StaticMesh/61/c1/fe631cfe411d81cefeb5a6e78156d931de37.udd" 7346
"C:/Users/Librake/AppData/Local/UnrealEngine/Common/DerivedDataCache/Buckets/LegacyNavCollision/ac/bc/27591b466db998662de1eee6fbe8ef0c5a27.udd" 7347
"C:/Users/Librake/AppData/Local/UnrealEngine/Common/DerivedDataCache/Buckets/LegacyDIST/12/14/c77125d38a84263829b8e73ed48c54a3b870.udd" 7348
"C:/Users/Librake/AppData/Local/UnrealEngine/Common/DerivedDataCache/Buckets/LegacyCARD/6d/64/4172c40905267dfc3442b0d5a4dd5e28b1b2.udd" 7349
"C:/Users/Librake/AppData/Local/UnrealEngine/Common/DerivedDataCache/Buckets/StaticMesh/95/29/bfbb11606223eb4306884be3ee43de879f23.udd" 7350
"C:/Users/Librake/AppData/Local/UnrealEngine/Common/DerivedDataCache/Buckets/LegacyNavCollision/55/2f/26b3d22931ad857dcf32b447aa8b801c3379.udd" 7351
"C:/Users/Librake/AppData/Local/UnrealEngine/Common/DerivedDataCache/Buckets/LegacyDIST/de/e4/6d14e09406150f905af8e8a6eca45eb614bf.udd" 7352
"C:/Users/Librake/AppData/Local/UnrealEngine/Common/DerivedDataCache/Buckets/LegacyCARD/4b/db/ff1f9e9bee55c30ce68b916ebbc3e1dd0dec.udd" 7353
"C:/Users/Librake/AppData/Local/UnrealEngine/Common/DerivedDataCache/Buckets/StaticMesh/bd/62/de0b11d8bf888898f0facc294cd8f3e8317c.udd" 7354
"C:/Users/Librake/AppData/Local/UnrealEngine/Common/DerivedDataCache/Buckets/LegacyNavCollision/51/8d/a1c7d492a55930b41e9ea2179fa0d2356b51.udd" 7355
"C:/Users/Librake/AppData/Local/UnrealEngine/Common/DerivedDataCache/Buckets/LegacyDIST/16/88/e5757f8d82f6cda6bd20aa5fed9468a35e0f.udd" 7356
"C:/Users/Librake/AppData/Local/UnrealEngine/Common/DerivedDataCache/Buckets/LegacyCARD/41/ba/e89e083e50d7230ceb768aea9b8093ac008c.udd" 7357
"F:/Unreal Projects/DDay_bp/Content/3D/platforms/mesh/Platforms_crater/Crater_corner_2/fbx/collision_for_corner_2.uasset" 7358
"C:/Users/Librake/AppData/Local/UnrealEngine/Common/DerivedDataCache/Buckets/LegacyNavCollision/ea/53/e57193b77511e3b0f0685cce018b7caeb98b.udd" 7359
"C:/Users/Librake/AppData/Local/UnrealEngine/Common/DerivedDataCache/Buckets/StaticMesh/7a/bc/ab0cce520afaf9db4b3599b5eac3cb6118f1.udd" 7360
"C:/Users/Librake/AppData/Local/UnrealEngine/Common/DerivedDataCache/Buckets/LegacyDIST/15/fc/541992c9b16d89734651ab579aab646a28b7.udd" 7361
"C:/Users/Librake/AppData/Local/UnrealEngine/Common/DerivedDataCache/Buckets/LegacyCARD/84/43/212bb6b10a3d84a3b807976ea43a4f2698a8.udd" 7362
"C:/Users/Librake/AppData/Local/UnrealEngine/Common/DerivedDataCache/Buckets/LegacyNavCollision/b3/42/ba4259e95970a301b6276c9c28035469226e.udd" 7363
"C:/Users/Librake/AppData/Local/UnrealEngine/Common/DerivedDataCache/Buckets/StaticMesh/ab/24/8e529834d754521ddef0fd534a0f8f2a08d8.udd" 7364
"C:/Users/Librake/AppData/Local/UnrealEngine/Common/DerivedDataCache/Buckets/LegacyDIST/87/eb/04986ced13eb64208a733f230cd362899700.udd" 7365
"C:/Users/Librake/AppData/Local/UnrealEngine/Common/DerivedDataCache/Buckets/LegacyCARD/ba/70/63bb5caea22d6d691da2724ca9ee6c7b8f2b.udd" 7366
"C:/Users/Librake/AppData/Local/UnrealEngine/Common/DerivedDataCache/Buckets/LegacyNavCollision/6f/f1/c6c5f55d485f7e4d55b061717a313e3cfd09.udd" 7367
"C:/Users/Librake/AppData/Local/UnrealEngine/Common/DerivedDataCache/Buckets/StaticMesh/d3/eb/930b9eb71e871bd2f001c37c0593373424f6.udd" 7368
"C:/Users/Librake/AppData/Local/UnrealEngine/Common/DerivedDataCache/Buckets/LegacyDIST/ff/a2/cf480c7dc0d11911490f197015ddbab2304f.udd" 7369
"C:/Users/Librake/AppData/Local/UnrealEngine/Common/DerivedDataCache/Buckets/LegacyCARD/72/ad/7b058cd8e1f41ed756aba8a391366bdcd9c3.udd" 7370
"C:/Users/Librake/AppData/Local/UnrealEngine/Common/DerivedDataCache/Buckets/StaticMesh/5b/8e/71815c0dfca146d9c1191d4c187a26d624c3.udd" 7371
"C:/Users/Librake/AppData/Local/UnrealEngine/Common/DerivedDataCache/Buckets/LegacyDIST/19/c1/d99bb9e69ff58ad2ddc5d254db707465d2f2.udd" 7372
"C:/Users/Librake/AppData/Local/UnrealEngine/Common/DerivedDataCache/Buckets/LegacyNavCollision/a7/1f/d4a7d85bef7aeb13cf5aa8f8c78ecbf6f453.udd" 7373
"C:/Users/Librake/AppData/Local/UnrealEngine/Common/DerivedDataCache/Buckets/StaticMesh/bb/fa/0a1aeb866f52b376f8745d079e8ceda06e5f.udd" 7374
"C:/Users/Librake/AppData/Local/UnrealEngine/Common/DerivedDataCache/Buckets/LegacyCARD/b9/88/c7d645346d0b2faa4ee4433bf0a7eec1cb7b.udd" 7375
"C:/Users/Librake/AppData/Local/UnrealEngine/Common/DerivedDataCache/Buckets/LegacyDIST/0e/41/3ef61608224ee651fb4542914416fc818b18.udd" 7376
"C:/Users/Librake/AppData/Local/UnrealEngine/Common/DerivedDataCache/Buckets/StaticMesh/3b/77/efc31e1babd45ca628f495fbe5bce884670d.udd" 7377
"C:/Users/Librake/AppData/Local/UnrealEngine/Common/DerivedDataCache/Buckets/LegacyCARD/2e/27/74dcb33fb5401f7848008f3e64f9c06e36f0.udd" 7378
"C:/Users/Librake/AppData/Local/UnrealEngine/Common/DerivedDataCache/Buckets/LegacyDIST/6d/1b/05c6aaaa2440b95c50530cb1749d9ea30fba.udd" 7379
"C:/Users/Librake/AppData/Local/UnrealEngine/Common/DerivedDataCache/Buckets/LegacyNavCollision/60/f3/140001f3dbb63f9947cb105bd795ed63e056.udd" 7380
"C:/Users/Librake/AppData/Local/UnrealEngine/Common/DerivedDataCache/Buckets/LegacyCARD/23/d7/349d0a2151c5c5f12d35d6ecd5afe08ad80c.udd" 7381
"C:/Users/Librake/AppData/Local/UnrealEngine/Common/DerivedDataCache/Buckets/StaticMesh/34/9c/18505cbbc830adaad449a56f996ce5ac41af.udd" 7382
"C:/Users/Librake/AppData/Local/UnrealEngine/Common/DerivedDataCache/Buckets/LegacyDIST/9c/c2/9a1bf1db6a6ccaa5d9ddd8d9ea8d092d009d.udd" 7383
"C:/Users/Librake/AppData/Local/UnrealEngine/Common/DerivedDataCache/Buckets/LegacyCARD/04/af/c7edba2ddb262e6910b5ff703fc468bd5366.udd" 7384
"C:/Users/Librake/AppData/Local/UnrealEngine/Common/DerivedDataCache/Buckets/LegacyNavCollision/a7/ce/6e197079527c42ff4838689f25b157482ebb.udd" 7385
"C:/Users/Librake/AppData/Local/UnrealEngine/Common/DerivedDataCache/Buckets/LegacyNavCollision/b4/4d/f25685749e0c4df7353435a699e64683341b.udd" 7386
"C:/Users/Librake/AppData/Local/UnrealEngine/Common/DerivedDataCache/Buckets/LegacyNavCollision/72/09/e64a5b0d2eefc919f291768bcd7193c1f19c.udd" 7387
"C:/Users/Librake/AppData/Local/UnrealEngine/Common/DerivedDataCache/Buckets/MaterialShaderMap/af/43/395a1564c0a6d325a84fcf6a14ad556a02ea.udd" 7388
"C:/Users/Librake/AppData/Local/UnrealEngine/Common/DerivedDataCache/Buckets/MaterialShaderMap/0b/4b/3812b15217e546b896c5fb94aa12761c0229.udd" 7389
"F:/Unreal Projects/DDay_bp/Content/3D/platforms/mater/Platform/grass/grass_platform.uasset" 7390
"F:/Unreal Projects/DDay_bp/Content/3D/platforms/mater/Platform/water/water_platform.uasset" 7391
"F:/Unreal Projects/DDay_bp/Content/3D/platforms/mater/Platform/Gray_water/Gray_water_platform.uasset" 7392
"F:/Unreal Projects/DDay_bp/Content/3D/platforms/mesh/Bridge/textr/Bridge_mat.uasset" 7393
"F:/Unreal Projects/DDay_bp/Content/3D/platforms/mesh/deep_tranches/deep_trench_wall2/textr/deep_trench_wall2_mat.uasset" 7394
"F:/Unreal Projects/DDay_bp/Content/3D/platforms/mesh/deep_tranches/deep_trench_corner_in/textr/Deep_trench_corner_in_mat.uasset" 7395
"F:/Unreal Projects/DDay_bp/Content/3D/platforms/mater/Platform/Gray_dirt/Gray_dirt_platform.uasset" 7396
"F:/Unreal Projects/DDay_bp/Content/3D/platforms/mesh/deep_tranches/deep_trench_wall1/textr/deep_trench_wall1_mat.uasset" 7397
"F:/Unreal Projects/DDay_bp/Content/3D/platforms/mater/Platform/water_2/water_2_platform.uasset" 7398
"F:/Unreal Projects/DDay_bp/Content/3D/main_guy/Main2/Mat/Main2_mat.uasset" 7399
"F:/Unreal Projects/DDay_bp/Content/3D/main_guy/Grenadier/gun/mat/grenadier_gun_mat.uasset" 7400
"F:/Unreal Projects/DDay_bp/Content/other/Materials/ArcWidgetMaterial.uasset" 7401
"F:/Unreal Projects/DDay_bp/Content/3D/main_guy/Tank_guy/Gun/Mat/Tank_guy_gun_mat.uasset" 7402
"F:/Unreal Projects/DDay_bp/Content/3D/main_guy/Base_Mat/Base_Char_Mat.uasset" 7403
"F:/Unreal Projects/DDay_bp/Content/3D/tent/tent.uasset" 7404
"F:/Unreal Projects/DDay_bp/Content/3D/wire/wire.uasset" 7405
"F:/Unreal Projects/DDay_bp/Content/3D/machine_gun/machine_gun_Cylinder004.uasset" 7406
"F:/Unreal Projects/DDay_bp/Content/3D/bullet/bullet/bullet.uasset" 7407
"F:/Unreal Projects/DDay_bp/Content/3D/bullet/pellet/pellet.uasset" 7408
"F:/Unreal Projects/DDay_bp/Content/3D/main_guy/Main1/gun/Mat/tommy_gun_mat.uasset" 7409
"F:/Unreal Projects/DDay_bp/Content/3D/bullet/Shell_casing/Shell_casing.uasset" 7410
"F:/Unreal Projects/DDay_bp/Content/3D/enemy/enemy1/Gun/Enemy1_rifle.uasset" 7411
"F:/Unreal Projects/DDay_bp/Content/3D/ammo_box/fbx/ammo_box.uasset" 7412
"C:/Users/Librake/AppData/Local/UnrealEngine/Common/DerivedDataCache/Buckets/StaticMesh/a9/5c/7294e1d39f662ce6c255f3f4b24945ca3b94.udd" 7413
"F:/Unreal Projects/DDay_bp/Content/3D/sandbag/fbx/sandbag.uasset" 7414
"C:/Users/Librake/AppData/Local/UnrealEngine/Common/DerivedDataCache/Buckets/LegacyDIST/76/40/081b005daa951a6b8d018126b4fc7b88da1a.udd" 7415
"F:/Unreal Projects/DDay_bp/Content/3D/enemy/enemy2/Gun/mp18.uasset" 7416
"C:/Users/Librake/AppData/Local/UnrealEngine/Common/DerivedDataCache/Buckets/LegacyCARD/cf/76/413567d5a7448aaabaf1b92eb8f3df73ae8e.udd" 7417
"C:/Users/Librake/AppData/Local/UnrealEngine/Common/DerivedDataCache/Buckets/LegacyNavCollision/73/e5/ce7ca05577e7650cbaa80de541cef125e710.udd" 7418
"F:/Unreal Projects/DDay_bp/Content/3D/enemy/Enemy_shotgunner/Gun/enemy_shotgunner_gun.uasset" 7419
"F:/Unreal Projects/DDay_bp/Content/3D/flag/flag_germ.uasset" 7420
"F:/Unreal Projects/DDay_bp/Content/3D/mines/mines.uasset" 7421
"C:/Users/Librake/AppData/Local/UnrealEngine/Common/DerivedDataCache/Buckets/StaticMesh/27/63/e884ce0dc963ad5fcc35a3441c83d3f07377.udd" 7422
"C:/Users/Librake/AppData/Local/UnrealEngine/Common/DerivedDataCache/Buckets/LegacyDIST/17/c6/0af5119bdea6a52810ae5fce0cb18a50fbc5.udd" 7423
"C:/Users/Librake/AppData/Local/UnrealEngine/Common/DerivedDataCache/Buckets/LegacyCARD/d5/05/c66489ad08de80618e5ac137b2c29d063644.udd" 7424
"F:/Unreal Projects/DDay_bp/Content/UI/Widgets/Menu/Skip.uasset" 7425
"F:/Unreal Projects/DDay_bp/Content/Realistic_Starter_VFX_Pack_Vol2/Materials/M_Snow.uasset" 7426
"F:/Unreal Projects/DDay_bp/Content/Realistic_Starter_VFX_Pack_Vol2/Materials/M_Glow_C_Inst.uasset" 7427
"C:/Users/Librake/AppData/Local/UnrealEngine/Common/DerivedDataCache/Buckets/LegacyNavCollision/4a/6d/8410f17cbc28bf96f3ee6df94bae62054d4b.udd" 7428
"C:/Users/Librake/AppData/Local/UnrealEngine/Common/DerivedDataCache/Buckets/MaterialShaderMap/58/87/21885e3728ebc84d4ac47506254472ac35e8.udd" 7429
"C:/Users/Librake/AppData/Local/UnrealEngine/Common/DerivedDataCache/Buckets/MaterialShaderMap/14/07/38ffbabaa3f0bbec165e4773f369a698e1b2.udd" 7430
"C:/Users/Librake/AppData/Local/UnrealEngine/Common/DerivedDataCache/Buckets/MaterialShaderMap/e8/63/eb0633035bba58f423d7c0536142aad5ab51.udd" 7431
"C:/Users/Librake/AppData/Local/UnrealEngine/Common/DerivedDataCache/Buckets/MaterialShaderMap/84/df/710a42c025ef5960a735b94d77de6df19ca0.udd" 7432
"C:/Users/Librake/AppData/Local/UnrealEngine/Common/DerivedDataCache/Buckets/MaterialShaderMap/9a/3e/35dea71837e9be10b9ed3416fa1e2aaa37de.udd" 7433
"C:/Users/Librake/AppData/Local/UnrealEngine/Common/DerivedDataCache/Buckets/MaterialShaderMap/9f/55/1aaa967780b0e3d724f6d1debccd50d490ca.udd" 7434
"C:/Users/Librake/AppData/Local/UnrealEngine/Common/DerivedDataCache/Buckets/MaterialShaderMap/93/89/cdf04cef5b5a7ecea126564b27e64ab692ad.udd" 7435
"C:/Users/Librake/AppData/Local/UnrealEngine/Common/DerivedDataCache/Buckets/MaterialShaderMap/f9/22/beb3c7554926a0331ad7e0680aa812d922f2.udd" 7436
"C:/Users/Librake/AppData/Local/UnrealEngine/Common/DerivedDataCache/Buckets/MaterialShaderMap/61/5b/e6aa987272b151c904b187be0d6ae786ddc5.udd" 7437
"C:/Users/Librake/AppData/Local/UnrealEngine/Common/DerivedDataCache/Buckets/MaterialShaderMap/99/ff/3c051ea9e7129638b7a32a6cbd4e780d3b6e.udd" 7438
"C:/Users/Librake/AppData/Local/UnrealEngine/Common/DerivedDataCache/Buckets/MaterialShaderMap/d8/96/0c5a39aa5708a4fa3322718811cd8f2b57bb.udd" 7439
"C:/Users/Librake/AppData/Local/UnrealEngine/Common/DerivedDataCache/Buckets/MaterialShaderMap/59/1a/fc676047eab9f3412d1f0f69f84b794d4294.udd" 7440
"C:/Users/Librake/AppData/Local/UnrealEngine/Common/DerivedDataCache/Buckets/MaterialShaderMap/6d/80/80e88cc506c23ce9db5d16de33b49397e667.udd" 7441
"C:/Users/Librake/AppData/Local/UnrealEngine/Common/DerivedDataCache/Buckets/MaterialShaderMap/43/42/71210c99c1d44bcca7659a8e30156bacc50c.udd" 7442
"C:/Users/Librake/AppData/Local/UnrealEngine/Common/DerivedDataCache/Buckets/MaterialShaderMap/ea/c3/977606f2942f1a05001266a624f2f40ef35b.udd" 7443
"C:/Users/Librake/AppData/Local/UnrealEngine/Common/DerivedDataCache/Buckets/MaterialShaderMap/7d/39/a9297de25a3f74a1a859345e4d2d0d2e2e40.udd" 7444
"C:/Users/Librake/AppData/Local/UnrealEngine/Common/DerivedDataCache/Buckets/MaterialShaderMap/d6/2c/07f7837d198a6c5b40b921234aa1415f9f47.udd" 7445
"C:/Users/Librake/AppData/Local/UnrealEngine/Common/DerivedDataCache/Buckets/MaterialShaderMap/30/06/22a740f31ae2ea1b3ded95c30881d7105b5c.udd" 7446
"C:/Users/Librake/AppData/Local/UnrealEngine/Common/DerivedDataCache/Buckets/MaterialShaderMap/ef/41/09cc1e5131fd1e096bf34aff3bc1dffc6f69.udd" 7447
"C:/Users/Librake/AppData/Local/UnrealEngine/Common/DerivedDataCache/Buckets/MaterialShaderMap/ba/e0/16e1a79649d80ef66605e89c92900ef66bb6.udd" 7448
"C:/Users/Librake/AppData/Local/UnrealEngine/Common/DerivedDataCache/Buckets/StaticMesh/4f/05/a42c0a3775b58fcc35dd04b9bb718194d764.udd" 7449
"C:/Users/Librake/AppData/Local/UnrealEngine/Common/DerivedDataCache/Buckets/LegacyDIST/9f/99/e418d4adf2b015eda9d418b8a47ba5145395.udd" 7450
"C:/Users/Librake/AppData/Local/UnrealEngine/Common/DerivedDataCache/Buckets/LegacyCARD/bd/5f/e6a29578c77467b102f528e3a58ad24b3013.udd" 7451
"C:/Users/Librake/AppData/Local/UnrealEngine/Common/DerivedDataCache/Buckets/StaticMesh/04/d1/d551cff0139ca1b60b7e78733d742b5371dc.udd" 7452
"C:/Users/Librake/AppData/Local/UnrealEngine/Common/DerivedDataCache/Buckets/LegacyNavCollision/52/cb/9559c7e2cc00d23f113bd3fb23467916a8c2.udd" 7453
"C:/Users/Librake/AppData/Local/UnrealEngine/Common/DerivedDataCache/Buckets/LegacyDIST/0a/85/cdc971b6d1985d7eb0d969cc78f14e057c1e.udd" 7454
"C:/Users/Librake/AppData/Local/UnrealEngine/Common/DerivedDataCache/Buckets/StaticMesh/aa/9d/59e74b2e5170d38d9200b13d208683657db2.udd" 7455
"C:/Users/Librake/AppData/Local/UnrealEngine/Common/DerivedDataCache/Buckets/LegacyCARD/7c/9c/b1238e1284a49370c200a4fb9e58d991ea67.udd" 7456
"C:/Users/Librake/AppData/Local/UnrealEngine/Common/DerivedDataCache/Buckets/LegacyDIST/de/19/6bae72e53dbfc9c988cffa92dee4cf03f1f7.udd" 7457
"C:/Users/Librake/AppData/Local/UnrealEngine/Common/DerivedDataCache/Buckets/LegacyCARD/29/06/340883a494759ebb886c2b1223086f1b22af.udd" 7458
"C:/Users/Librake/AppData/Local/UnrealEngine/Common/DerivedDataCache/Buckets/StaticMesh/0e/66/5a3cf5b06b548b0ae1ea1736889b369a9586.udd" 7459
"C:/Users/Librake/AppData/Local/UnrealEngine/Common/DerivedDataCache/Buckets/LegacyDIST/17/a5/3cb6b643aef340bb62e732f0549c0de7dcbc.udd" 7460
"C:/Users/Librake/AppData/Local/UnrealEngine/Common/DerivedDataCache/Buckets/LegacyNavCollision/38/8b/8c08a226b512f0e676efcb718b92f00581f5.udd" 7461
"C:/Users/Librake/AppData/Local/UnrealEngine/Common/DerivedDataCache/Buckets/LegacyCARD/8c/5f/76a7a9fe226da8a10dfe330abc2a419d2259.udd" 7462
"C:/Users/Librake/AppData/Local/UnrealEngine/Common/DerivedDataCache/Buckets/StaticMesh/a9/b6/71478dc15b214d653ee1f1d73e94a8d9b012.udd" 7463
"C:/Users/Librake/AppData/Local/UnrealEngine/Common/DerivedDataCache/Buckets/LegacyDIST/83/ca/b50bf3ff8ca82bf24cf94ab2adae99acdd32.udd" 7464
"C:/Users/Librake/AppData/Local/UnrealEngine/Common/DerivedDataCache/Buckets/LegacyNavCollision/d3/ec/46739e8f1d3dfdb34c869792f249dbde0e2d.udd" 7465
"C:/Users/Librake/AppData/Local/UnrealEngine/Common/DerivedDataCache/Buckets/LegacyCARD/4f/42/97eb8152864926b127920fc3a5810673b3bd.udd" 7466
"C:/Users/Librake/AppData/Local/UnrealEngine/Common/DerivedDataCache/Buckets/LegacyNavCollision/3e/ff/e4100ba8f46d49087f603e220d29cf9dd072.udd" 7467
"C:/Users/Librake/AppData/Local/UnrealEngine/Common/DerivedDataCache/Buckets/LegacyNavCollision/52/11/0006e1792ce4b6f94e7a851ce383a4ec7e61.udd" 7468
"C:/Users/Librake/AppData/Local/UnrealEngine/Common/DerivedDataCache/Buckets/StaticMesh/39/09/db8cd4b0e38ca000e5f1ff2c8223d1d91525.udd" 7469
"C:/Users/Librake/AppData/Local/UnrealEngine/Common/DerivedDataCache/Buckets/LegacyDIST/0d/3a/f09a8580e7538f040888d54cee910ce81baa.udd" 7470
"C:/Users/Librake/AppData/Local/UnrealEngine/Common/DerivedDataCache/Buckets/LegacyCARD/b5/fe/573b78c97a520a4e57a4e25e05c6dea6b7bc.udd" 7471
"C:/Users/Librake/AppData/Local/UnrealEngine/Common/DerivedDataCache/Buckets/LegacyNavCollision/c4/d1/1beaf2683cab8dc69916273157f64374d98d.udd" 7472
"C:/Users/Librake/AppData/Local/UnrealEngine/Common/DerivedDataCache/Buckets/LegacySKELETALMESH/12/04/3a5323b9842b4dd69a2d83efe3f47f2c5913.udd" 7473
"C:/Users/Librake/AppData/Local/UnrealEngine/Common/DerivedDataCache/Buckets/MaterialShaderMap/3b/23/7e223dd690d39103cc04c51873b4552153ef.udd" 7474
"C:/Users/Librake/AppData/Local/UnrealEngine/Common/DerivedDataCache/Buckets/MaterialShaderMap/cb/8d/efe7c7110aee672084db57ad1d9dd471181a.udd" 7475
"C:/Users/Librake/AppData/Local/UnrealEngine/Common/DerivedDataCache/Buckets/MaterialShaderMap/5d/b7/4f9c495a0d9c99f0ba8be820fdf4711e8ec1.udd" 7476
"C:/Users/Librake/AppData/Local/UnrealEngine/Common/DerivedDataCache/Buckets/MaterialShaderMap/94/cb/b858ab577f6665221d4825561271f98cda14.udd" 7477
"C:/Users/Librake/AppData/Local/UnrealEngine/Common/DerivedDataCache/Buckets/MaterialShaderMap/f5/40/a6a580c7aa8c83c0d113f19b75bcf0eb0d61.udd" 7478
"C:/Users/Librake/AppData/Local/UnrealEngine/Common/DerivedDataCache/Buckets/MaterialShaderMap/4d/ce/c23cd897bf989432fdf95be4bc5e439c30c2.udd" 7479
"C:/Users/Librake/AppData/Local/UnrealEngine/Common/DerivedDataCache/Buckets/MaterialShaderMap/69/44/58dcb0be4101a895bac3a1670c40382c610b.udd" 7480
"C:/Users/Librake/AppData/Local/UnrealEngine/Common/DerivedDataCache/Buckets/MaterialShaderMap/25/83/e0e2ed6a308b797b09a7a517726222909834.udd" 7481
"C:/Users/Librake/AppData/Local/UnrealEngine/Common/DerivedDataCache/Buckets/MaterialShaderMap/6d/49/366157657f6b2bd27778043b9f6801c05afb.udd" 7482
"C:/Users/Librake/AppData/Local/UnrealEngine/Common/DerivedDataCache/Buckets/MaterialShaderMap/13/28/3d1213ab932f316df7b789e31f4b6c4850ad.udd" 7483
"C:/Users/Librake/AppData/Local/UnrealEngine/Common/DerivedDataCache/Buckets/MaterialShaderMap/59/e6/335d96a64122a157001c0adbf9422da7e72b.udd" 7484
"C:/Users/Librake/AppData/Local/UnrealEngine/Common/DerivedDataCache/Buckets/MaterialShaderMap/dc/54/4fabb68e37f26cc1e105883aeef28d8715d5.udd" 7485
"C:/Users/Librake/AppData/Local/UnrealEngine/Common/DerivedDataCache/Buckets/MaterialShaderMap/e4/bc/40dd08fb3772fe168fe6e924fb87398d0cac.udd" 7486
"C:/Users/Librake/AppData/Local/UnrealEngine/Common/DerivedDataCache/Buckets/MaterialShaderMap/e6/67/73d73781aa93ea4910130e2c36d49ff65125.udd" 7487
"C:/Users/Librake/AppData/Local/UnrealEngine/Common/DerivedDataCache/Buckets/MaterialShaderMap/30/d0/29fc66c5112d9d0b7398ff6cc17bc2908e9d.udd" 7488
"C:/Users/Librake/AppData/Local/UnrealEngine/Common/DerivedDataCache/Buckets/MaterialShaderMap/8d/0b/753cfeab56ea467263ff10c38a2543671aa1.udd" 7489
"F:/Unreal Projects/DDay_bp/Content/3D/destroyed_trees/destr_tree2/fbx/destr_tree2.uasset" 7490
"F:/Unreal Projects/DDay_bp/Content/3D/destroyed_trees/destr_tree1/fbx/destr_tree1.uasset" 7491
"F:/Unreal Projects/DDay_bp/Content/Effects/P_Destruction_Building_B.uasset" 7492
"F:/Unreal Projects/DDay_bp/Content/3D/rock/rock2/rock2.uasset" 7493
"F:/Unreal Projects/DDay_bp/Content/3D/rock/rock1/rock.uasset" 7494
"F:/Unreal Projects/DDay_bp/Content/3D/rock/rock3/rocks/rock3_rock1_low.uasset" 7495
"F:/Unreal Projects/DDay_bp/Content/3D/rock/rock3/rocks/rock3_rock2_low.uasset" 7496
"F:/Unreal Projects/DDay_bp/Content/3D/rock/rock3/rocks/rock3_rock3_low.uasset" 7497
"F:/Unreal Projects/DDay_bp/Content/3D/Trash/Trash_rock1.uasset" 7498
"F:/Unreal Projects/DDay_bp/Content/3D/rock/rock3/rocks/rock3_rock4_low.uasset" 7499
"F:/Unreal Projects/DDay_bp/Content/3D/Trash/Trash_rock2.uasset" 7500
"F:/Unreal Projects/DDay_bp/Content/3D/destroyed_trees/destr_tree3/fbx/destr_tree3.uasset" 7501
"F:/Unreal Projects/DDay_bp/Content/3D/Trash/Trash_stick003.uasset" 7502
"F:/Unreal Projects/DDay_bp/Content/3D/Trash/Trash_stick1.uasset" 7503
"F:/Unreal Projects/DDay_bp/Content/3D/Trash/Trash_stick2.uasset" 7504
"F:/Unreal Projects/DDay_bp/Content/3D/tree_02/tree_2.uasset" 7505
"F:/Unreal Projects/DDay_bp/Content/3D/tree/tree.uasset" 7506
"F:/Unreal Projects/DDay_bp/Content/Default/Cursor/SM_CursorMesh.uasset" 7507
"F:/Unreal Projects/DDay_bp/Content/Realistic_Starter_VFX_Pack_Vol2/Particles/Hit/P_Leather.uasset" 7508
"F:/Unreal Projects/DDay_bp/Content/3D/bonfire/bonfire.uasset" 7509
"F:/Unreal Projects/DDay_bp/Content/Realistic_Starter_VFX_Pack_Vol2/Particles/Hit/P_Wood.uasset" 7510
"F:/Unreal Projects/DDay_bp/Content/3D/truck/truck.uasset" 7511
"C:/Users/Librake/AppData/Local/UnrealEngine/Common/DerivedDataCache/Buckets/StaticMesh/67/22/481671fcb17ef78054730a3724d2c183eed9.udd" 7512
"F:/Unreal Projects/DDay_bp/Content/Data/dialogs/Voices_Table.uasset" 7513
"C:/Users/Librake/AppData/Local/UnrealEngine/Common/DerivedDataCache/Buckets/LegacyDIST/8c/67/8a09f8f071b07e7ed9bd8287fda8c33cb22b.udd" 7514
"C:/Users/Librake/AppData/Local/UnrealEngine/Common/DerivedDataCache/Buckets/StaticMesh/c5/bf/0d54dec35453f5466bc63c9fc27c2d2c3421.udd" 7515
"C:/Users/Librake/AppData/Local/UnrealEngine/Common/DerivedDataCache/Buckets/LegacyCARD/7e/69/035d6c8392c0bfcc8fcfb6d0f31d87b8a40a.udd" 7516
"../../../Engine/Content/EditorResources/FieldNodes/_Resources/MI_FieldRadiusPreview.uasset" 7517
"C:/Users/Librake/AppData/Local/UnrealEngine/Common/DerivedDataCache/Buckets/LegacyDIST/9e/03/7cd1c65864cc757f59bdb1de9574e25f0426.udd" 7518
"C:/Users/Librake/AppData/Local/UnrealEngine/Common/DerivedDataCache/Buckets/LegacyCARD/9d/8b/38372bbefcbd2f10fbde2db3b36eb637ea8b.udd" 7519
"C:/Users/Librake/AppData/Local/UnrealEngine/Common/DerivedDataCache/Buckets/LegacyNavCollision/b6/8e/e6568ec6579524ae4aa42211b4ea26e08d68.udd" 7520
"F:/Unreal Projects/DDay_bp/Content/Effects/Fog_mat_Inst.uasset" 7521
"F:/Unreal Projects/DDay_bp/Content/3D/bush/big_bush/big_bush.uasset" 7522
"C:/Users/Librake/AppData/Local/UnrealEngine/Common/DerivedDataCache/Buckets/LegacyNavCollision/e7/8b/2c6e2bbb87db9b8102c2b582e952886be71f.udd" 7523
"F:/Unreal Projects/DDay_bp/Content/Realistic_Starter_VFX_Pack_Vol2/Particles/Smoke/P_Smoke_B.uasset" 7524
"C:/Users/Librake/AppData/Local/UnrealEngine/Common/DerivedDataCache/Buckets/LegacySKELETALMESH/c6/9d/41f0f2aff4cac29a79ffba25c424df0ed545.udd" 7525
"C:/Users/Librake/AppData/Local/UnrealEngine/Common/DerivedDataCache/Buckets/LegacySKELETALMESH/af/99/3e347423ea1414fb836462daf0e2d6db2c18.udd" 7526
"F:/Unreal Projects/DDay_bp/Content/3D/bush/Bush_defoult/bush.uasset" 7527
"C:/Users/Librake/AppData/Local/UnrealEngine/Common/DerivedDataCache/Buckets/LegacySKELETALMESH/0b/43/4b5f8667e270db952af46fd438fd5fc341de.udd" 7528
"F:/Unreal Projects/DDay_bp/Content/3D/bush/Bush_defoult/bush_2.uasset" 7529
"C:/Users/Librake/AppData/Local/UnrealEngine/Common/DerivedDataCache/Buckets/StaticMesh/ea/6e/3cb937d4b2a6c246b0be720ee56cba4bede4.udd" 7530
"F:/Unreal Projects/DDay_bp/Content/3D/bush/Long_bush/long_bush.uasset" 7531
"C:/Users/Librake/AppData/Local/UnrealEngine/Common/DerivedDataCache/Buckets/LegacyDIST/d4/82/6291e07324b1a518d4bbfd78b186db50c0c2.udd" 7532
"C:/Users/Librake/AppData/Local/UnrealEngine/Common/DerivedDataCache/Buckets/LegacyCARD/bd/87/7f8b5fb6e6906b2e00fe1b4d883c6e4bee36.udd" 7533
"F:/Unreal Projects/DDay_bp/Content/3D/tree_with_leaves/Tree1/tree_with_leaves.uasset" 7534
"F:/Unreal Projects/DDay_bp/Content/3D/tree_with_leaves/Tree2/fbx/leaves_tree_2.uasset" 7535
"C:/Users/Librake/AppData/Local/UnrealEngine/Common/DerivedDataCache/Buckets/LegacyNavCollision/3d/e3/1703e49a22ccca03d931ac16fe31d1fa495f.udd" 7536
"C:/Users/Librake/AppData/Local/UnrealEngine/Common/DerivedDataCache/Buckets/StaticMesh/26/28/d929e7a3d5d90ab824681d10305ff726e260.udd" 7537
"C:/Users/Librake/AppData/Local/UnrealEngine/Common/DerivedDataCache/Buckets/LegacyDIST/ec/5c/cbcb1df4a6632ddb5e07d74939d6099d841e.udd" 7538
"C:/Users/Librake/AppData/Local/UnrealEngine/Common/DerivedDataCache/Buckets/LegacyCARD/e0/5c/d9eae0c1921e2b54714fb4f2f24e36bd1784.udd" 7539
"C:/Users/Librake/AppData/Local/UnrealEngine/Common/DerivedDataCache/Buckets/StaticMesh/12/a6/2d38b53f1fd6d74bfe34ca754d478d2b382a.udd" 7540
"C:/Users/Librake/AppData/Local/UnrealEngine/Common/DerivedDataCache/Buckets/LegacyDIST/5e/c7/c1b03df43a095ebdf384292a5c352a9fc209.udd" 7541
"C:/Users/Librake/AppData/Local/UnrealEngine/Common/DerivedDataCache/Buckets/StaticMesh/7d/46/310d33007e3894523198ce461bf2f499f0ac.udd" 7542
"C:/Users/Librake/AppData/Local/UnrealEngine/Common/DerivedDataCache/Buckets/LegacyCARD/7e/50/aaf127a0c1e8f152c63eb7ddc1d8a3a5fa44.udd" 7543
"C:/Users/Librake/AppData/Local/UnrealEngine/Common/DerivedDataCache/Buckets/LegacyNavCollision/81/49/45a8cb8cecfe7748abf414d3ee7b027e467a.udd" 7544
"C:/Users/Librake/AppData/Local/UnrealEngine/Common/DerivedDataCache/Buckets/LegacyDIST/52/77/06a5673c7ad290a27fd9c4464ecbd156bef5.udd" 7545
"C:/Users/Librake/AppData/Local/UnrealEngine/Common/DerivedDataCache/Buckets/StaticMesh/68/bf/911c23ce3f5b759545e08a330fbea06e37ee.udd" 7546
"C:/Users/Librake/AppData/Local/UnrealEngine/Common/DerivedDataCache/Buckets/LegacyCARD/ee/3b/bdf382b53568e36665b61957b182c6863e1c.udd" 7547
"C:/Users/Librake/AppData/Local/UnrealEngine/Common/DerivedDataCache/Buckets/LegacyDIST/4b/7b/f0e88feacb50fae7015ead0020cd83bc338d.udd" 7548
"C:/Users/Librake/AppData/Local/UnrealEngine/Common/DerivedDataCache/Buckets/StaticMesh/9c/05/e3cd428efdf875032da813e826de4cd963c5.udd" 7549
"C:/Users/Librake/AppData/Local/UnrealEngine/Common/DerivedDataCache/Buckets/LegacyCARD/8c/61/69e04c14c7ac9f0f9739e4f27d3a9d25ac9a.udd" 7550
"C:/Users/Librake/AppData/Local/UnrealEngine/Common/DerivedDataCache/Buckets/LegacyDIST/d7/37/bf9a14e54fc4b1d41d291fb685e0efce2880.udd" 7551
"C:/Users/Librake/AppData/Local/UnrealEngine/Common/DerivedDataCache/Buckets/LegacyNavCollision/a2/e0/0577323fa9ba879f99837367f2add2999232.udd" 7552
"C:/Users/Librake/AppData/Local/UnrealEngine/Common/DerivedDataCache/Buckets/StaticMesh/3c/a1/1fdac1833db9eed05bf82f4378b0327001ab.udd" 7553
"C:/Users/Librake/AppData/Local/UnrealEngine/Common/DerivedDataCache/Buckets/LegacyCARD/db/90/be06e8afc405b7ae84f32fb9342ddeacdb6e.udd" 7554
"C:/Users/Librake/AppData/Local/UnrealEngine/Common/DerivedDataCache/Buckets/LegacyNavCollision/7c/f6/461a5b5e5bba6515563cfc71dd6ff00122b0.udd" 7555
"C:/Users/Librake/AppData/Local/UnrealEngine/Common/DerivedDataCache/Buckets/LegacyDIST/78/63/be2dacc8e66f006e0c7f99939876015a1bf7.udd" 7556
"C:/Users/Librake/AppData/Local/UnrealEngine/Common/DerivedDataCache/Buckets/StaticMesh/de/69/bdf0abccec2e8d8b19215457f67be77b147c.udd" 7557
"C:/Users/Librake/AppData/Local/UnrealEngine/Common/DerivedDataCache/Buckets/LegacyCARD/99/40/d1d4d72e821b56141b93a7548c9c6a373fcc.udd" 7558
"C:/Users/Librake/AppData/Local/UnrealEngine/Common/DerivedDataCache/Buckets/LegacyNavCollision/1f/fa/83f79ca1972590d8318939365e91eb5a9bbd.udd" 7559
"C:/Users/Librake/AppData/Local/UnrealEngine/Common/DerivedDataCache/Buckets/LegacyDIST/9f/1e/71f6367dbd284acc56f83741ebd0ba82faee.udd" 7560
"C:/Users/Librake/AppData/Local/UnrealEngine/Common/DerivedDataCache/Buckets/LegacyCARD/07/ea/b85952044e565eedba43428d8db441f87e42.udd" 7561
"C:/Users/Librake/AppData/Local/UnrealEngine/Common/DerivedDataCache/Buckets/LegacyNavCollision/a8/5c/3cf1cc075969d447b12818b7c31bfbb8a3db.udd" 7562
"C:/Users/Librake/AppData/Local/UnrealEngine/Common/DerivedDataCache/Buckets/MaterialShaderMap/3b/2a/41e1395c7ec6656dd09b78d57fe2ca533650.udd" 7563
"C:/Users/Librake/AppData/Local/UnrealEngine/Common/DerivedDataCache/Buckets/MaterialShaderMap/03/e9/9433aff2ce2ce668d791ec1454da23124d11.udd" 7564
"C:/Users/Librake/AppData/Local/UnrealEngine/Common/DerivedDataCache/Buckets/LegacyNavCollision/e3/5c/6246206c3d8d00781141a8e2739bb8088d56.udd" 7565
"C:/Users/Librake/AppData/Local/UnrealEngine/Common/DerivedDataCache/Buckets/LegacyNavCollision/31/c3/79185d0bcc74e8436dd7137642b8463c8a7d.udd" 7566
"C:/Users/Librake/AppData/Local/UnrealEngine/Common/DerivedDataCache/Buckets/StaticMesh/fc/03/ee42f9d7b9992ad31344ca2e21c9c2823d11.udd" 7567
"C:/Users/Librake/AppData/Local/UnrealEngine/Common/DerivedDataCache/Buckets/LegacyDIST/a5/96/4b92f5e621fdb5b48c7105700ab8ae0d1e86.udd" 7568
"C:/Users/Librake/AppData/Local/UnrealEngine/Common/DerivedDataCache/Buckets/StaticMesh/fc/39/869566ffeba63487af4b22476a534b1c09f4.udd" 7569
"C:/Users/Librake/AppData/Local/UnrealEngine/Common/DerivedDataCache/Buckets/LegacyCARD/8e/52/46a46c9ccc459cbc843ecdf6a4391e1f7fdb.udd" 7570
"C:/Users/Librake/AppData/Local/UnrealEngine/Common/DerivedDataCache/Buckets/LegacyDIST/66/c2/578f2d3e81cfeedb7707864f95d712698a41.udd" 7571
"C:/Users/Librake/AppData/Local/UnrealEngine/Common/DerivedDataCache/Buckets/LegacyCARD/db/35/13b7d51c5572182b3847bf383861b0676c02.udd" 7572
"C:/Users/Librake/AppData/Local/UnrealEngine/Common/DerivedDataCache/Buckets/StaticMesh/39/13/c1e9151d3bb30e35d522b33af52e73094c3b.udd" 7573
"C:/Users/Librake/AppData/Local/UnrealEngine/Common/DerivedDataCache/Buckets/LegacyDIST/73/97/c2277f056259fe2e8a667d428049628813e6.udd" 7574
"C:/Users/Librake/AppData/Local/UnrealEngine/Common/DerivedDataCache/Buckets/LegacyCARD/19/de/a4ebd758aed1c4c23aae543e3cc1f1ff217f.udd" 7575
"C:/Users/Librake/AppData/Local/UnrealEngine/Common/DerivedDataCache/Buckets/StaticMesh/86/52/70305770b7feef801bea24b4f38822e58a88.udd" 7576
"C:/Users/Librake/AppData/Local/UnrealEngine/Common/DerivedDataCache/Buckets/LegacyDIST/88/58/b13ec6b59f622d6f2acf5d76b5779c16c253.udd" 7577
"C:/Users/Librake/AppData/Local/UnrealEngine/Common/DerivedDataCache/Buckets/LegacyCARD/41/eb/d2a093614a417343d566805ea7c5679b5bd5.udd" 7578
"C:/Users/Librake/AppData/Local/UnrealEngine/Common/DerivedDataCache/Buckets/LegacyNavCollision/61/46/67fe1aec445fef2f128b0d35b14d4977d072.udd" 7579
"C:/Users/Librake/AppData/Local/UnrealEngine/Common/DerivedDataCache/Buckets/StaticMesh/33/81/54343b9bda42ef5ff29dc715b7bb5e9a5f77.udd" 7580
"C:/Users/Librake/AppData/Local/UnrealEngine/Common/DerivedDataCache/Buckets/LegacyDIST/00/d9/06a32846223f806987ed45c4ce6dd6d85fe7.udd" 7581
"C:/Users/Librake/AppData/Local/UnrealEngine/Common/DerivedDataCache/Buckets/LegacyNavCollision/8e/9e/52d86e96a4cf207715b23cc90963f8e77c22.udd" 7582
"C:/Users/Librake/AppData/Local/UnrealEngine/Common/DerivedDataCache/Buckets/LegacyNavCollision/57/22/cf7ec8e5b749d2aa5a6024ee10c251321e78.udd" 7583
"C:/Users/Librake/AppData/Local/UnrealEngine/Common/DerivedDataCache/Buckets/LegacyCARD/8e/d5/f743f8c3b9f15686a44efc565182d46d82f7.udd" 7584
"C:/Users/Librake/AppData/Local/UnrealEngine/Common/DerivedDataCache/Buckets/StaticMesh/bc/9d/0ec7f9fb55f4fe7a198927866f10962c9593.udd" 7585
"C:/Users/Librake/AppData/Local/UnrealEngine/Common/DerivedDataCache/Buckets/LegacyNavCollision/09/47/f8810eb2e874850f6299b3c12f73819d6b26.udd" 7586
"C:/Users/Librake/AppData/Local/UnrealEngine/Common/DerivedDataCache/Buckets/LegacyDIST/c3/5b/a228ba1552750ecaa7ed3ec4592f1c19df0a.udd" 7587
"C:/Users/Librake/AppData/Local/UnrealEngine/Common/DerivedDataCache/Buckets/LegacyNavCollision/0d/11/21025acd12af001d410d3f595b44afbc5eb2.udd" 7588
"C:/Users/Librake/AppData/Local/UnrealEngine/Common/DerivedDataCache/Buckets/LegacyCARD/7e/6e/282c13ec946e6010ffdcdf380e567aad21ca.udd" 7589
"C:/Users/Librake/AppData/Local/UnrealEngine/Common/DerivedDataCache/Buckets/StaticMesh/79/64/39462d727b5c9f983f82cea23a3861ac2c6b.udd" 7590
"C:/Users/Librake/AppData/Local/UnrealEngine/Common/DerivedDataCache/Buckets/LegacyNavCollision/a7/43/a1cf03abd96b0b193916394fb7a6aabdac62.udd" 7591
"C:/Users/Librake/AppData/Local/UnrealEngine/Common/DerivedDataCache/Buckets/LegacyDIST/1b/af/e6501019ae8f1d39e71ceab2d6377c8f8d52.udd" 7592
"C:/Users/Librake/AppData/Local/UnrealEngine/Common/DerivedDataCache/Buckets/LegacyCARD/e1/77/919a8e6a4dd54a81b87ba6b989ed817e99dc.udd" 7593
"C:/Users/Librake/AppData/Local/UnrealEngine/Common/DerivedDataCache/Buckets/StaticMesh/a0/2d/dfd21b4d22654b5795f0bcef613132c16e7c.udd" 7594
"C:/Users/Librake/AppData/Local/UnrealEngine/Common/DerivedDataCache/Buckets/LegacyNavCollision/53/22/4fd0c1b492d7c574f8407b0c5d06c0cd26d7.udd" 7595
"C:/Users/Librake/AppData/Local/UnrealEngine/Common/DerivedDataCache/Buckets/LegacyDIST/5e/a6/5deb4923fd8b58845a61ef357327849918a7.udd" 7596
"C:/Users/Librake/AppData/Local/UnrealEngine/Common/DerivedDataCache/Buckets/StaticMesh/c7/82/c90012877d5a39507c0899e224e54867d9dc.udd" 7597
"C:/Users/Librake/AppData/Local/UnrealEngine/Common/DerivedDataCache/Buckets/LegacyCARD/6a/94/6ba04facd21ed80ad54d6c2e2c9d97549bf2.udd" 7598
"C:/Users/Librake/AppData/Local/UnrealEngine/Common/DerivedDataCache/Buckets/LegacyDIST/1f/59/2db43ce9a4ac0cdc998d3af529b5bc5d065e.udd" 7599
"C:/Users/Librake/AppData/Local/UnrealEngine/Common/DerivedDataCache/Buckets/LegacyCARD/28/f5/3b7fb7e5db51b599cd4d01fb1c8cc2f35585.udd" 7600
"C:/Users/Librake/AppData/Local/UnrealEngine/Common/DerivedDataCache/Buckets/LegacyNavCollision/eb/79/fa70ce9b36f9a6eff5049863fcea901dd5ed.udd" 7601
"C:/Users/Librake/AppData/Local/UnrealEngine/Common/DerivedDataCache/Buckets/LegacyNavCollision/a0/c6/d341cedb0298665db2763e0bf39accd11464.udd" 7602
"C:/Users/Librake/AppData/Local/UnrealEngine/Common/DerivedDataCache/Buckets/StaticMesh/0a/9b/6f03e1b39e65442f50888c1a378b4f868a25.udd" 7603
"C:/Users/Librake/AppData/Local/UnrealEngine/Common/DerivedDataCache/Buckets/LegacyDIST/c6/b2/26ddfb73deac9bb9d7b014efe400f72eb248.udd" 7604
"C:/Users/Librake/AppData/Local/UnrealEngine/Common/DerivedDataCache/Buckets/LegacyCARD/1c/bc/031926273556f3c2eaa06b813f1d45d2dae0.udd" 7605
"C:/Users/Librake/AppData/Local/UnrealEngine/Common/DerivedDataCache/Buckets/LegacyNavCollision/83/db/0bb4727a69ee51e92969d97e495280c78d3a.udd" 7606
"C:/Users/Librake/AppData/Local/UnrealEngine/Common/DerivedDataCache/Buckets/LegacySKELETALMESH/e3/4d/3ad2d05786d633c4c84438d8cb4afe35a798.udd" 7607
"F:/Unreal Projects/DDay_bp/Content/UI/Widgets/Aim/cursor_menu.uasset" 7608
"F:/Unreal Projects/DDay_bp/Content/3D/platforms/mesh/platforms/explosion.uasset" 7609
"F:/Unreal Projects/DDay_bp/Content/3D/platforms/mesh/deep_tranches/deep_trench_wall2/deep_trench_wall_2_Object001.uasset" 7610
"F:/Unreal Projects/DDay_bp/Content/3D/platforms/mesh/deep_tranches/deep_trench_corner_in/deep_trench_corner_in.uasset" 7611
"F:/Unreal Projects/DDay_bp/Content/3D/platforms/mesh/deep_tranches/deep_trench_wall2/deep_trench_wall_2_Object002.uasset" 7612
"F:/Unreal Projects/DDay_bp/Content/3D/platforms/mesh/deep_tranches/deep_trench_wall1/deep_trench_wall_1_Object001.uasset" 7613
"F:/Unreal Projects/DDay_bp/Content/3D/platforms/mesh/Bridge/Bridge.uasset" 7614
"F:/Unreal Projects/DDay_bp/Content/3D/platforms/mesh/deep_tranches/deep_trench_wall1/deep_trench_wall_1_Object002.uasset" 7615
"F:/Unreal Projects/DDay_bp/Content/3D/main_guy/Main1/gun/tommy_gun.uasset" 7616
"F:/Unreal Projects/DDay_bp/Content/3D/main_guy/Main2/gun/Main2_rifle.uasset" 7617
"F:/Unreal Projects/DDay_bp/Content/3D/main_guy/Main2/Main_rifle_lp_Man_lp.uasset" 7618
"F:/Unreal Projects/DDay_bp/Content/3D/main_guy/Grenadier/gun/shotgun.uasset" 7619
"F:/Unreal Projects/DDay_bp/Content/UI/Widgets/Aim/Arc_World.uasset" 7620
"F:/Unreal Projects/DDay_bp/Content/3D/main_guy/Tank_guy/Gun/Tank_guy_gun2_lp.uasset" 7621
"F:/Unreal Projects/DDay_bp/Content/3D/main_guy/Base_Mat/Base_Char_Mat_Inst.uasset" 7622
"F:/Unreal Projects/DDay_bp/Content/3D/ammo_box/fbx/ammo_box_bp.uasset" 7623
"F:/Unreal Projects/DDay_bp/Content/3D/ammo_box/fbx/ammo_box_bp_2.uasset" 7624
"F:/Unreal Projects/DDay_bp/Content/Effects/P_Sparks_C.uasset" 7625
"F:/Unreal Projects/DDay_bp/Content/Effects/P_Blood_Splat_Cone.uasset" 7626
"F:/Unreal Projects/DDay_bp/Content/3D/sandbag/fbx/sandbag_bp.uasset" 7627
"F:/Unreal Projects/DDay_bp/Content/3D/sandbag/fbx/sandbag_bp_3.uasset" 7628
"F:/Unreal Projects/DDay_bp/Content/3D/sandbag/fbx/sandbag_bp_2.uasset" 7629
"F:/Unreal Projects/DDay_bp/Content/3D/sandbag/fbx/sandbag_bp_4.uasset" 7630
"F:/Unreal Projects/DDay_bp/Content/Effects/P_Concrete.uasset" 7631
"F:/Unreal Projects/DDay_bp/Content/3D/rock/rock3/rock3_var_1.uasset" 7632
"C:/Users/Librake/AppData/Local/UnrealEngine/Common/DerivedDataCache/Buckets/StaticMesh/d9/cb/91bd2a2ddf47c48eaed553718af35298f902.udd" 7633
"F:/Unreal Projects/DDay_bp/Content/3D/rock/rock3/rock3_var_2.uasset" 7634
"C:/Users/Librake/AppData/Local/UnrealEngine/Common/DerivedDataCache/Buckets/StaticMesh/63/71/54c185c4d49e8673712ffb54ae3a575442ef.udd" 7635
"F:/Unreal Projects/DDay_bp/Content/3D/rock/rock3/rock3_var_3.uasset" 7636
"F:/Unreal Projects/DDay_bp/Content/UI/Widgets/Menu/Cinematic.uasset" 7637
"C:/Users/Librake/AppData/Local/UnrealEngine/Common/DerivedDataCache/Buckets/LegacyDIST/d8/f6/f5d8ae4e9989c5b9591b8386c4ac16e3aa46.udd" 7638
"C:/Users/Librake/AppData/Local/UnrealEngine/Common/DerivedDataCache/Buckets/LegacyCARD/4a/d5/37eb2df3988ec85ea85910aacdf58d4731af.udd" 7639
"F:/Unreal Projects/DDay_bp/Content/Default/Cursor/FX_Cursor.uasset" 7640
"C:/Users/Librake/AppData/Local/UnrealEngine/Common/DerivedDataCache/Buckets/LegacyDIST/2a/21/1fdc3319c0040b5d2413da0f08a6419e707a.udd" 7641
"C:/Users/Librake/AppData/Local/UnrealEngine/Common/DerivedDataCache/Buckets/LegacyCARD/e4/58/581d24b9da36c15ab6ee3a8267b027a8e786.udd" 7642
"C:/Users/Librake/AppData/Local/UnrealEngine/Common/DerivedDataCache/Buckets/StaticMesh/58/ba/8d0a2ff9c1a28f43cbd5d10fa2ac35d07be0.udd" 7643
"C:/Users/Librake/AppData/Local/UnrealEngine/Common/DerivedDataCache/Buckets/LegacyChaosGeometryData/33/ff/7e91b0e3ea8fa70bd15d32b21b6214a6d153.udd" 7644
"C:/Users/Librake/AppData/Local/UnrealEngine/Common/DerivedDataCache/Buckets/LegacyDIST/bb/57/eebdf1042e19ba033c62c251885ad1b3e5d9.udd" 7645
"C:/Users/Librake/AppData/Local/UnrealEngine/Common/DerivedDataCache/Buckets/LegacyNavCollision/ab/f8/74cbf4cfbd1d2969564189517a11e288e8da.udd" 7646
"C:/Users/Librake/AppData/Local/UnrealEngine/Common/DerivedDataCache/Buckets/LegacyCARD/93/bd/dd203555d032ad089970741f9220c9dbee84.udd" 7647
"C:/Users/Librake/AppData/Local/UnrealEngine/Common/DerivedDataCache/Buckets/StaticMesh/26/74/01ec597664806867f0ab95aa207a181ae14e.udd" 7648
"C:/Users/Librake/AppData/Local/UnrealEngine/Common/DerivedDataCache/Buckets/StaticMesh/70/d3/a8a734e0b4680098300fcdd88f9cf17a26cd.udd" 7649
"C:/Users/Librake/AppData/Local/UnrealEngine/Common/DerivedDataCache/Buckets/LegacyDIST/4e/ac/6dae7abbc9d40506b7def827d7c013e9837c.udd" 7650
"C:/Users/Librake/AppData/Local/UnrealEngine/Common/DerivedDataCache/Buckets/LegacyNavCollision/58/c7/cc7a3d44f905c9e0a8a083d6c619e6ef12b5.udd" 7651
"C:/Users/Librake/AppData/Local/UnrealEngine/Common/DerivedDataCache/Buckets/LegacyCARD/df/63/1ac1ae3e0d23956b95facc98e606bc1c2b54.udd" 7652
"C:/Users/Librake/AppData/Local/UnrealEngine/Common/DerivedDataCache/Buckets/LegacyNavCollision/2d/a9/b14848a22863819dbc574276a9d3b99c13a5.udd" 7653
"C:/Users/Librake/AppData/Local/UnrealEngine/Common/DerivedDataCache/Buckets/LegacyChaosGeometryData/bc/c5/ddbea06e3c5328774ba5ce1ac943b0f91872.udd" 7654
"C:/Users/Librake/AppData/Local/UnrealEngine/Common/DerivedDataCache/Buckets/LegacyDIST/bf/30/5583e020aeec95e91cc231fb650fd2bab99f.udd" 7655
"C:/Users/Librake/AppData/Local/UnrealEngine/Common/DerivedDataCache/Buckets/LegacyCARD/6c/1e/9eab8dad325a2d980d0a6fe97e2dd9e1d82d.udd" 7656
"C:/Users/Librake/AppData/Local/UnrealEngine/Common/DerivedDataCache/Buckets/LegacyChaosGeometryData/95/a0/5091a85d1d23f20f5ba5e2bb7f5dcbc97c4d.udd" 7657
"C:/Users/Librake/AppData/Local/UnrealEngine/Common/DerivedDataCache/Buckets/LegacyNavCollision/45/04/07509aa6d95a121ac4cb1d4522815d23fd9e.udd" 7658
"C:/Users/Librake/AppData/Local/UnrealEngine/Common/DerivedDataCache/Buckets/StaticMesh/38/57/33fb860ef69469881a9b13b5e05bd9e1720d.udd" 7659
"C:/Users/Librake/AppData/Local/UnrealEngine/Common/DerivedDataCache/Buckets/LegacyDIST/e6/f6/a0635069d502cb6581bd981ef200585b8650.udd" 7660
"C:/Users/Librake/AppData/Local/UnrealEngine/Common/DerivedDataCache/Buckets/LegacyCARD/ab/31/c11cd2d7627a41e4b113ceecfcabb78beaf5.udd" 7661
"C:/Users/Librake/AppData/Local/UnrealEngine/Common/DerivedDataCache/Buckets/StaticMesh/59/97/36dfec8b2b88cf4a3b140a87312d705f4544.udd" 7662
"C:/Users/Librake/AppData/Local/UnrealEngine/Common/DerivedDataCache/Buckets/LegacyNavCollision/f2/49/a854ac8efafa9d7f9c4bc0f9a864458b658c.udd" 7663
"C:/Users/Librake/AppData/Local/UnrealEngine/Common/DerivedDataCache/Buckets/LegacyNavCollision/90/da/db413f8ddec29c755b21080f9428e584062c.udd" 7664
"C:/Users/Librake/AppData/Local/UnrealEngine/Common/DerivedDataCache/Buckets/LegacyDIST/a9/3f/4ec1899ca4bc5b64ced05e23997d2c0c0738.udd" 7665
"C:/Users/Librake/AppData/Local/UnrealEngine/Common/DerivedDataCache/Buckets/StaticMesh/76/46/0b75ebc571a1e921b93e73c568002bc68e20.udd" 7666
"C:/Users/Librake/AppData/Local/UnrealEngine/Common/DerivedDataCache/Buckets/LegacyCARD/ff/ba/210bba91b4775d17b0ddfd67ff342ab82633.udd" 7667
"C:/Users/Librake/AppData/Local/UnrealEngine/Common/DerivedDataCache/Buckets/LegacyDIST/75/91/a0eae6bdebb79bdfe51d53d6bea912bbe6c6.udd" 7668
"C:/Users/Librake/AppData/Local/UnrealEngine/Common/DerivedDataCache/Buckets/StaticMesh/5c/82/6b830dbc22cac3b73167ae5339177568ef6b.udd" 7669
"C:/Users/Librake/AppData/Local/UnrealEngine/Common/DerivedDataCache/Buckets/LegacyCARD/e5/e0/033c30e73850b508b95d4fc8fe4aa26416a2.udd" 7670
"C:/Users/Librake/AppData/Local/UnrealEngine/Common/DerivedDataCache/Buckets/LegacyDIST/e2/3a/7cf5273cabcd2ed9acba4e7b33e558859fff.udd" 7671
"C:/Users/Librake/AppData/Local/UnrealEngine/Common/DerivedDataCache/Buckets/LegacyNavCollision/16/a5/cc16ecbac034c7d2df8e4dbcbf8c12dd1793.udd" 7672
"C:/Users/Librake/AppData/Local/UnrealEngine/Common/DerivedDataCache/Buckets/LegacyCARD/64/5e/e6623d765cee3fe73cb4c6def2c79d0da67e.udd" 7673
"C:/Users/Librake/AppData/Local/UnrealEngine/Common/DerivedDataCache/Buckets/LegacyNavCollision/f2/9f/d5c7346fa5af2130a2cb1789c858298c5a47.udd" 7674
"C:/Users/Librake/AppData/Local/UnrealEngine/Common/DerivedDataCache/Buckets/LegacyNavCollision/4f/b1/6b92d63600b859454a9d19fa7bc4663dc35f.udd" 7675
"C:/Users/Librake/AppData/Local/UnrealEngine/Common/DerivedDataCache/Buckets/StaticMesh/6e/59/2de2de86502e44e59ff896e5cd3f26c30b62.udd" 7676
"C:/Users/Librake/AppData/Local/UnrealEngine/Common/DerivedDataCache/Buckets/StaticMesh/32/69/30c74a0a409ef50930ab4f42489405ed1673.udd" 7677
"C:/Users/Librake/AppData/Local/UnrealEngine/Common/DerivedDataCache/Buckets/LegacyDIST/e0/c4/d43053b56b8f1e71afdf74c4307a522182ae.udd" 7678
"C:/Users/Librake/AppData/Local/UnrealEngine/Common/DerivedDataCache/Buckets/LegacyDIST/01/81/562cedeab5d7395146653303f023d145b54b.udd" 7679
"C:/Users/Librake/AppData/Local/UnrealEngine/Common/DerivedDataCache/Buckets/LegacyCARD/e9/2c/cf376aeff71d30d9836ee4271008e38806ef.udd" 7680
"C:/Users/Librake/AppData/Local/UnrealEngine/Common/DerivedDataCache/Buckets/LegacyCARD/d0/ed/fd6023251ee21a3d943741c5eb940704e9ad.udd" 7681
"C:/Users/Librake/AppData/Local/UnrealEngine/Common/DerivedDataCache/Buckets/StaticMesh/64/80/acd715e400ca00bde2037759b553f34353ef.udd" 7682
"C:/Users/Librake/AppData/Local/UnrealEngine/Common/DerivedDataCache/Buckets/LegacyDIST/74/70/071f7115b364c30359ecddf0dccb35ba85b2.udd" 7683
"C:/Users/Librake/AppData/Local/UnrealEngine/Common/DerivedDataCache/Buckets/LegacyCARD/6a/89/6c72316b24c33dd9697e1cb4f0cbac9bdce3.udd" 7684
"C:/Users/Librake/AppData/Local/UnrealEngine/Common/DerivedDataCache/Buckets/LegacyNavCollision/b8/24/df3bad30002783581635c920d27524d56696.udd" 7685
"C:/Users/Librake/AppData/Local/UnrealEngine/Common/DerivedDataCache/Buckets/LegacyNavCollision/2c/5e/5cf14914575573bd869b501bad009e83ddca.udd" 7686
"C:/Users/Librake/AppData/Local/UnrealEngine/Common/DerivedDataCache/Buckets/LegacyNavCollision/b5/fd/19e4bcc903e1e4fef465a87d56c43c2d0145.udd" 7687
"C:/Users/Librake/AppData/Local/UnrealEngine/Common/DerivedDataCache/Buckets/LegacySKELETALMESH/4b/f7/be3decffe324dfbcb8c04a6772c32b4a7f77.udd" 7688
"C:/Users/Librake/AppData/Local/UnrealEngine/Common/DerivedDataCache/Buckets/LegacySKELETALMESH/8c/dc/d93a797ad58219eb7adfcab7cd5139c02142.udd" 7689
"C:/Users/Librake/AppData/Local/UnrealEngine/Common/DerivedDataCache/Buckets/StaticMesh/ac/c8/0e6d4e82ad4652f75f7b20b3c10ee03878e6.udd" 7690
"C:/Users/Librake/AppData/Local/UnrealEngine/Common/DerivedDataCache/Buckets/LegacyDIST/f2/66/2619a7ed67aef761a4131ca995767c485db7.udd" 7691
"C:/Users/Librake/AppData/Local/UnrealEngine/Common/DerivedDataCache/Buckets/LegacyCARD/d9/5f/d2a4aaaf31295a12708f842942690bd94850.udd" 7692
"C:/Users/Librake/AppData/Local/UnrealEngine/Common/DerivedDataCache/Buckets/LegacyNavCollision/8c/ec/77043543b2079a0be54167c31ea0fdc063d2.udd" 7693
"C:/Users/Librake/AppData/Local/UnrealEngine/Common/DerivedDataCache/Buckets/LegacySKELETALMESH/ce/dc/4239caa8f1664c1109e84f36be7dd0b6556e.udd" 7694
"C:/Users/Librake/AppData/Local/UnrealEngine/Common/DerivedDataCache/Buckets/LegacySKELETALMESH/ec/7b/932db418e4ca64930e9cb8d0c99eef3aa387.udd" 7695
"F:/Unreal Projects/DDay_bp/Content/3D/bonfire/bonfire_bp.uasset" 7696
"F:/Unreal Projects/DDay_bp/Content/3D/main_guy/Base_Mat/Enemy/Enemy_Rifleman_Inst.uasset" 7697
"F:/Unreal Projects/DDay_bp/Content/Effects/Hit3.uasset" 7698
"F:/Unreal Projects/DDay_bp/Content/3D/main_guy/Base_Mat/Ally/Ally_Trooper_Inst.uasset" 7699
"F:/Unreal Projects/DDay_bp/Content/Effects/Hit2.uasset" 7700
"F:/Unreal Projects/DDay_bp/Content/3D/main_guy/Base_Mat/Ally/Ally_Rifleman_Inst.uasset" 7701
"F:/Unreal Projects/DDay_bp/Content/3D/main_guy/Base_Mat/Ally/Ally_Shotguner_Inst.uasset" 7702
"F:/Unreal Projects/DDay_bp/Content/3D/main_guy/Base_Mat/Enemy/Enemy_Shotguner_Inst.uasset" 7703
"F:/Unreal Projects/DDay_bp/Content/3D/main_guy/Base_Mat/Enemy/Enemy_Trooper_Inst.uasset" 7704
"F:/Unreal Projects/DDay_bp/Content/Effects/blood_bp.uasset" 7705
"F:/Unreal Projects/DDay_bp/Content/3D/main_guy/Base_Mat/Ally/Ally_Tank_Inst.uasset" 7706
"F:/Unreal Projects/DDay_bp/Content/Effects/fire_start_bp.uasset" 7707
"F:/Unreal Projects/DDay_bp/Content/3D/main_guy/Main1/main.uasset" 7708
"F:/Unreal Projects/DDay_bp/Content/Anim/Move_anim/Move_anim.uasset" 7709
"F:/Unreal Projects/DDay_bp/Content/Effects/blast_bp.uasset" 7710
"F:/Unreal Projects/DDay_bp/Content/3D/main_guy/Main2/Main_rifle_lp_bone_down.uasset" 7711
"F:/Unreal Projects/DDay_bp/Content/3D/main_guy/Grenadier/grenadier_bone_down.uasset" 7712
"F:/Unreal Projects/DDay_bp/Content/3D/enemy/enemy1/enemy1_Man_lp.uasset" 7713
"F:/Unreal Projects/DDay_bp/Content/3D/enemy/Enemy_shotgunner/enemy_shotgunner.uasset" 7714
"F:/Unreal Projects/DDay_bp/Content/3D/main_guy/Tank_guy/Tank_guy_lp.uasset" 7715
"F:/Unreal Projects/DDay_bp/Content/3D/enemy/enemy2/enemy2_Man_lp.uasset" 7716
"../../../Engine/Content/EngineSounds/SFX.uasset" 7717
"../../../Engine/Content/EngineSounds/Special_Attack_PSM.uasset" 7718
"../../../Engine/Content/EngineSounds/Normal_Attack.uasset" 7719
"../../../Engine/Content/EngineSounds/Duck_Normal_Attack_MixMod.uasset" 7720
"F:/Unreal Projects/DDay_bp/Content/Sounds/Classes/MainSoundMix.uasset" 7721
"F:/Unreal Projects/DDay_bp/Content/Sounds/Shoting_Cue/Cannon_Cue.uasset" 7722
"F:/Unreal Projects/DDay_bp/Content/Sounds/Shoting_Cue/Tommy_Cue.uasset" 7723
"F:/Unreal Projects/DDay_bp/Content/Sounds/Hit_Sounds/hit_sound4_Cue.uasset" 7724
"F:/Unreal Projects/DDay_bp/Content/Sounds/Shoting_Cue/ally_rifle_sound_Cue.uasset" 7725
"F:/Unreal Projects/DDay_bp/Content/Sounds/Shoting_Cue/mp18_sound_Cue.uasset" 7726
"../../Plugins/FX/Niagara/Content/Modules/Solvers/SolveForcesAndVelocity.uasset" 7727
"../../Plugins/FX/Niagara/Content/Functions/DirectionAndLengthSafe.uasset" 7728
"../../Plugins/FX/Niagara/Content/Functions/Drag/DragVelocity.uasset" 7729
"../../Plugins/FX/Niagara/Content/Functions/Math/CentimeterMeterConversion.uasset" 7730
"../../Plugins/FX/Niagara/Content/Functions/Rotation/MultiplyVectorWithQuaternion.uasset" 7731
"../../Plugins/FX/Niagara/Content/Modules/Solvers/ApplyRotationVector.uasset" 7732
"../../Plugins/FX/Niagara/Content/Functions/Rotation/AxisAngleToQuaternion.uasset" 7733
"../../Plugins/FX/Niagara/Content/Functions/Rotation/MultiplyQuaternion.uasset" 7734
"../../Plugins/FX/Niagara/Content/Icons/Modules/T_Icon_Solver_LimitAccel.uasset" 7735
"../../Plugins/FX/Niagara/Content/Icons/Modules/T_Icon_Solver_LimitSpeed.uasset" 7736
"../../Plugins/FX/Niagara/Content/Icons/Modules/T_Icon_Solver_RotationalSolve.uasset" 7737
"C:/Users/Librake/AppData/Local/UnrealEngine/Common/DerivedDataCache/Buckets/BulkDataList/7a/29/455fd8dbaa79d0ada0bbfe661638667f8e61.udd" 7738
"C:/Users/Librake/AppData/Local/UnrealEngine/Common/DerivedDataCache/Buckets/BulkDataList/38/9b/245a15c1733e7dff4c2e5e767cbcddd954f1.udd" 7739
"C:/Users/Librake/AppData/Local/UnrealEngine/Common/DerivedDataCache/Buckets/BulkDataList/60/10/7e66cb36e92eaf8ef96cdaaedb9bc40f3ef1.udd" 7740
"F:/Unreal Projects/DDay_bp/Content/Sounds/Shoting_Cue/rifle_Cue.uasset" 7741
"C:/Users/Librake/AppData/Local/UnrealEngine/Common/DerivedDataCache/Buckets/LegacyNiagaraScriptDerivedData/ec/11/9239bc6d5eca37c557bf80524703da635121.udd" 7742
"C:/Users/Librake/AppData/Local/UnrealEngine/Common/DerivedDataCache/Buckets/LegacyNiagaraScriptDerivedData/7d/89/37306c86fa6a8606f31fbc63a05fac82bb99.udd" 7743
"C:/Users/Librake/AppData/Local/UnrealEngine/Common/DerivedDataCache/Buckets/LegacyNiagaraScriptDerivedData/6c/ed/09d06384fd56cbe80fa99e5760d434a26dda.udd" 7744
"C:/Users/Librake/AppData/Local/UnrealEngine/Common/DerivedDataCache/Buckets/LegacyNiagaraScriptDerivedData/62/0f/ba2dc8843f4459b147e06d68d2a08f96af4b.udd" 7745
"F:/Unreal Projects/DDay_bp/Content/Sounds/environment_Cue/Walkie_Talkie_Cue.uasset" 7746
"F:/Unreal Projects/DDay_bp/Content/Sounds/Shoting_Cue/Enemy_shotgun_sound_Cue.uasset" 7747
"F:/Unreal Projects/DDay_bp/Content/Sounds/Shoting_Cue/MachineGun_Cue.uasset" 7748
"F:/Unreal Projects/DDay_bp/Content/Sounds/Shoting_Cue/Shotgun_sound_Cue.uasset" 7749
"F:/Unreal Projects/DDay_bp/Content/Sounds/Shoting_Cue/Revolver_sound_Cue.uasset" 7750
"F:/Unreal Projects/DDay_bp/Content/Sounds/Shoting_Cue/MineExplosion_Cue.uasset" 7751
"F:/Unreal Projects/DDay_bp/Content/Sounds/Shoting_Cue/ShellExplosion_Cue.uasset" 7752
"F:/Unreal Projects/DDay_bp/Content/UI/Widgets/Aim/cursor_aim_advanced.uasset" 7753
"F:/Unreal Projects/DDay_bp/Content/Blueprints/System/DDay_Instance.uasset" 7754
"F:/Unreal Projects/DDay_bp/Content/Sounds/environment_Cue/Truck_riding_Cue.uasset" 7755
"F:/Unreal Projects/DDay_bp/Content/Blueprints/Arms/Gun.uasset" 7756
"F:/Unreal Projects/DDay_bp/Content/Blueprints/System/DDay_GameMode.uasset" 7757
"F:/Unreal Projects/DDay_bp/Content/Blueprints/Chars/Abstract/Base_Character.uasset" 7758
"C:/Users/Librake/AppData/Local/UnrealEngine/Common/DerivedDataCache/Buckets/LegacySKELETALMESH/d1/9c/9bc27de58f93f0a906431271eff75b6d92f8.udd" 7759
"F:/Unreal Projects/DDay_bp/Content/Blueprints/Chars/Clones/Clone_Main.uasset" 7760
"C:/Users/Librake/AppData/Local/UnrealEngine/Common/DerivedDataCache/Buckets/LegacySKELETALMESH/95/bc/56054efdc04fdffe9654776cd89e62677431.udd" 7761
"F:/Unreal Projects/DDay_bp/Content/Blueprints/Chars/Enemy_Character.uasset" 7762
"C:/Users/Librake/AppData/Local/UnrealEngine/Common/DerivedDataCache/Buckets/LegacySKELETALMESH/67/ef/8ac1f0f7904ac10c3da27e921af5deebe57c.udd" 7763
"F:/Unreal Projects/DDay_bp/Content/Blueprints/Navigation/Path_holder.uasset" 7764
"F:/Unreal Projects/DDay_bp/Content/Blueprints/recording/Black_Box.uasset" 7765
"C:/Users/Librake/AppData/Local/UnrealEngine/Common/DerivedDataCache/Buckets/LegacySKELETALMESH/56/df/d75c17cf256b18aa6860364c9eec1c3fe4a5.udd" 7766
"C:/Users/Librake/AppData/Local/UnrealEngine/Common/DerivedDataCache/Buckets/LegacySKELETALMESH/ac/96/dece24690f16b09ff6d37a50ef957fca1a4e.udd" 7767
"F:/Unreal Projects/DDay_bp/Content/Blueprints/System/Dead_NPC_Save.uasset" 7768
"C:/Users/Librake/AppData/Local/UnrealEngine/Common/DerivedDataCache/Buckets/LegacySKELETALMESH/90/9b/44b9c66550149249442c06d75a8b504394ff.udd" 7769
"F:/Unreal Projects/DDay_bp/Content/Blueprints/System/FunctionLibrary.uasset" 7770
"F:/Unreal Projects/DDay_bp/Content/UI/Widgets/Game/Death_Screen.uasset" 7771
"C:/Users/Librake/AppData/Local/UnrealEngine/Common/DerivedDataCache/Buckets/LegacySKELETALMESH/30/4b/f5f0faebb0af63be492c4a88af2c59eef27c.udd" 7772
"F:/Unreal Projects/DDay_bp/Content/3D/platforms/Tile.uasset" 7773
"C:/Users/Librake/AppData/Local/UnrealEngine/Common/DerivedDataCache/Buckets/LegacySKELETALMESH/29/ed/153e2315f305f0054083536a293003638f5f.udd" 7774
"F:/Unreal Projects/DDay_bp/Content/Blueprints/System/DDayMacroLibrary.uasset" 7775
"F:/Unreal Projects/DDay_bp/Content/3D/platforms/Default_Platform_bp.uasset" 7776
"F:/Unreal Projects/DDay_bp/Content/3D/platforms/Hidable.uasset" 7777
"F:/Unreal Projects/DDay_bp/Content/Blueprints/Logics/Hide_Area.uasset" 7778
"F:/Unreal Projects/DDay_bp/Content/3D/platforms/Def_platform_BP/explosion_bp.uasset" 7779
"F:/Unreal Projects/DDay_bp/Content/3D/platforms/Tile_2/Flat/Flat.uasset" 7780
"F:/Unreal Projects/DDay_bp/Content/3D/platforms/Tile_2.uasset" 7781
"F:/Unreal Projects/DDay_bp/Content/3D/platforms/Tile_2/Other/Other_Platform.uasset" 7782
"F:/Unreal Projects/DDay_bp/Content/Blueprints/System/Grid_Fixator.uasset" 7783
"F:/Unreal Projects/DDay_bp/Content/Anim/MoveAnim_BP.uasset" 7784
"F:/Unreal Projects/DDay_bp/Content/Data/structs/Units_Link.uasset" 7785
"F:/Unreal Projects/DDay_bp/Content/Blueprints/Chars/Ally_NPC.uasset" 7786
"F:/Unreal Projects/DDay_bp/Content/Blueprints/Chars/Abstract/Ally_Character.uasset" 7787
"F:/Unreal Projects/DDay_bp/Content/Blueprints/Arms/Player_guns/Auto_Gun_Ally.uasset" 7788
"F:/Unreal Projects/DDay_bp/Content/3D/platforms/Tile_2/Trench/Trench.uasset" 7789
"F:/Unreal Projects/DDay_bp/Content/Blueprints/Arms/Shells/Shell.uasset" 7790
"F:/Unreal Projects/DDay_bp/Content/Blueprints/Controllers/Clone_Ai_Controller.uasset" 7791
"F:/Unreal Projects/DDay_bp/Content/Blueprints/Chars/Components/Laser_Aim.uasset" 7792
"F:/Unreal Projects/DDay_bp/Content/Blueprints/Arms/Enemy_Rifle.uasset" 7793
"F:/Unreal Projects/DDay_bp/Content/Blueprints/Arms/Ally_Rifle.uasset" 7794
"F:/Unreal Projects/DDay_bp/Content/Blueprints/Arms/Shells/Rifle_Shell.uasset" 7795
"F:/Unreal Projects/DDay_bp/Content/Blueprints/Arms/?artridges/Cartridge_Rifle.uasset" 7796
"F:/Unreal Projects/DDay_bp/Content/Blueprints/Arms/?artridges/Cartridge.uasset" 7797
"F:/Unreal Projects/DDay_bp/Content/Blueprints/Chars/Players/Player_Main.uasset" 7798
"F:/Unreal Projects/DDay_bp/Content/Blueprints/Controllers/DDay_Player_Controller.uasset" 7799
"F:/Unreal Projects/DDay_bp/Content/Blueprints/Chars/Components/Fixed_Spectator_Pawn.uasset" 7800
"F:/Unreal Projects/DDay_bp/Content/Blueprints/Chars/Players/Invisible_Player.uasset" 7801
"F:/Unreal Projects/DDay_bp/Content/Blueprints/Navigation/Grid_Navigator.uasset" 7802
"F:/Unreal Projects/DDay_bp/Content/Blueprints/Controllers/Player_AI_Controller.uasset" 7803
"F:/Unreal Projects/DDay_bp/Content/Blueprints/Controllers/DDay_Controller.uasset" 7804
"F:/Unreal Projects/DDay_bp/Content/Blueprints/Navigation/Grid_Walker.uasset" 7805
"F:/Unreal Projects/DDay_bp/Content/3D/platforms/Tile_2/Trench/Trench_Up.uasset" 7806
"F:/Unreal Projects/DDay_bp/Content/Blueprints/Logics/Checkpoint.uasset" 7807
"F:/Unreal Projects/DDay_bp/Content/Blueprints/Logics/Actions/Action_Component.uasset" 7808
"F:/Unreal Projects/DDay_bp/Content/Blueprints/Logics/Counter.uasset" 7809
"F:/Unreal Projects/DDay_bp/Content/Blueprints/Logics/Components/Trigger.uasset" 7810
"F:/Unreal Projects/DDay_bp/Content/Blueprints/Logics/Components/Actioner.uasset" 7811
"F:/Unreal Projects/DDay_bp/Content/Blueprints/Logics/Actions/Disable_Action.uasset" 7812
"F:/Unreal Projects/DDay_bp/Content/Blueprints/Logics/Actions/Group_Action.uasset" 7813
"F:/Unreal Projects/DDay_bp/Content/Blueprints/Logics/Action_Group.uasset" 7814
"F:/Unreal Projects/DDay_bp/Content/Blueprints/Logics/Components/Action_Starter.uasset" 7815
"F:/Unreal Projects/DDay_bp/Content/Blueprints/Logics/Actions/MultyGroup_Action.uasset" 7816
"F:/Unreal Projects/DDay_bp/Content/Blueprints/Logics/Actions/Trigger_Action.uasset" 7817
"F:/Unreal Projects/DDay_bp/Content/Blueprints/Logics/Actions/Trigger_And_Action.uasset" 7818
"F:/Unreal Projects/DDay_bp/Content/Blueprints/Logics/Components/Player_Spawn.uasset" 7819
"F:/Unreal Projects/DDay_bp/Content/Blueprints/Logics/NPC_Target_Area.uasset" 7820
"F:/Unreal Projects/DDay_bp/Content/Blueprints/System/Instance_Saver.uasset" 7821
"F:/Unreal Projects/DDay_bp/Content/Blueprints/Vehicles/Components/Vehicle_Entrace.uasset" 7822
"F:/Unreal Projects/DDay_bp/Content/Blueprints/Vehicles/Components/Vehicle_Module.uasset" 7823
"F:/Unreal Projects/DDay_bp/Content/Blueprints/Vehicles/Components/Vehicle_Seat.uasset" 7824
"F:/Unreal Projects/DDay_bp/Content/Blueprints/Vehicles/Vehicle.uasset" 7825
"F:/Unreal Projects/DDay_bp/Content/Blueprints/Vehicles/Components/Vehicle_Worker.uasset" 7826
"F:/Unreal Projects/DDay_bp/Content/Blueprints/Vehicles/Components/Vehicle_Worker_State.uasset" 7827
"F:/Unreal Projects/DDay_bp/Content/Data/Units_Links.uasset" 7828
"F:/Unreal Projects/DDay_bp/Content/Blueprints/Arms/AutoGun_Reload_Ally.uasset" 7829
"F:/Unreal Projects/DDay_bp/Content/Blueprints/Arms/AutoGun_Reload_MP-40.uasset" 7830
"F:/Unreal Projects/DDay_bp/Content/Blueprints/Arms/Revolver.uasset" 7831
"F:/Unreal Projects/DDay_bp/Content/Blueprints/Arms/ShotGun.uasset" 7832
"F:/Unreal Projects/DDay_bp/Content/Blueprints/Arms/Shells/pellet_shell.uasset" 7833
"F:/Unreal Projects/DDay_bp/Content/Blueprints/Chars/Ally_NPC_Shotguner.uasset" 7834
"F:/Unreal Projects/DDay_bp/Content/Blueprints/Chars/Ally_NPC_Tank.uasset" 7835
"F:/Unreal Projects/DDay_bp/Content/Blueprints/Chars/Ally_NPC_Trooper.uasset" 7836
"F:/Unreal Projects/DDay_bp/Content/Blueprints/Chars/Clones/Clone_RifleMan.uasset" 7837
"F:/Unreal Projects/DDay_bp/Content/Blueprints/Arms/Player_guns/Ally_Rifle_Player.uasset" 7838
"F:/Unreal Projects/DDay_bp/Content/Blueprints/Chars/Clones/Clone_Shotguner.uasset" 7839
"F:/Unreal Projects/DDay_bp/Content/Blueprints/Chars/Clones/Clone_Tank.uasset" 7840
"F:/Unreal Projects/DDay_bp/Content/Blueprints/Chars/Enemy_MachineGun.uasset" 7841
"F:/Unreal Projects/DDay_bp/Content/Blueprints/Arms/Machine_Gun.uasset" 7842
"F:/Unreal Projects/DDay_bp/Content/Blueprints/Arms/Shells/Dumb_Shell.uasset" 7843
"F:/Unreal Projects/DDay_bp/Content/Blueprints/Chars/Enemy_Shotguner.uasset" 7844
"F:/Unreal Projects/DDay_bp/Content/Blueprints/Arms/Enemy_ShotGun.uasset" 7845
"F:/Unreal Projects/DDay_bp/Content/Blueprints/Chars/Enemy_Trooper.uasset" 7846
"F:/Unreal Projects/DDay_bp/Content/Blueprints/Chars/Players/Player_RifleMan.uasset" 7847
"F:/Unreal Projects/DDay_bp/Content/Blueprints/Chars/Players/Player_Shotguner.uasset" 7848
"F:/Unreal Projects/DDay_bp/Content/Blueprints/Chars/Players/Tank_Character.uasset" 7849
"F:/Unreal Projects/DDay_bp/Content/Data/structs/Guns.uasset" 7850
"F:/Unreal Projects/DDay_bp/Content/UI/Widgets/Aim/cursor_aim_ranged.uasset" 7851
"F:/Unreal Projects/DDay_bp/Content/UI/Widgets/Aim/Aim_hit_marker.uasset" 7852
"F:/Unreal Projects/DDay_bp/Content/UI/Widgets/Game/Select_Unit.uasset" 7853
"F:/Unreal Projects/DDay_bp/Content/UI/Widgets/Game/Unit_Info_Graph.uasset" 7854
"F:/Unreal Projects/DDay_bp/Content/UI/Widgets/Game/Loading.uasset" 7855
"F:/Unreal Projects/DDay_bp/Content/Blueprints/Chars/Components/Ai_Character.uasset" 7856
"F:/Unreal Projects/DDay_bp/Content/Blueprints/Chars/Components/Sway_Component.uasset" 7857
"F:/Unreal Projects/DDay_bp/Content/Blueprints/Controllers/NPC_Ai_Controller.uasset" 7858
"F:/Unreal Projects/DDay_bp/Content/Blueprints/Chars/Components/Aim_component.uasset" 7859
"F:/Unreal Projects/DDay_bp/Content/Blueprints/Vehicles/Stationary_Gun.uasset" 7860
"F:/Unreal Projects/DDay_bp/Content/Blueprints/Navigation/Path_manager.uasset" 7861
"F:/Unreal Projects/DDay_bp/Content/Blueprints/Logics/Components/Spawners.uasset" 7862
"F:/Unreal Projects/DDay_bp/Content/Data/structs/Cartridge_Settings.uasset" 7863
"F:/Unreal Projects/DDay_bp/Content/3D/platforms/Tile_2/Slope/Slope.uasset" 7864
"F:/Unreal Projects/DDay_bp/Content/Blueprints/System/Dialog_component.uasset" 7865
"F:/Unreal Projects/DDay_bp/Content/Data/structs/Dialog_info.uasset" 7866
"F:/Unreal Projects/DDay_bp/Content/Blueprints/Logics/Components/Progress_Component.uasset" 7867
"F:/Unreal Projects/DDay_bp/Content/UI/Widgets/Game/Born_Screen.uasset" 7868
"F:/Unreal Projects/DDay_bp/Content/UI/Widgets/Game/Dialog_UI.uasset" 7869
"F:/Unreal Projects/DDay_bp/Content/UI/Widgets/Game/Level_End_Widget.uasset" 7870
"F:/Unreal Projects/DDay_bp/Content/UI/Widgets/Game/Pause_widget.uasset" 7871
"F:/Unreal Projects/DDay_bp/Content/UI/Widgets/Game/Stats_UI.uasset" 7872
"F:/Unreal Projects/DDay_bp/Content/UI/Widgets/Game/HP_Bar.uasset" 7873
"F:/Unreal Projects/DDay_bp/Content/UI/Widgets/Game/Progress_Length.uasset" 7874
"F:/Unreal Projects/DDay_bp/Content/UI/Widgets/Game/Unit_Count_Stats.uasset" 7875
"F:/Unreal Projects/DDay_bp/Content/UI/Widgets/Game/Unit_Icon.uasset" 7876
"F:/Unreal Projects/DDay_bp/Content/3D/platforms/Def_platform_BP/Platform_Dirt_bp.uasset" 7877
"F:/Unreal Projects/DDay_bp/Content/3D/platforms/Walls/Wall_Platform.uasset" 7878
"F:/Unreal Projects/DDay_bp/Content/Data/structs/Tile_Sequence_Chain.uasset" 7879
"F:/Unreal Projects/DDay_bp/Content/Blueprints/Logics/Light/Light_Manager.uasset" 7880
"F:/Unreal Projects/DDay_bp/Content/Blueprints/Logics/Artillery_Field.uasset" 7881
"F:/Unreal Projects/DDay_bp/Content/Blueprints/Logics/Components/Vibooh.uasset" 7882
"F:/Unreal Projects/DDay_bp/Content/3D/platforms/Walls/Deep_trench_wall1.uasset" 7883
"F:/Unreal Projects/DDay_bp/Content/Blueprints/Chars/Players/Main_Character.uasset" 7884
"F:/Unreal Projects/DDay_bp/Content/Blueprints/Logics/Aim_Blocker.uasset" 7885
"F:/Unreal Projects/DDay_bp/Content/3D/platforms/Tile_2/Trench/Trench_1_Wall.uasset" 7886
"F:/Unreal Projects/DDay_bp/Content/3D/platforms/Tile_2/Trench/Trench_Base.uasset" 7887
"F:/Unreal Projects/DDay_bp/Content/3D/platforms/Tile_2/Trench/Trench_Corner.uasset" 7888
"F:/Unreal Projects/DDay_bp/Content/3D/platforms/Tile_2/Trench/Trench_End.uasset" 7889
"F:/Unreal Projects/DDay_bp/Content/Blueprints/Logics/Actions/Checkpoint_Action.uasset" 7890
"F:/Unreal Projects/DDay_bp/Content/Blueprints/Logics/Actions/Delete_Action.uasset" 7891
"F:/Unreal Projects/DDay_bp/Content/Blueprints/Logics/Actions/Dialog_Action.uasset" 7892
"F:/Unreal Projects/DDay_bp/Content/Blueprints/Logics/Actions/Loose_Game_Action.uasset" 7893
"F:/Unreal Projects/DDay_bp/Content/Blueprints/Logics/Actions/Sound_Action.uasset" 7894
"F:/Unreal Projects/DDay_bp/Content/Blueprints/Logics/Actions/Win_Game_Action.uasset" 7895
"F:/Unreal Projects/DDay_bp/Content/Blueprints/Logics/Actions/CutScene_Action.uasset" 7896
"F:/Unreal Projects/DDay_bp/Content/Blueprints/Vehicles/St_Forward_MachineGun.uasset" 7897
"F:/Unreal Projects/DDay_bp/Content/Blueprints/Logics/Old/NPC_Spawn.uasset" 7898
"F:/Unreal Projects/DDay_bp/Content/3D/platforms/Def_platform_BP/Bridge_BP.uasset" 7899
"F:/Unreal Projects/DDay_bp/Content/3D/platforms/Def_platform_BP/Platform_Gray_water_BP1.uasset" 7900
"F:/Unreal Projects/DDay_bp/Content/3D/platforms/Def_platform_BP/Platform_Dirt_Grass_bp.uasset" 7901
"F:/Unreal Projects/DDay_bp/Content/UI/Widgets/Menu/Load_Settings_Output.uasset" 7902
"F:/Unreal Projects/DDay_bp/Content/3D/platforms/Def_platform_BP/Platform_Grass_bp.uasset" 7903
"F:/Unreal Projects/DDay_bp/Content/Blueprints/Logics/Mines_bp.uasset" 7904
"F:/Unreal Projects/DDay_bp/Content/3D/platforms/Tile_2/Slope/Slope_Corner_In.uasset" 7905
"F:/Unreal Projects/DDay_bp/Content/Blueprints/Arms/Shells/Art_Shell.uasset" 7906
"F:/Unreal Projects/DDay_bp/Content/3D/platforms/Def_platform_BP/Platform_Water2_bp.uasset" 7907
"F:/Unreal Projects/DDay_bp/Content/3D/platforms/Wall.uasset" 7908
"F:/Unreal Projects/DDay_bp/Content/3D/platforms/Hill_BP/UPDOWN_BP/updown_dirt_BP.uasset" 7909
"F:/Unreal Projects/DDay_bp/Content/3D/platforms/Def_platform_BP/Platform_Water_bp.uasset" 7910
"F:/Unreal Projects/DDay_bp/Content/3D/platforms/Tile_2/Slope/Slope_Corner_Out.uasset" 7911
"F:/Unreal Projects/DDay_bp/Content/3D/platforms/Walls/Deep_trench_corner_in.uasset" 7912
"F:/Unreal Projects/DDay_bp/Content/3D/platforms/Walls/Deep_trench_wall1_sandbag.uasset" 7913
"F:/Unreal Projects/DDay_bp/Content/3D/platforms/Walls/Deep_trench_wall2.uasset" 7914
"F:/Unreal Projects/DDay_bp/Content/Blueprints/Vehicles/MachineGun_Emplacement.uasset" 7915
"F:/Unreal Projects/DDay_bp/Content/Blueprints/Logics/Old/Dialog_box_trigger.uasset" 7916
"F:/Unreal Projects/DDay_bp/Content/3D/platforms/Def_platform_BP/Platform_gray_dirt_BPP.uasset" 7917
"F:/Unreal Projects/DDay_bp/Content/3D/platforms/Hill_BP/CORNER_BP/corner_dirt_BP.uasset" 7918
"F:/Unreal Projects/DDay_bp/Content/3D/platforms/Hill_BP/UPDOWN_BP/updown_dirt_grass_BP.uasset" 7919
"F:/Unreal Projects/DDay_bp/Content/Blueprints/Logics/Actions/Spawn_Action.uasset" 7920
"F:/Unreal Projects/DDay_bp/Content/3D/platforms/Hill_BP/CORNER_2_BP/corner_2_dirt_BP.uasset" 7921
"F:/Unreal Projects/DDay_bp/Content/Blueprints/Logics/Artillery.uasset" 7922
"F:/Unreal Projects/DDay_bp/Content/Blueprints/Logics/Kill_Zone.uasset" 7923
"F:/Unreal Projects/DDay_bp/Content/3D/platforms/Walls/Deep_trench_wall2_sandbag.uasset" 7924
"F:/Unreal Projects/DDay_bp/Content/Blueprints/Logics/NPC_Spawn_Advanced.uasset" 7925
"F:/Unreal Projects/DDay_bp/Content/3D/platforms/Hill_BP/UPDOWN_BP/updown_grass_BP.uasset" 7926
"F:/Unreal Projects/DDay_bp/Content/3D/platforms/Hill_BP/CORNER_BP/corner_dirt_grass_BP1.uasset" 7927
"F:/Unreal Projects/DDay_bp/Content/3D/platforms/Hill_BP/CORNER_BP/corner_grass_BP1.uasset" 7928
"F:/Unreal Projects/DDay_bp/Content/3D/platforms/Hill_BP/CORNER_BP/corner_gray_dirt_BP1.uasset" 7929
"F:/Unreal Projects/DDay_bp/Content/3D/platforms/Hill_BP/CORNER_2_BP/corner_2_dirt_grass_BP.uasset" 7930
"F:/Unreal Projects/DDay_bp/Content/Blueprints/Logics/Actions/Artillery_Action.uasset" 7931
"F:/Unreal Projects/DDay_bp/Content/3D/platforms/Hill_BP/UPDOWN_BP/updown_gray_dirt_BP.uasset" 7932
"F:/Unreal Projects/DDay_bp/Content/3D/platforms/Hill_BP/CORNER_2_BP/corner_2_grass_BP.uasset" 7933
"F:/Unreal Projects/DDay_bp/Content/3D/platforms/Hill_BP/UPDOWN_BP/updown_gray_water_BP.uasset" 7934
"../../../Engine/Content/EngineSounds/Submixes/MasterReverbSubmixDefault.uasset" 7935
"../../../Engine/Content/EngineSounds/Submixes/MasterEQSubmixDefault.uasset" 7936
"F:/Unreal Projects/DDay_bp/Content/Blueprints/Logics/Base.uasset" 7937
"../../../Engine/Content/EngineSounds/Submixes/MasterSubmixDefault.uasset" 7938
"F:/Unreal Projects/DDay_bp/Content/Anim/Flag_anim_bp.uasset" 7939
"F:/Unreal Projects/DDay_bp/Content/Maps/MAIN_LEVEL.umap" 7940
"F:/Unreal Projects/DDay_bp/Content/Blueprints/Logics/Actions/Base_Capture_Action.uasset" 7941
"F:/Unreal Projects/DDay_bp/Content/Maps/Menu_Lvl.umap" 7942
"F:/Unreal Projects/DDay_bp/Content/3D/truck/Truck_bp.uasset" 7943
"F:/Unreal Projects/DDay_bp/Content/3D/truck/Truck_Anim_bp.uasset" 7944
"F:/Unreal Projects/DDay_bp/Content/Maps/Level_2.umap" 7945
"F:/Unreal Projects/DDay_bp/Content/UI/Widgets/Menu/Preloading.uasset" 7946
"F:/Unreal Projects/DDay_bp/Content/UI/Widgets/Menu/Level_button.uasset" 7947
"F:/Unreal Projects/DDay_bp/Content/UI/Widgets/Menu/Level_choose_menu_release.uasset" 7948
"F:/Unreal Projects/DDay_bp/Content/UI/Widgets/Menu/Main_Menu_bp.uasset" 7949
"F:/Unreal Projects/DDay_bp/Content/UI/Widgets/Menu/Settings_Screen.uasset" 7950
"F:/Unreal Projects/DDay_bp/Content/Blueprints/System/Utilities/World_Utilities/Base_Utility.uasset" 7951
"../../../Engine/Content/EngineMaterials/EditorBrushMaterial.uasset" 7952
"F:/Unreal Projects/DDay_bp/Content/Blueprints/System/Utilities/World_Utilities/Copy_Path_Utility.uasset" 7953
"F:/Unreal Projects/DDay_bp/Content/Blueprints/System/Utilities/World_Utilities/Editor_Draw_Utility.uasset" 7954
"../../../Engine/Content/EditorResources/EmptyActor.uasset" 7955
"C:/Users/Librake/AppData/Local/UnrealEngine/Common/DerivedDataCache/Buckets/BulkDataList/eb/0f/0fecf47b6fa4c87bbe9b0112c5fc0844eb51.udd" 7956
"../../../Engine/Content/EditorResources/AudioIcons/S_AudioComponent_AutoActivate.uasset" 7957
"C:/Users/Librake/AppData/Local/UnrealEngine/Common/DerivedDataCache/Buckets/BulkDataList/13/b6/635227e7b05f8db110776af129ec579f5d09.udd" 7958
"../../../Engine/Content/EditorMaterials/Cloth/CameraLitDoubleSided.uasset" 7959
"../../../Engine/Content/EditorMaterials/WidgetVertexColorMaterial.uasset" 7960
"../../../Engine/Content/EditorResources/LightIcons/S_LightError.uasset" 7961
"C:/Users/Librake/AppData/Local/UnrealEngine/Common/DerivedDataCache/Buckets/BulkDataList/52/84/c4fec8b7b4c51114634a3111854d9053238a.udd" 7962
